{"elements":[{"from":[8.137311,7.992293,7.5182223],"to":[8.165882,8.0208645,8.0410795],"rotation":{"angle":0.0,"axis":"y","origin":[8.0,7.9999723,7.999977]},"faces":{"south":{"uv":[8.10025,8.749875,16.0,8.10025],"rotation":0,"texture":"#6","tintindex":0},"north":{"uv":[8.10025,8.749875,16.0,8.10025],"rotation":0,"texture":"#6","tintindex":0},"down":{"uv":[8.10025,8.749875,16.0,8.10025],"rotation":0,"texture":"#6","tintindex":0},"east":{"uv":[8.10025,8.749875,16.0,8.10025],"rotation":0,"texture":"#6","tintindex":0},"west":{"uv":[8.10025,8.749875,16.0,8.10025],"rotation":0,"texture":"#6","tintindex":0},"up":{"uv":[8.10025,8.749875,16.0,8.10025],"rotation":0,"texture":"#6","tintindex":0}}}],"textures":{"6":"modelengine:entity/piedrapulida"},"display":{"head":{"translation":[0.0,-6.4,0.0],"scale":[4.0,4.0,4.0]}}}