{"elements":[{"from":[7.2873926,6.3885713,6.854428],"to":[7.9388213,8.811429,9.277286],"rotation":{"angle":0.0,"axis":"x","origin":[8.0,8.0,8.0]},"faces":{"south":{"uv":[0.0,0.160401,16.0,7.93985],"rotation":0,"texture":"#6","tintindex":0},"north":{"uv":[0.0,0.0,16.0,7.93985],"rotation":0,"texture":"#6","tintindex":0},"down":{"uv":[0.0,0.0802005,16.0,7.93985],"rotation":0,"texture":"#6","tintindex":0},"east":{"uv":[0.0,0.0,16.0,7.93985],"rotation":0,"texture":"#6","tintindex":0},"west":{"uv":[0.0,6.857143,16.0,7.93985],"rotation":0,"texture":"#6","tintindex":0},"up":{"uv":[0.0,0.160401,16.0,8.10025],"rotation":270,"texture":"#6","tintindex":0}}},{"from":[6.6016784,7.6457143,6.511571],"to":[7.71025,9.154285,9.734428],"rotation":{"angle":0.0,"axis":"x","origin":[8.0,8.0,8.0]},"faces":{"south":{"uv":[0.0,0.160401,16.0,7.93985],"rotation":0,"texture":"#6","tintindex":0},"north":{"uv":[0.0,0.0,16.0,7.93985],"rotation":0,"texture":"#6","tintindex":0},"down":{"uv":[0.0,0.0,16.0,7.93985],"rotation":0,"texture":"#6","tintindex":0},"east":{"uv":[0.0,0.0,16.0,7.93985],"rotation":0,"texture":"#6","tintindex":0},"west":{"uv":[6.817043,14.957394,0.0,13.914787],"rotation":0,"texture":"#6","tintindex":0},"up":{"uv":[0.0,0.0,16.0,8.10025],"rotation":270,"texture":"#6","tintindex":0}}},{"from":[6.6016784,6.217143,6.511571],"to":[7.71025,7.6685715,9.734428],"rotation":{"angle":0.0,"axis":"x","origin":[8.0,6.285714,8.0]},"faces":{"south":{"uv":[0.0,0.0,16.0,7.93985],"rotation":0,"texture":"#6","tintindex":0},"north":{"uv":[0.0,1.0827068,16.0,7.93985],"rotation":0,"texture":"#6","tintindex":0},"down":{"uv":[0.0,0.120300755,16.0,7.93985],"rotation":0,"texture":"#6","tintindex":0},"east":{"uv":[0.0,0.0,16.0,7.93985],"rotation":0,"texture":"#6","tintindex":0},"west":{"uv":[6.817043,14.957394,0.0,13.914787],"rotation":0,"texture":"#6","tintindex":0},"up":{"uv":[0.0,0.0,16.0,8.10025],"rotation":270,"texture":"#6","tintindex":0}}},{"from":[6.3876,8.331429,6.4356284],"to":[7.153314,9.268572,9.715629],"rotation":{"angle":0.0,"axis":"x","origin":[8.0,7.9428573,7.885714]},"faces":{"south":{"uv":[0.0,0.0,16.0,7.93985],"rotation":0,"texture":"#6","tintindex":0},"north":{"uv":[0.0,0.0,16.0,7.93985],"rotation":0,"texture":"#6","tintindex":0},"down":{"uv":[0.0,0.0,16.0,7.93985],"rotation":0,"texture":"#6","tintindex":0},"east":{"uv":[0.0,0.0,16.0,7.93985],"rotation":0,"texture":"#6","tintindex":0},"west":{"uv":[15.037594,0.0,1.0025063,7.5789475],"rotation":0,"texture":"#6","tintindex":0},"up":{"uv":[0.0,0.0,16.0,8.10025],"rotation":270,"texture":"#6","tintindex":0}}},{"from":[6.83025,6.3885713,6.854428],"to":[7.4816785,8.811429,9.277286],"rotation":{"angle":0.0,"axis":"x","origin":[8.0,8.0,8.0]},"faces":{"south":{"uv":[0.0,0.0,16.0,7.93985],"rotation":0,"texture":"#6","tintindex":0},"north":{"uv":[0.0,0.0,16.0,7.93985],"rotation":0,"texture":"#6","tintindex":0},"down":{"uv":[0.0,0.0,16.0,7.93985],"rotation":0,"texture":"#6","tintindex":0},"east":{"uv":[0.0,0.0,16.0,7.93985],"rotation":0,"texture":"#6","tintindex":0},"west":{"uv":[7.7794485,9.223058,7.378446,11.749373],"rotation":0,"texture":"#6","tintindex":0},"up":{"uv":[0.0,0.0,16.0,8.10025],"rotation":270,"texture":"#6","tintindex":0}}},{"from":[6.3876166,5.9314284,6.4356337],"to":[7.153331,6.8685713,9.82992],"rotation":{"angle":0.0,"axis":"x","origin":[7.714286,8.457143,7.6571426]},"faces":{"south":{"uv":[0.0,0.0,16.0,7.93985],"rotation":0,"texture":"#6","tintindex":0},"north":{"uv":[0.0,0.0,16.0,7.93985],"rotation":0,"texture":"#6","tintindex":0},"down":{"uv":[1.0025063,7.859649,14.917294,1.1629072],"rotation":90,"texture":"#6","tintindex":0},"east":{"uv":[0.0,0.0,16.0,7.93985],"rotation":0,"texture":"#6","tintindex":0},"west":{"uv":[14.756892,7.418546,0.0,0.0],"rotation":0,"texture":"#6","tintindex":0},"up":{"uv":[0.0,0.0,16.0,8.10025],"rotation":270,"texture":"#6","tintindex":0}}}],"textures":{"6":"modelengine:entity/piedrapulida"},"display":{"head":{"translation":[0.0,-6.4,0.0],"scale":[4.0,4.0,4.0]}}}