{"elements":[{"from":[0.11428547,8.457143,-2.0571432],"to":[0.742857,10.457143,-0.05714321],"rotation":{"angle":0.0,"axis":"y","origin":[0.42857122,9.457143,-1.0571432]},"faces":{"south":{"uv":[11.654021,374.23196,167.04082,304.0924],"rotation":90,"texture":"#missing","tintindex":0},"north":{"uv":[7.7325244,373.9156,160.01158,306.6739],"rotation":270,"texture":"#missing","tintindex":0},"down":{"uv":[11.086967,303.93686,165.23067,380.79892],"rotation":90,"texture":"#missing","tintindex":0},"east":{"uv":[341.6959,169.31183,165.69698,345.98663],"rotation":0,"texture":"#missing","tintindex":0},"west":{"uv":[188.40668,3.0477989,0.0,183.29651],"rotation":0,"texture":"#missing","tintindex":0},"up":{"uv":[165.68321,310.07465,7.7325244,375.21863],"rotation":90,"texture":"#missing","tintindex":0}}},{"from":[-0.011428833,8.845715,-1.6685715],"to":[9.668571,10.068571,-0.44571495],"rotation":{"angle":0.0,"axis":"y","origin":[2.228571,8.0,8.0]},"faces":{"south":{"uv":[95.291214,222.24542,294.02127,267.8228],"rotation":0,"texture":"#missing","tintindex":0},"north":{"uv":[93.04617,221.09958,293.74924,269.54],"rotation":180,"texture":"#missing","tintindex":0},"down":{"uv":[92.404305,220.63087,294.5626,270.47894],"rotation":0,"texture":"#missing","tintindex":0},"east":{"uv":[175.75426,302.9763,215.34828,352.223],"rotation":90,"texture":"#missing","tintindex":0},"west":{"uv":[176.34555,304.0751,215.53137,352.54944],"rotation":270,"texture":"#missing","tintindex":0},"up":{"uv":[92.634796,220.5399,294.7885,268.88278],"rotation":0,"texture":"#missing","tintindex":0}}}],"textures":{},"display":{"head":{"translation":[0.0,-6.4,0.0],"scale":[4.0,4.0,4.0]}}}