{"elements":[{"from":[7.257143,7.6571426,5.028571],"to":[7.885714,9.657143,7.028571],"rotation":{"angle":0.0,"axis":"y","origin":[7.5714283,8.657143,6.028571]},"faces":{"south":{"uv":[8.546282,307.66632,163.93307,377.80585],"rotation":90,"texture":"#missing","tintindex":0},"north":{"uv":[7.7325244,308.38315,160.01158,375.62485],"rotation":270,"texture":"#missing","tintindex":0},"down":{"uv":[10.310033,370.5434,164.45374,313.1047],"rotation":90,"texture":"#missing","tintindex":0},"east":{"uv":[0.0,3.0477989,188.40668,183.29651],"rotation":0,"texture":"#missing","tintindex":0},"west":{"uv":[165.69698,169.31183,341.6959,345.98663],"rotation":0,"texture":"#missing","tintindex":0},"up":{"uv":[165.68321,375.21863,7.7325244,310.07465],"rotation":90,"texture":"#missing","tintindex":0}}}],"textures":{},"display":{"head":{"translation":[0.0,-6.4,0.0],"scale":[4.0,4.0,4.0]}}}