{"elements":[{"from":[-1.3828573,7.8742857,3.074285],"to":[8.297143,9.097143,4.297143],"rotation":{"angle":0.0,"axis":"y","origin":[0.85714245,7.028571,12.742857]},"faces":{"south":{"uv":[95.291214,222.24542,294.02127,267.8228],"rotation":0,"texture":"#missing","tintindex":0},"north":{"uv":[93.04617,221.09958,293.74924,269.54],"rotation":180,"texture":"#missing","tintindex":0},"down":{"uv":[92.404305,220.63087,294.5626,270.47894],"rotation":0,"texture":"#missing","tintindex":0},"east":{"uv":[175.75426,302.9763,215.34828,352.223],"rotation":90,"texture":"#missing","tintindex":0},"west":{"uv":[176.34555,304.0751,215.53137,352.54944],"rotation":270,"texture":"#missing","tintindex":0},"up":{"uv":[92.634796,220.5399,294.7885,268.88278],"rotation":0,"texture":"#missing","tintindex":0}}},{"from":[7.6,7.4857144,-14.914286],"to":[8.228572,9.485714,-12.914286],"rotation":{"angle":0.0,"axis":"y","origin":[7.9142857,8.485714,-13.914286]},"faces":{"south":{"uv":[8.546282,307.66632,163.93307,377.80585],"rotation":90,"texture":"#missing","tintindex":0},"north":{"uv":[7.7325244,308.38315,160.01158,375.62485],"rotation":270,"texture":"#missing","tintindex":0},"down":{"uv":[10.310033,370.5434,164.45374,313.1047],"rotation":90,"texture":"#missing","tintindex":0},"east":{"uv":[0.0,3.0477989,188.40668,183.29651],"rotation":0,"texture":"#missing","tintindex":0},"west":{"uv":[165.69698,169.31183,341.6959,345.98663],"rotation":0,"texture":"#missing","tintindex":0},"up":{"uv":[165.68321,375.21863,7.7325244,310.07465],"rotation":90,"texture":"#missing","tintindex":0}}}],"textures":{},"display":{"head":{"translation":[0.0,-6.4,0.0],"scale":[4.0,4.0,4.0]}}}