{"elements":[{"from":[8.102858,13.921152,10.1162815],"to":[13.040001,15.144011,11.339138],"rotation":{"angle":0.0,"axis":"y","origin":[10.457143,14.514286,10.742857]},"faces":{"south":{"uv":[92.32431,221.50084,290.95544,263.126],"rotation":0,"texture":"#missing","tintindex":0},"north":{"uv":[92.97581,221.50084,290.95544,263.126],"rotation":0,"texture":"#missing","tintindex":0},"down":{"uv":[92.32431,221.50084,290.95544,263.126],"rotation":0,"texture":"#missing","tintindex":0},"east":{"uv":[177.70874,304.70084,215.68837,351.57632],"rotation":0,"texture":"#missing","tintindex":0},"west":{"uv":[176.61382,304.8799,214.81747,351.69208],"rotation":180,"texture":"#missing","tintindex":0},"up":{"uv":[92.32431,221.50084,290.95544,263.126],"rotation":0,"texture":"#missing","tintindex":0}}}],"textures":{},"display":{"head":{"translation":[0.0,-6.4,0.0],"scale":[4.0,4.0,4.0]}}}