{"elements":[{"from":[7.3790474,8.826667,9.712381],"to":[8.544762,9.935238,13.56381],"rotation":{"angle":0.0,"axis":"y","origin":[7.9619045,9.380953,11.638096]},"faces":{"south":{"uv":[176.15349,303.4526,216.02069,352.7216],"rotation":270,"texture":"#missing","tintindex":0},"north":{"uv":[176.20786,303.49478,215.9872,352.74396],"rotation":270,"texture":"#missing","tintindex":0},"down":{"uv":[92.021065,220.63087,262.16614,269.49576],"rotation":270,"texture":"#missing","tintindex":0},"east":{"uv":[92.20934,221.50084,262.8644,269.60266],"rotation":0,"texture":"#missing","tintindex":0},"west":{"uv":[92.03417,220.33858,262.03186,269.25854],"rotation":180,"texture":"#missing","tintindex":0},"up":{"uv":[92.251564,220.5399,262.30942,269.4002],"rotation":270,"texture":"#missing","tintindex":0}}},{"from":[4.293333,8.826667,2.340952],"to":[5.5161905,10.106667,13.678096],"rotation":{"angle":0.0,"axis":"y","origin":[4.904762,9.466667,8.009523]},"faces":{"south":{"uv":[176.15349,303.4526,216.02069,352.7216],"rotation":270,"texture":"#missing","tintindex":0},"north":{"uv":[176.20786,303.49478,215.9872,352.74396],"rotation":270,"texture":"#missing","tintindex":0},"down":{"uv":[92.021065,220.63087,294.3961,269.49576],"rotation":270,"texture":"#missing","tintindex":0},"east":{"uv":[92.20934,221.50084,295.09436,269.60266],"rotation":0,"texture":"#missing","tintindex":0},"west":{"uv":[92.03417,220.33858,294.26178,269.25854],"rotation":180,"texture":"#missing","tintindex":0},"up":{"uv":[93.7845,220.5399,294.53937,269.4002],"rotation":270,"texture":"#missing","tintindex":0}}},{"from":[10.464762,8.798096,2.3123803],"to":[11.687619,10.078095,13.706667],"rotation":{"angle":0.0,"axis":"y","origin":[11.076191,9.438095,8.009523]},"faces":{"south":{"uv":[176.15349,303.4526,216.02069,352.7216],"rotation":270,"texture":"#missing","tintindex":0},"north":{"uv":[176.20786,303.49478,215.9872,352.74396],"rotation":270,"texture":"#missing","tintindex":0},"down":{"uv":[92.021065,220.63087,294.3961,269.49576],"rotation":270,"texture":"#missing","tintindex":0},"east":{"uv":[92.20934,221.50084,295.09436,269.60266],"rotation":0,"texture":"#missing","tintindex":0},"west":{"uv":[92.03417,220.33858,294.26178,269.25854],"rotation":180,"texture":"#missing","tintindex":0},"up":{"uv":[93.7845,220.5399,294.53937,269.4002],"rotation":270,"texture":"#missing","tintindex":0}}}],"textures":{},"display":{"head":{"translation":[0.0,-6.4,0.0],"scale":[4.0,4.0,4.0]}}}