{"elements":[{"from":[4.217143,7.4457145,3.8885713],"to":[5.4399996,8.725715,12.540001],"rotation":{"angle":0.0,"axis":"y","origin":[12.765722,11.857143,4.651948]},"faces":{"south":{"uv":[176.15349,303.4526,216.02069,352.7216],"rotation":270,"texture":"#missing","tintindex":0},"north":{"uv":[176.20786,303.49478,215.9872,352.74396],"rotation":270,"texture":"#missing","tintindex":0},"down":{"uv":[92.021065,220.63087,294.3961,269.49576],"rotation":270,"texture":"#missing","tintindex":0},"east":{"uv":[92.20934,221.50084,295.09436,269.60266],"rotation":0,"texture":"#missing","tintindex":0},"west":{"uv":[92.03417,220.33858,294.26178,269.25854],"rotation":180,"texture":"#missing","tintindex":0},"up":{"uv":[92.251564,220.5399,294.53937,269.4002],"rotation":270,"texture":"#missing","tintindex":0}}},{"from":[10.388572,7.274286,3.8314285],"to":[11.611429,8.554286,12.540001],"rotation":{"angle":0.0,"axis":"y","origin":[18.937153,11.857143,4.594805]},"faces":{"south":{"uv":[176.15349,303.4526,216.02069,352.7216],"rotation":270,"texture":"#missing","tintindex":0},"north":{"uv":[176.20786,303.49478,215.9872,352.74396],"rotation":270,"texture":"#missing","tintindex":0},"down":{"uv":[92.021065,220.63087,294.3961,269.49576],"rotation":270,"texture":"#missing","tintindex":0},"east":{"uv":[92.20934,221.50084,295.09436,269.60266],"rotation":0,"texture":"#missing","tintindex":0},"west":{"uv":[92.03417,220.33858,294.26178,269.25854],"rotation":180,"texture":"#missing","tintindex":0},"up":{"uv":[93.7845,220.5399,294.53937,269.4002],"rotation":270,"texture":"#missing","tintindex":0}}}],"textures":{},"display":{"head":{"translation":[0.0,-6.4,0.0],"scale":[4.0,4.0,4.0]}}}