{"textures":{"2":"modelengine:entity/2020_11_11_soldado-medieval-15732645"},"elements":[{"from":[3.12,7.9199996,4.72],"to":[12.4800005,23.28,9.68],"faces":{"east":{"uv":[6.975,7.9875,8.0125,4.996875],"tintindex":0,"rotation":0,"texture":"#2"},"south":{"uv":[9.99375,4.9875,8.025,7.971875],"tintindex":0,"rotation":0,"texture":"#2"},"north":{"uv":[5.0125,4.9875,6.96875,8.0],"tintindex":0,"rotation":0,"texture":"#2"},"west":{"uv":[5.00625,5.0125,3.99375,7.971875],"tintindex":0,"rotation":0,"texture":"#2"},"up":{"uv":[3.95625,2.0375,1.9875,0.0],"tintindex":0,"rotation":0,"texture":"#2"},"down":{"uv":[6.0,1.9625,4.00625,0.0],"tintindex":0,"rotation":0,"texture":"#2"}}}],"display":{"gui":{"rotation":[30,225,0]}}}