{"textures":{"2":"modelengine:entity/2020_11_11_soldado-medieval-15732645"},"elements":[{"from":[3.52,5.520001,2.88],"to":[12.08,19.680002,12.400001],"faces":{"east":{"uv":[0.0,0.0,2.015625,1.740625],"tintindex":0,"rotation":0,"texture":"#2"},"south":{"uv":[0.0,0.0,1.065625,1.965625],"tintindex":0,"rotation":0,"texture":"#2"},"north":{"uv":[9.996875,1.9875,11.9875,3.978125],"tintindex":0,"rotation":0,"texture":"#2"},"west":{"uv":[0.0,0.0,1.640625,1.528125],"tintindex":0,"rotation":0,"texture":"#2"},"up":{"uv":[7.990625,0.0,10.03125,1.715625],"tintindex":0,"rotation":0,"texture":"#2"},"down":{"uv":[10.109375,0.0,12.0,1.615625],"tintindex":0,"rotation":0,"texture":"#2"}}},{"from":[3.52,7.9200006,3.12],"to":[12.08,16.480001,12.360001],"faces":{"east":{"uv":[4.025,2.0375,6.040625,4.003125],"tintindex":0,"rotation":0,"texture":"#2"},"south":{"uv":[6.06875,2.0625,7.959375,3.978125],"tintindex":0,"rotation":0,"texture":"#2"},"north":{"uv":[2.0375,1.9875,4.003125,4.003125],"tintindex":0,"rotation":0,"texture":"#2"},"west":{"uv":[0.0,2.0625,2.065625,4.003125],"tintindex":0,"rotation":0,"texture":"#2"},"up":{"uv":[2.03125,0.0375,3.946875,1.953125],"tintindex":0,"rotation":0,"texture":"#2"},"down":{"uv":[2.25,0.0,4.040625,1.890625],"tintindex":0,"rotation":0,"texture":"#2"}}},{"from":[3.54,7.9200006,2.8839998],"to":[12.06,16.460001,12.444],"faces":{"east":{"uv":[4.025,2.0375,6.040625,4.003125],"tintindex":0,"rotation":0,"texture":"#2"},"south":{"uv":[6.06875,2.0625,7.959375,3.928125],"tintindex":0,"rotation":0,"texture":"#2"},"north":{"uv":[14.034375,3.5,16.0,5.515625],"tintindex":0,"rotation":0,"texture":"#2"},"west":{"uv":[0.0,2.0625,2.065625,4.003125],"tintindex":0,"rotation":0,"texture":"#2"},"up":{"uv":[2.03125,0.0375,3.946875,1.953125],"tintindex":0,"rotation":0,"texture":"#2"},"down":{"uv":[2.25,0.0,4.040625,1.890625],"tintindex":0,"rotation":0,"texture":"#2"}}}],"display":{"gui":{"rotation":[30,225,0]}}}