{"textures":{"2":"modelengine:entity/2020_11_11_soldado-medieval-15732645"},"elements":[{"from":[7.6000004,1.1999397,5.193019],"to":[11.76,8.399939,9.5930195],"faces":{"east":{"uv":[8.95,13.0,8.025,14.525],"tintindex":0,"rotation":0,"texture":"#2"},"south":{"uv":[11.975,12.975,11.0,14.5],"tintindex":0,"rotation":0,"texture":"#2"},"north":{"uv":[10.0,13.0,8.975,14.525],"tintindex":0,"rotation":0,"texture":"#2"},"west":{"uv":[11.0,12.975,10.025,14.5],"tintindex":0,"rotation":0,"texture":"#2"},"up":{"uv":[9.0,12.975,10.025,12.0],"tintindex":0,"rotation":0,"texture":"#2"},"down":{"uv":[10.025,12.0,11.0,12.975],"tintindex":0,"rotation":0,"texture":"#2"}}}],"display":{"gui":{"rotation":[30,225,0]}}}