{"elements":[{"from":[7.9927773,8.094955,7.5094104],"to":[8.021349,8.123528,8.023696],"rotation":{"angle":45.0,"axis":"x","origin":[7.8285713,8.057143,8.0]},"faces":{"south":{"uv":[8.10025,8.749875,16.0,8.10025],"rotation":0,"texture":"#9","tintindex":0},"north":{"uv":[8.10025,8.749875,16.0,8.10025],"rotation":0,"texture":"#9","tintindex":0},"down":{"uv":[8.10025,8.749875,16.0,8.10025],"rotation":0,"texture":"#9","tintindex":0},"east":{"uv":[8.10025,8.749875,16.0,8.10025],"rotation":0,"texture":"#9","tintindex":0},"west":{"uv":[8.10025,8.749875,16.0,8.10025],"rotation":0,"texture":"#9","tintindex":0},"up":{"uv":[8.10025,8.749875,16.0,8.10025],"rotation":0,"texture":"#9","tintindex":0}}}],"textures":{"9":"modelengine:entity/ladrillopiedramctextura"},"display":{"head":{"translation":[0.0,-6.4,0.0],"scale":[4.0,4.0,4.0]}}}