{"elements":[{"from":[8.062753,7.9993176,7.4853034],"to":[8.091324,8.027889,8.011018],"rotation":{"angle":-22.5,"axis":"x","origin":[8.0,7.983879,8.015316]},"faces":{"south":{"uv":[8.10025,8.749875,16.0,8.10025],"rotation":0,"texture":"#9","tintindex":0},"north":{"uv":[8.10025,8.749875,16.0,8.10025],"rotation":0,"texture":"#9","tintindex":0},"down":{"uv":[8.10025,8.749875,16.0,8.10025],"rotation":0,"texture":"#9","tintindex":0},"east":{"uv":[8.10025,8.749875,16.0,8.10025],"rotation":0,"texture":"#9","tintindex":0},"west":{"uv":[8.10025,8.749875,16.0,8.10025],"rotation":0,"texture":"#9","tintindex":0},"up":{"uv":[8.10025,8.749875,16.0,8.10025],"rotation":0,"texture":"#9","tintindex":0}}}],"textures":{"9":"modelengine:entity/ladrillopiedramctextura"},"display":{"head":{"translation":[0.0,-6.4,0.0],"scale":[4.0,4.0,4.0]}}}