{"elements":[{"from":[8.2,9.9473715,7.5244036],"to":[8.257143,10.175942,7.5872607],"rotation":{"angle":0.0,"axis":"x","origin":[8.0,10.188805,7.5592284]},"faces":{"south":{"uv":[2.171709,1.183339,0.9375,1.4337233],"rotation":270,"texture":"#7","tintindex":0},"north":{"uv":[0.375,0.2947988,1.535839,0.5161458],"rotation":270,"texture":"#7","tintindex":0},"down":{"uv":[1.9608389,0.6375,0.8,0.862111],"rotation":270,"texture":"#7","tintindex":0},"east":{"uv":[1.5625,0.5286649,2.7233388,0.3],"rotation":270,"texture":"#7","tintindex":0},"west":{"uv":[0.775,1.6828258,1.936638,1.470839],"rotation":270,"texture":"#7","tintindex":0},"up":{"uv":[1.5327997,0.2875,0.375,0.514101],"rotation":270,"texture":"#7","tintindex":0}}},{"from":[8.142858,9.858192,7.2291317],"to":[8.314285,10.143908,7.349132],"rotation":{"angle":-45.0,"axis":"x","origin":[8.4,10.228572,7.3142858]},"faces":{"south":{"uv":[2.546709,0.52083904,1.3125,0.77122337],"rotation":270,"texture":"#7","tintindex":0},"north":{"uv":[0.0,0.5947988,1.383847,3.1643877],"rotation":180,"texture":"#7","tintindex":0},"down":{"uv":[2.1608388,0.2625,1.0,0.48711097],"rotation":270,"texture":"#7","tintindex":0},"east":{"uv":[0.0,0.5947988,1.383847,3.1293876],"rotation":180,"texture":"#7","tintindex":0},"west":{"uv":[0.0,0.5947988,1.383847,3.1293876],"rotation":180,"texture":"#7","tintindex":0},"up":{"uv":[1.5327997,0.2875,0.375,0.514101],"rotation":270,"texture":"#7","tintindex":0}}},{"from":[8.131429,9.795794,7.4449425],"to":[8.188571,9.967221,7.473514],"rotation":{"angle":0.0,"axis":"y","origin":[8.4,9.085714,8.0]},"faces":{"south":{"uv":[0.0,0.0125,13.465664,1.0345864],"rotation":0,"texture":"#9","tintindex":0},"north":{"uv":[0.0,0.0125,13.465664,1.0345864],"rotation":0,"texture":"#9","tintindex":0},"down":{"uv":[0.0,0.003125,13.465664,1.0345864],"rotation":0,"texture":"#9","tintindex":0},"east":{"uv":[0.0,0.0125,13.465664,1.0345864],"rotation":0,"texture":"#9","tintindex":0},"west":{"uv":[0.0,0.0125,13.465664,1.0345864],"rotation":0,"texture":"#9","tintindex":0},"up":{"uv":[0.0,0.003125,13.465664,1.0345864],"rotation":0,"texture":"#9","tintindex":0}}},{"from":[8.274285,9.795794,7.4449425],"to":[8.331429,9.967221,7.473514],"rotation":{"angle":0.0,"axis":"y","origin":[8.4,9.085714,8.0]},"faces":{"south":{"uv":[0.0,0.0125,13.465664,1.0345864],"rotation":0,"texture":"#9","tintindex":0},"north":{"uv":[0.0,0.0125,13.465664,1.0345864],"rotation":0,"texture":"#9","tintindex":0},"down":{"uv":[0.0,0.003125,13.465664,1.0345864],"rotation":0,"texture":"#9","tintindex":0},"east":{"uv":[0.0,0.0125,13.465664,1.0345864],"rotation":0,"texture":"#9","tintindex":0},"west":{"uv":[0.0,0.0125,13.465664,1.0345864],"rotation":0,"texture":"#9","tintindex":0},"up":{"uv":[0.0,0.003125,13.465664,1.0345864],"rotation":0,"texture":"#9","tintindex":0}}},{"from":[9.73865,7.668804,7.4449425],"to":[9.795794,7.868804,7.473514],"rotation":{"angle":45.0,"axis":"z","origin":[8.0,8.0,8.0]},"faces":{"south":{"uv":[0.0,0.20498121,13.465664,1.0345864],"rotation":0,"texture":"#9","tintindex":0},"north":{"uv":[0.0,0.20498121,13.465664,1.0345864],"rotation":0,"texture":"#9","tintindex":0},"down":{"uv":[0.0,0.1956062,13.465664,1.0345864],"rotation":0,"texture":"#9","tintindex":0},"east":{"uv":[0.0,0.20498121,13.465664,1.0345864],"rotation":0,"texture":"#9","tintindex":0},"west":{"uv":[0.0,0.20498121,13.465664,1.0345864],"rotation":0,"texture":"#9","tintindex":0},"up":{"uv":[0.0,0.1956062,13.465664,1.0345864],"rotation":0,"texture":"#9","tintindex":0}}},{"from":[9.910079,7.668804,7.4449425],"to":[9.967221,7.868804,7.473514],"rotation":{"angle":45.0,"axis":"z","origin":[8.0,8.0,8.0]},"faces":{"south":{"uv":[0.0641604,0.056610275,13.465664,1.0345864],"rotation":0,"texture":"#9","tintindex":0},"north":{"uv":[0.04010025,0.056610275,13.465664,1.0345864],"rotation":0,"texture":"#9","tintindex":0},"down":{"uv":[0.07619048,0.047235277,13.465664,1.0345864],"rotation":0,"texture":"#9","tintindex":0},"east":{"uv":[0.0802005,0.056610275,13.465664,1.0345864],"rotation":0,"texture":"#9","tintindex":0},"west":{"uv":[0.0802005,0.056610275,13.465664,1.0345864],"rotation":0,"texture":"#9","tintindex":0},"up":{"uv":[0.0802005,0.047235277,13.465664,1.0345864],"rotation":0,"texture":"#9","tintindex":0}}}],"textures":{"7":"modelengine:entity/proyecto nuevo (2)","9":"modelengine:entity/ladrillopiedramctextura"},"display":{"head":{"translation":[0.0,-6.4,0.0],"scale":[4.0,4.0,4.0]}}}