{"elements":[{"from":[8.245714,7.4473944,8.111564],"to":[8.274285,7.475966,8.188706],"rotation":{"angle":0.0,"axis":"x","origin":[8.0,8.057143,10.0]},"faces":{"south":{"uv":[8.10025,8.10025,16.0,8.749875],"rotation":0,"texture":"#9","tintindex":0},"north":{"uv":[8.10025,8.10025,16.0,8.749875],"rotation":0,"texture":"#9","tintindex":0},"down":{"uv":[8.10025,8.10025,16.0,8.749875],"rotation":0,"texture":"#9","tintindex":0},"east":{"uv":[8.10025,8.10025,16.0,8.749875],"rotation":0,"texture":"#9","tintindex":0},"west":{"uv":[8.10025,8.10025,16.0,8.749875],"rotation":0,"texture":"#9","tintindex":0},"up":{"uv":[8.10025,8.10025,16.0,8.749875],"rotation":0,"texture":"#9","tintindex":0}}},{"from":[8.245714,9.942722,9.361753],"to":[8.274285,9.971293,9.418896],"rotation":{"angle":-45.0,"axis":"x","origin":[8.0,8.057143,10.0]},"faces":{"south":{"uv":[8.10025,8.10025,16.0,8.749875],"rotation":0,"texture":"#9","tintindex":0},"north":{"uv":[8.10025,8.10025,16.0,8.749875],"rotation":0,"texture":"#9","tintindex":0},"down":{"uv":[8.10025,8.10025,16.0,8.749875],"rotation":0,"texture":"#9","tintindex":0},"east":{"uv":[8.10025,8.10025,16.0,8.749875],"rotation":0,"texture":"#9","tintindex":0},"west":{"uv":[8.10025,8.10025,16.0,8.749875],"rotation":0,"texture":"#9","tintindex":0},"up":{"uv":[8.10025,8.10025,16.0,8.749875],"rotation":0,"texture":"#9","tintindex":0}}}],"textures":{"9":"modelengine:entity/ladrillopiedramctextura"},"display":{"head":{"translation":[0.0,-6.4,0.0],"scale":[4.0,4.0,4.0]}}}