{"elements":[{"from":[8.541386,10.878103,5.3599997],"to":[13.649958,12.100961,6.582857],"rotation":{"angle":22.5,"axis":"x","origin":[8.495671,12.146675,6.5142856]},"faces":{"south":{"uv":[92.32431,221.50084,223.73628,263.126],"rotation":0,"texture":"#missing","tintindex":0},"north":{"uv":[92.97581,221.50084,223.73628,263.126],"rotation":0,"texture":"#missing","tintindex":0},"down":{"uv":[92.32431,221.50084,223.73628,263.126],"rotation":0,"texture":"#missing","tintindex":0},"east":{"uv":[177.70874,304.70084,215.68837,351.57632],"rotation":0,"texture":"#missing","tintindex":0},"west":{"uv":[176.61382,304.8799,214.81747,351.69208],"rotation":180,"texture":"#missing","tintindex":0},"up":{"uv":[92.32431,221.50084,223.73628,263.126],"rotation":0,"texture":"#missing","tintindex":0}}},{"from":[7.4556713,7.8781033,8.845715],"to":[8.678528,19.272388,10.068571],"rotation":{"angle":0.0,"axis":"y","origin":[9.809957,6.6038175,9.542857]},"faces":{"south":{"uv":[92.20934,221.50084,294.32788,269.60266],"rotation":0,"texture":"#missing","tintindex":0},"north":{"uv":[92.20934,221.50084,295.09436,269.60266],"rotation":0,"texture":"#missing","tintindex":0},"down":{"uv":[92.20934,221.50084,295.09436,269.60266],"rotation":0,"texture":"#missing","tintindex":0},"east":{"uv":[177.70874,304.70084,215.68837,351.57632],"rotation":0,"texture":"#missing","tintindex":0},"west":{"uv":[176.61382,304.8799,214.81747,351.69208],"rotation":180,"texture":"#missing","tintindex":0},"up":{"uv":[92.20934,221.50084,295.09436,269.60266],"rotation":0,"texture":"#missing","tintindex":0}}},{"from":[13.559999,7.36,2.302857],"to":[14.782858,8.64,23.640001],"rotation":{"angle":0.0,"axis":"y","origin":[14.171429,8.0,8.0]},"faces":{"south":{"uv":[176.15349,303.4526,216.02069,352.7216],"rotation":270,"texture":"#missing","tintindex":0},"north":{"uv":[176.20786,303.49478,215.9872,352.74396],"rotation":270,"texture":"#missing","tintindex":0},"down":{"uv":[92.021065,220.63087,294.3961,269.49576],"rotation":270,"texture":"#missing","tintindex":0},"east":{"uv":[92.20934,221.50084,295.09436,269.60266],"rotation":0,"texture":"#missing","tintindex":0},"west":{"uv":[92.03417,220.33858,294.26178,269.25854],"rotation":180,"texture":"#missing","tintindex":0},"up":{"uv":[93.7845,220.5399,294.53937,269.4002],"rotation":270,"texture":"#missing","tintindex":0}}},{"from":[13.569957,7.8781033,8.845715],"to":[14.792814,19.272388,10.068571],"rotation":{"angle":0.0,"axis":"y","origin":[15.924242,6.6038175,9.542857]},"faces":{"south":{"uv":[92.20934,221.50084,294.32788,269.60266],"rotation":0,"texture":"#missing","tintindex":0},"north":{"uv":[92.20934,221.50084,295.09436,269.60266],"rotation":0,"texture":"#missing","tintindex":0},"down":{"uv":[92.20934,221.50084,295.09436,269.60266],"rotation":0,"texture":"#missing","tintindex":0},"east":{"uv":[177.70874,304.70084,215.68837,351.57632],"rotation":0,"texture":"#missing","tintindex":0},"west":{"uv":[176.61382,304.8799,214.81747,351.69208],"rotation":180,"texture":"#missing","tintindex":0},"up":{"uv":[92.20934,221.50084,295.09436,269.60266],"rotation":0,"texture":"#missing","tintindex":0}}},{"from":[8.588572,7.36,22.417143],"to":[13.640001,8.662857,23.640001],"rotation":{"angle":0.0,"axis":"y","origin":[9.2,8.0,28.114286]},"faces":{"south":{"uv":[176.15349,303.4526,216.02069,352.7216],"rotation":270,"texture":"#missing","tintindex":0},"north":{"uv":[176.20786,303.49478,215.9872,352.74396],"rotation":270,"texture":"#missing","tintindex":0},"down":{"uv":[92.021065,220.63087,294.3961,269.49576],"rotation":270,"texture":"#missing","tintindex":0},"east":{"uv":[92.20934,221.50084,295.09436,269.60266],"rotation":0,"texture":"#missing","tintindex":0},"west":{"uv":[92.03417,220.33858,294.26178,269.25854],"rotation":180,"texture":"#missing","tintindex":0},"up":{"uv":[93.7845,220.5399,294.53937,269.4002],"rotation":270,"texture":"#missing","tintindex":0}}},{"from":[6.255671,7.392389,20.902859],"to":[15.935671,8.615246,22.125715],"rotation":{"angle":0.0,"axis":"y","origin":[8.495671,6.5466743,30.57143]},"faces":{"south":{"uv":[95.291214,222.24542,294.02127,267.8228],"rotation":0,"texture":"#missing","tintindex":0},"north":{"uv":[93.04617,221.09958,293.74924,269.54],"rotation":180,"texture":"#missing","tintindex":0},"down":{"uv":[92.404305,220.63087,294.5626,270.47894],"rotation":0,"texture":"#missing","tintindex":0},"east":{"uv":[175.75426,302.9763,215.34828,352.223],"rotation":90,"texture":"#missing","tintindex":0},"west":{"uv":[176.34555,304.0751,215.53137,352.54944],"rotation":270,"texture":"#missing","tintindex":0},"up":{"uv":[92.634796,220.5399,294.7885,268.88278],"rotation":0,"texture":"#missing","tintindex":0}}},{"from":[6.3242426,7.0038176,2.9142857],"to":[6.952814,9.003818,4.9142857],"rotation":{"angle":0.0,"axis":"y","origin":[6.6385283,8.003818,3.9142857]},"faces":{"south":{"uv":[11.654021,375.9412,167.04082,305.80167],"rotation":90,"texture":"#missing","tintindex":0},"north":{"uv":[7.7325244,373.9156,160.01158,301.54614],"rotation":270,"texture":"#missing","tintindex":0},"down":{"uv":[11.086967,303.93686,165.23067,380.79892],"rotation":90,"texture":"#missing","tintindex":0},"east":{"uv":[341.6959,169.31183,165.69698,345.98663],"rotation":0,"texture":"#missing","tintindex":0},"west":{"uv":[188.40668,3.0477989,0.0,183.29651],"rotation":0,"texture":"#missing","tintindex":0},"up":{"uv":[165.68321,306.65616,7.7325244,381.97794],"rotation":90,"texture":"#missing","tintindex":0}}},{"from":[10.474286,7.36,8.76],"to":[11.697143,8.64,23.640001],"rotation":{"angle":0.0,"axis":"y","origin":[11.085714,8.0,8.0]},"faces":{"south":{"uv":[176.15349,303.4526,216.02069,352.7216],"rotation":270,"texture":"#missing","tintindex":0},"north":{"uv":[176.20786,303.49478,215.9872,352.74396],"rotation":270,"texture":"#missing","tintindex":0},"down":{"uv":[92.021065,220.63087,294.3961,269.49576],"rotation":270,"texture":"#missing","tintindex":0},"east":{"uv":[92.20934,221.50084,295.09436,269.60266],"rotation":0,"texture":"#missing","tintindex":0},"west":{"uv":[92.03417,220.33858,294.26178,269.25854],"rotation":180,"texture":"#missing","tintindex":0},"up":{"uv":[93.7845,220.5399,294.53937,269.4002],"rotation":270,"texture":"#missing","tintindex":0}}},{"from":[10.484242,7.8781033,8.845715],"to":[11.7071,12.015246,10.068571],"rotation":{"angle":0.0,"axis":"y","origin":[12.838529,6.6038175,9.542857]},"faces":{"south":{"uv":[92.20934,221.50084,294.32788,269.60266],"rotation":0,"texture":"#missing","tintindex":0},"north":{"uv":[92.20934,221.50084,295.09436,269.60266],"rotation":0,"texture":"#missing","tintindex":0},"down":{"uv":[92.20934,221.50084,295.09436,269.60266],"rotation":0,"texture":"#missing","tintindex":0},"east":{"uv":[177.70874,304.70084,215.68837,351.57632],"rotation":0,"texture":"#missing","tintindex":0},"west":{"uv":[176.61382,304.8799,214.81747,351.69208],"rotation":180,"texture":"#missing","tintindex":0},"up":{"uv":[92.20934,221.50084,295.09436,269.60266],"rotation":0,"texture":"#missing","tintindex":0}}},{"from":[7.4556713,8.335246,3.302857],"to":[8.678528,19.729532,4.525714],"rotation":{"angle":22.5,"axis":"x","origin":[9.809957,7.0609603,4.0]},"faces":{"south":{"uv":[92.20934,221.50084,294.32788,269.60266],"rotation":0,"texture":"#missing","tintindex":0},"north":{"uv":[92.20934,221.50084,295.09436,269.60266],"rotation":0,"texture":"#missing","tintindex":0},"down":{"uv":[92.20934,221.50084,295.09436,269.60266],"rotation":0,"texture":"#missing","tintindex":0},"east":{"uv":[177.70874,304.70084,215.68837,351.57632],"rotation":0,"texture":"#missing","tintindex":0},"west":{"uv":[176.61382,304.8799,214.81747,351.69208],"rotation":180,"texture":"#missing","tintindex":0},"up":{"uv":[92.20934,221.50084,295.09436,269.60266],"rotation":0,"texture":"#missing","tintindex":0}}},{"from":[13.569957,8.335246,3.302857],"to":[14.792814,19.729532,4.525714],"rotation":{"angle":22.5,"axis":"x","origin":[15.924242,7.0609603,4.0]},"faces":{"south":{"uv":[92.20934,221.50084,294.32788,269.60266],"rotation":0,