{"elements":[{"from":[7.2873926,6.3885713,6.854428],"to":[7.9388213,8.811429,9.277286],"rotation":{"angle":-45.0,"axis":"z","origin":[8.0,8.0,8.0]},"faces":{"south":{"uv":[0.0,0.0,16.0,7.93985],"rotation":0,"texture":"#9","tintindex":0},"north":{"uv":[0.0,0.0,16.0,7.93985],"rotation":0,"texture":"#9","tintindex":0},"down":{"uv":[0.0,0.0,16.0,7.93985],"rotation":0,"texture":"#9","tintindex":0},"east":{"uv":[0.0,0.0,16.0,7.93985],"rotation":0,"texture":"#9","tintindex":0},"west":{"uv":[0.0,6.857143,16.0,7.93985],"rotation":0,"texture":"#9","tintindex":0},"up":{"uv":[0.0,0.0,16.0,8.10025],"rotation":270,"texture":"#9","tintindex":0}}},{"from":[6.6016784,7.9314284,6.511571],"to":[7.71025,9.154285,9.734428],"rotation":{"angle":-45.0,"axis":"z","origin":[8.0,8.0,8.0]},"faces":{"south":{"uv":[0.0,0.0,16.0,7.93985],"rotation":0,"texture":"#9","tintindex":0},"north":{"uv":[0.0,0.0,16.0,7.93985],"rotation":0,"texture":"#9","tintindex":0},"down":{"uv":[0.0,0.0,16.0,7.93985],"rotation":0,"texture":"#9","tintindex":0},"east":{"uv":[0.0,0.0,16.0,7.93985],"rotation":0,"texture":"#9","tintindex":0},"west":{"uv":[6.817043,14.957394,0.0,13.914787],"rotation":0,"texture":"#9","tintindex":0},"up":{"uv":[0.0,0.0,16.0,8.10025],"rotation":270,"texture":"#9","tintindex":0}}},{"from":[6.4914284,8.56399,6.854393],"to":[7.6,9.843989,9.67725],"rotation":{"angle":45.0,"axis":"x","origin":[8.0,8.0,8.0]},"faces":{"south":{"uv":[0.0,0.0,16.0,7.93985],"rotation":0,"texture":"#9","tintindex":0},"north":{"uv":[0.0,0.0,16.0,7.93985],"rotation":0,"texture":"#9","tintindex":0},"down":{"uv":[0.0,0.0,16.0,7.93985],"rotation":0,"texture":"#9","tintindex":0},"east":{"uv":[0.0,0.0,16.0,7.93985],"rotation":0,"texture":"#9","tintindex":0},"west":{"uv":[0.0,0.0,16.0,7.93985],"rotation":0,"texture":"#9","tintindex":0},"up":{"uv":[0.0,0.0,16.0,8.10025],"rotation":270,"texture":"#9","tintindex":0}}},{"from":[7.473331,5.988571,6.778491],"to":[8.5819025,7.2114286,9.887062],"rotation":{"angle":-45.0,"axis":"z","origin":[8.457143,8.457143,8.0]},"faces":{"south":{"uv":[0.0,0.0,16.0,7.93985],"rotation":0,"texture":"#9","tintindex":0},"north":{"uv":[0.0,0.0,16.0,7.93985],"rotation":0,"texture":"#9","tintindex":0},"down":{"uv":[0.0,0.0,16.0,7.93985],"rotation":0,"texture":"#9","tintindex":0},"east":{"uv":[0.0,0.0,16.0,7.93985],"rotation":0,"texture":"#9","tintindex":0},"west":{"uv":[6.817043,13.914787,0.0,14.957394],"rotation":0,"texture":"#9","tintindex":0},"up":{"uv":[0.0,0.0,16.0,8.10025],"rotation":270,"texture":"#9","tintindex":0}}},{"from":[6.373107,8.388572,6.511571],"to":[7.195964,9.382857,10.020143],"rotation":{"angle":-45.0,"axis":"z","origin":[8.0,8.0,8.0]},"faces":{"south":{"uv":[0.0,0.0,16.0,7.93985],"rotation":0,"texture":"#9","tintindex":0},"north":{"uv":[0.0,0.0,16.0,7.93985],"rotation":0,"texture":"#9","tintindex":0},"down":{"uv":[0.0,0.0,16.0,7.93985],"rotation":0,"texture":"#9","tintindex":0},"east":{"uv":[0.0,0.0,16.0,7.93985],"rotation":0,"texture":"#9","tintindex":0},"west":{"uv":[15.037594,0.0,0.0,7.93985],"rotation":0,"texture":"#9","tintindex":0},"up":{"uv":[0.0,0.0,16.0,8.10025],"rotation":270,"texture":"#9","tintindex":0}}},{"from":[7.7271214,7.641745,9.4037285],"to":[8.549978,8.636031,12.055157],"rotation":{"angle":45.0,"axis":"x","origin":[8.0,8.514286,10.4]},"faces":{"south":{"uv":[0.0,0.0,16.0,7.93985],"rotation":0,"texture":"#9","tintindex":0},"north":{"uv":[0.0,0.0,16.0,7.93985],"rotation":0,"texture":"#9","tintindex":0},"down":{"uv":[0.0,0.0,16.0,7.93985],"rotation":0,"texture":"#9","tintindex":0},"east":{"uv":[0.0,0.0,16.0,7.93985],"rotation":0,"texture":"#9","tintindex":0},"west":{"uv":[0.0,0.0,14.917294,7.93985],"rotation":0,"texture":"#9","tintindex":0},"up":{"uv":[0.0,0.0,16.0,8.10025],"rotation":270,"texture":"#9","tintindex":0}}},{"from":[7.2447596,5.9314284,6.778491],"to":[7.953331,6.8685713,10.172777],"rotation":{"angle":-45.0,"axis":"z","origin":[8.457143,8.457143,8.0]},"faces":{"south":{"uv":[0.0,0.0,16.0,7.93985],"rotation":0,"texture":"#9","tintindex":0},"north":{"uv":[0.0,0.0,16.0,7.93985],"rotation":0,"texture":"#9","tintindex":0},"down":{"uv":[0.0,0.0,16.0,7.93985],"rotation":0,"texture":"#9","tintindex":0},"east":{"uv":[0.0,0.0,16.0,7.93985],"rotation":0,"texture":"#9","tintindex":0},"west":{"uv":[14.756892,7.97995,0.0,0.0],"rotation":0,"texture":"#9","tintindex":0},"up":{"uv":[0.0,0.0,16.0,8.10025],"rotation":270,"texture":"#9","tintindex":0}}},{"from":[6.83025,6.3885713,6.854428],"to":[7.4816785,8.811429,9.277286],"rotation":{"angle":-45.0,"axis":"z","origin":[8.0,8.0,8.0]},"faces":{"south":{"uv":[0.0,0.0,16.0,7.93985],"rotation":0,"texture":"#9","tintindex":0},"north":{"uv":[0.0,0.0,16.0,7.93985],"rotation":0,"texture":"#9","tintindex":0},"down":{"uv":[0.0,0.0,16.0,7.93985],"rotation":0,"texture":"#9","tintindex":0},"east":{"uv":[0.0,0.0,16.0,7.93985],"rotation":0,"texture":"#9","tintindex":0},"west":{"uv":[7.7794485,9.223058,7.378446,11.749373],"rotation":0,"texture":"#9","tintindex":0},"up":{"uv":[0.0,0.0,16.0,8.10025],"rotation":270,"texture":"#9","tintindex":0}}}],"textures":{"9":"modelengine:entity/ladrillopiedramctextura"},"display":{"head":{"translation":[0.0,-6.4,0.0],"scale":[4.0,4.0,4.0]}}}