{"elements":[{"from":[15.428572,12.514286,4.342857],"to":[15.714286,20.457142,4.5714283],"rotation":{"angle":0.0,"axis":"y","origin":[8.0,8.0,8.0]},"faces":{"south":{"uv":[0.0,2.2368422,0.875,12.461153],"rotation":0,"texture":"#9","tintindex":0},"north":{"uv":[0.0,2.2368422,0.875,12.461153],"rotation":0,"texture":"#9","tintindex":0},"down":{"uv":[0.0,12.461153,0.875,2.2368422],"rotation":0,"texture":"#9","tintindex":0},"east":{"uv":[0.875,2.2368422,0.0,12.461153],"rotation":0,"texture":"#9","tintindex":0},"west":{"uv":[0.875,2.2368422,0.0,12.461153],"rotation":0,"texture":"#9","tintindex":0},"up":{"uv":[0.0,12.461153,0.875,2.2368422],"rotation":0,"texture":"#9","tintindex":0}}},{"from":[14.514286,15.657143,4.3399997],"to":[16.57143,20.457142,4.3399997],"rotation":{"angle":0.0,"axis":"y","origin":[8.0,8.0,8.0]},"faces":{"south":{"uv":[0.32786885,0.0,15.737705,15.7827425],"rotation":0,"texture":"#10","tintindex":0},"north":{"uv":[0.32786885,0.0,15.737705,15.7827425],"rotation":0,"texture":"#10","tintindex":0},"down":{"uv":[0.6557377,0.0,15.672132,15.503469],"rotation":0,"texture":"#10","tintindex":0},"east":{"uv":[0.32786885,0.0,15.737705,15.7827425],"rotation":0,"texture":"#10","tintindex":0},"west":{"uv":[0.32786885,0.0,15.737705,15.503469],"rotation":0,"texture":"#10","tintindex":0},"up":{"uv":[0.32786885,0.0,15.737705,15.503469],"rotation":0,"texture":"#10","tintindex":0}}},{"from":[15.257715,13.029143,4.3434286],"to":[15.599428,13.313715,4.5137143],"rotation":{"angle":0.0,"axis":"y","origin":[8.0,8.0,8.0]},"faces":{"south":{"uv":[0.0,0.0,1.3525,0.95875],"rotation":0,"texture":"#11","tintindex":0},"north":{"uv":[0.0,0.0,1.3525,0.95875],"rotation":0,"texture":"#11","tintindex":0},"down":{"uv":[0.0,0.0,1.3525,0.95875],"rotation":0,"texture":"#11","tintindex":0},"east":{"uv":[0.0,0.0,1.3525,0.95875],"rotation":0,"texture":"#11","tintindex":0},"west":{"uv":[0.0,0.0,1.3525,0.95875],"rotation":0,"texture":"#11","tintindex":0},"up":{"uv":[0.0,0.0,1.3525,0.95875],"rotation":0,"texture":"#11","tintindex":0}}},{"from":[15.257715,12.629144,4.3434286],"to":[15.599428,12.913714,4.5137143],"rotation":{"angle":0.0,"axis":"y","origin":[8.0,8.0,8.0]},"faces":{"south":{"uv":[0.0,0.0,1.3525,0.95875],"rotation":0,"texture":"#11","tintindex":0},"north":{"uv":[0.0,0.0,1.3525,0.95875],"rotation":0,"texture":"#11","tintindex":0},"down":{"uv":[0.0,0.0,1.3525,0.95875],"rotation":0,"texture":"#11","tintindex":0},"east":{"uv":[0.0,0.0,1.3525,0.95875],"rotation":0,"texture":"#11","tintindex":0},"west":{"uv":[0.0,0.0,1.3525,0.95875],"rotation":0,"texture":"#11","tintindex":0},"up":{"uv":[0.0,0.0,1.3525,0.95875],"rotation":0,"texture":"#11","tintindex":0}}}],"textures":{"9":"modelengine:entity/output-onlinepngtools2","10":"modelengine:entity/output-onlinepngtools","11":"modelengine:entity/proyectonuevo2"},"display":{"head":{"translation":[0.0,-6.4,0.0],"scale":[4.0,4.0,4.0]}}}