{"elements":[{"from":[7.885714,8.752381,7.9142857],"to":[8.114285,8.809524,8.085714],"rotation":{"angle":0.0,"axis":"y","origin":[4.5714283,5.3248067,-3.4571342]},"faces":{"south":{"uv":[1.9107286,5.598453,11.755035,6.3231936],"rotation":0,"texture":"#2","tintindex":0},"north":{"uv":[1.9107286,5.598453,11.755035,6.3231936],"rotation":0,"texture":"#2","tintindex":0},"down":{"uv":[1.9107286,5.598453,11.755035,7.4981937],"rotation":0,"texture":"#2","tintindex":0},"east":{"uv":[1.9107286,5.598453,11.755035,6.3231936],"rotation":0,"texture":"#2","tintindex":0},"west":{"uv":[1.9107286,5.598453,11.755035,6.3231936],"rotation":0,"texture":"#2","tintindex":0},"up":{"uv":[1.9107286,7.4981937,11.755035,5.598453],"rotation":0,"texture":"#2","tintindex":0}}},{"from":[6.9704313,8.639092,7.9142857],"to":[7.884717,8.696236,8.085714],"rotation":{"angle":45.0,"axis":"z","origin":[7.9428573,8.810521,8.02858]},"faces":{"south":{"uv":[1.9107286,5.598453,11.755035,7.4981937],"rotation":0,"texture":"#2","tintindex":0},"north":{"uv":[1.9107286,5.598453,11.755035,7.4981937],"rotation":0,"texture":"#2","tintindex":0},"down":{"uv":[1.9107286,5.598453,11.755035,7.4981937],"rotation":0,"texture":"#2","tintindex":0},"east":{"uv":[1.9107286,5.598453,11.755035,7.4981937],"rotation":0,"texture":"#2","tintindex":0},"west":{"uv":[1.9107286,5.598453,11.755035,7.4981937],"rotation":0,"texture":"#2","tintindex":0},"up":{"uv":[1.9107286,5.598453,11.755035,7.4981937],"rotation":0,"texture":"#2","tintindex":0}}},{"from":[6.9704313,8.810521,7.9142857],"to":[7.884717,8.867664,8.085714],"rotation":{"angle":45.0,"axis":"z","origin":[7.9428573,8.810521,8.02858]},"faces":{"south":{"uv":[1.9107286,5.598453,11.755035,7.4981937],"rotation":0,"texture":"#2","tintindex":0},"north":{"uv":[1.9107286,5.598453,11.755035,7.4981937],"rotation":0,"texture":"#2","tintindex":0},"down":{"uv":[1.9107286,5.598453,11.755035,7.4981937],"rotation":0,"texture":"#2","tintindex":0},"east":{"uv":[1.9107286,5.598453,11.755035,7.4981937],"rotation":0,"texture":"#2","tintindex":0},"west":{"uv":[1.9107286,5.598453,11.755035,7.4981937],"rotation":0,"texture":"#2","tintindex":0},"up":{"uv":[1.9107286,5.598453,11.755035,7.4981937],"rotation":0,"texture":"#2","tintindex":0}}}],"textures":{"2":"modelengine:entity/captura de pantalla (777)"},"display":{"head":{"translation":[0.0,-6.4,0.0],"scale":[4.0,4.0,4.0]}}}