{"elements":[{"from":[4.742857,11.057143,18.400002],"to":[4.8571424,11.685715,19.028572],"rotation":{"angle":0.0,"axis":"x","origin":[4.8,11.3714285,18.714287]},"faces":{"south":{"uv":[0.0,8.260652,6.879433,8.899655],"rotation":0,"texture":"#9","tintindex":0},"north":{"uv":[0.0,8.140351,7.0237937,8.979856],"rotation":0,"texture":"#9","tintindex":0},"down":{"uv":[0.0,8.2205515,6.8313127,8.82836],"rotation":0,"texture":"#9","tintindex":0},"east":{"uv":[1.1669173,0.8461153,9.842896,6.6981516],"rotation":0,"texture":"#9","tintindex":0},"west":{"uv":[1.2631578,0.9263158,9.842896,6.6981516],"rotation":0,"texture":"#9","tintindex":0},"up":{"uv":[0.0,8.2205515,6.755122,8.75217],"rotation":0,"texture":"#9","tintindex":0}}},{"from":[4.8,11.314286,18.057144],"to":[4.8571424,11.428572,18.857143],"rotation":{"angle":0.0,"axis":"y","origin":[8.0,8.0,8.0]},"faces":{"south":{"uv":[6.90625,5.86875,7.33125,10.3375],"rotation":0,"texture":"#4","tintindex":0},"north":{"uv":[6.90625,5.86875,7.33125,10.3375],"rotation":0,"texture":"#4","tintindex":0},"down":{"uv":[6.90625,5.86875,7.33125,10.375],"rotation":0,"texture":"#4","tintindex":0},"east":{"uv":[6.90625,5.86875,7.33125,10.3375],"rotation":0,"texture":"#4","tintindex":0},"west":{"uv":[6.90625,5.86875,7.33125,10.3375],"rotation":0,"texture":"#4","tintindex":0},"up":{"uv":[6.90625,5.86875,7.33125,10.375],"rotation":0,"texture":"#4","tintindex":0}}},{"from":[4.8,11.314286,18.685715],"to":[4.8571424,11.428572,19.485714],"rotation":{"angle":0.0,"axis":"y","origin":[8.0,8.0,8.0]},"faces":{"south":{"uv":[6.90625,5.86875,7.33125,10.3375],"rotation":0,"texture":"#4","tintindex":0},"north":{"uv":[6.90625,5.86875,7.33125,10.3375],"rotation":0,"texture":"#4","tintindex":0},"down":{"uv":[6.90625,5.86875,7.33125,10.375],"rotation":0,"texture":"#4","tintindex":0},"east":{"uv":[6.90625,5.86875,7.33125,10.3375],"rotation":0,"texture":"#4","tintindex":0},"west":{"uv":[6.90625,5.86875,7.33125,10.3375],"rotation":0,"texture":"#4","tintindex":0},"up":{"uv":[6.90625,5.86875,7.33125,10.375],"rotation":0,"texture":"#4","tintindex":0}}},{"from":[4.8,11.314286,18.628572],"to":[4.8571424,11.428572,19.428572],"rotation":{"angle":-45.0,"axis":"x","origin":[4.9714284,11.3714285,18.742857]},"faces":{"south":{"uv":[6.90625,5.86875,7.33125,10.3375],"rotation":0,"texture":"#4","tintindex":0},"north":{"uv":[6.90625,5.86875,7.33125,10.3375],"rotation":0,"texture":"#4","tintindex":0},"down":{"uv":[6.90625,5.86875,7.33125,10.375],"rotation":0,"texture":"#4","tintindex":0},"east":{"uv":[6.90625,5.86875,7.33125,10.3375],"rotation":0,"texture":"#4","tintindex":0},"west":{"uv":[6.90625,5.86875,7.33125,10.3375],"rotation":0,"texture":"#4","tintindex":0},"up":{"uv":[6.90625,5.86875,7.33125,10.375],"rotation":0,"texture":"#4","tintindex":0}}},{"from":[4.8,11.342857,18.057144],"to":[4.8571424,11.457143,18.857143],"rotation":{"angle":-45.0,"axis":"x","origin":[4.9714284,11.3714285,18.742857]},"faces":{"south":{"uv":[6.90625,5.86875,7.33125,10.3375],"rotation":0,"texture":"#4","tintindex":0},"north":{"uv":[6.90625,5.86875,7.33125,10.3375],"rotation":0,"texture":"#4","tintindex":0},"down":{"uv":[6.90625,5.86875,7.33125,10.375],"rotation":0,"texture":"#4","tintindex":0},"east":{"uv":[6.90625,5.86875,7.33125,10.3375],"rotation":0,"texture":"#4","tintindex":0},"west":{"uv":[6.90625,5.86875,7.33125,10.3375],"rotation":0,"texture":"#4","tintindex":0},"up":{"uv":[6.90625,5.86875,7.33125,10.375],"rotation":0,"texture":"#4","tintindex":0}}},{"from":[4.685714,11.171429,18.514286],"to":[4.8571424,11.571428,18.914288],"rotation":{"angle":0.0,"axis":"y","origin":[8.0,8.0,8.0]},"faces":{"south":{"uv":[0.0,0.0,12.801355,7.042544],"rotation":0,"texture":"#9","tintindex":0},"north":{"uv":[0.0,0.0,12.801355,7.042544],"rotation":0,"texture":"#9","tintindex":0},"down":{"uv":[0.0,0.0,12.801355,7.0394187],"rotation":0,"texture":"#9","tintindex":0},"east":{"uv":[0.0,0.0,12.813855,7.042544],"rotation":0,"texture":"#9","tintindex":0},"west":{"uv":[0.0,0.0,12.813855,7.042544],"rotation":0,"texture":"#9","tintindex":0},"up":{"uv":[0.0,0.0,12.801355,7.0394187],"rotation":0,"texture":"#9","tintindex":0}}}],"textures":{"4":"modelengine:entity/tronco de madera mc","9":"modelengine:entity/ladrillopiedramctextura"},"display":{"head":{"translation":[0.0,-6.4,0.0],"scale":[4.0,4.0,4.0]}}}