{"elements":[{"from":[7.337135,7.0742855,7.2366233],"to":[8.388563,8.125714,18.345196],"rotation":{"angle":0.0,"axis":"x","origin":[8.0,8.0,8.0]},"faces":{"south":{"uv":[1.7043765,3.1487768,3.1723104,4.2061787],"rotation":270,"texture":"#0","tintindex":0},"north":{"uv":[1.6967647,3.1536841,3.1786275,4.202181],"rotation":270,"texture":"#0","tintindex":0},"down":{"uv":[1.6619608,3.2224681,11.960442,4.171906],"rotation":270,"texture":"#0","tintindex":0},"east":{"uv":[1.6675,3.2257378,11.966848,4.169294],"rotation":0,"texture":"#0","tintindex":0},"west":{"uv":[1.667495,3.2186296,11.961414,4.169114],"rotation":180,"texture":"#0","tintindex":0},"up":{"uv":[1.6737745,3.2210674,11.962304,4.1733675],"rotation":270,"texture":"#0","tintindex":0}}}],"textures":{"0":"modelengine:entity/tablonesmadera"},"display":{"head":{"translation":[0.0,-6.4,0.0],"scale":[4.0,4.0,4.0]}}}