{"elements":[{"from":[-1.2114296,6.56,6.245714],"to":[-0.6457138,8.148571,7.6114287],"rotation":{"angle":-45.0,"axis":"x","origin":[0.22857094,8.0,6.6857142]},"faces":{"south":{"uv":[0.0,8.1024,16.0,16.0],"rotation":90,"texture":"#10","tintindex":0},"north":{"uv":[0.0,8.1024,16.0,16.0],"rotation":270,"texture":"#10","tintindex":0},"down":{"uv":[0.0,8.1024,16.0,16.0],"rotation":90,"texture":"#10","tintindex":0},"east":{"uv":[0.0,0.0,16.0,16.0],"rotation":0,"texture":"#10","tintindex":0},"west":{"uv":[0.0,0.0,16.0,16.0],"rotation":0,"texture":"#10","tintindex":0},"up":{"uv":[0.0,8.1024,16.0,16.0],"rotation":90,"texture":"#10","tintindex":0}}},{"from":[-1.2114296,6.56,9.331429],"to":[-0.6457138,8.148571,10.6828575],"rotation":{"angle":-45.0,"axis":"x","origin":[0.22857094,8.0,6.6857142]},"faces":{"south":{"uv":[0.0,8.1024,16.0,16.0],"rotation":90,"texture":"#10","tintindex":0},"north":{"uv":[0.0,8.1024,16.0,16.0],"rotation":270,"texture":"#10","tintindex":0},"down":{"uv":[0.0,8.1024,16.0,16.0],"rotation":90,"texture":"#10","tintindex":0},"east":{"uv":[0.0,0.0,16.0,16.0],"rotation":0,"texture":"#10","tintindex":0},"west":{"uv":[0.0,0.0,16.0,16.0],"rotation":0,"texture":"#10","tintindex":0},"up":{"uv":[0.0,8.1024,16.0,16.0],"rotation":90,"texture":"#10","tintindex":0}}},{"from":[9.702857,7.6457143,10.588572],"to":[9.9257145,8.9257145,10.697143],"rotation":{"angle":45.0,"axis":"y","origin":[6.5142856,8.0,9.942858]},"faces":{"south":{"uv":[0.0859375,0.0625,0.103125,0.13125],"rotation":0,"texture":"#10","tintindex":0},"north":{"uv":[0.7421875,0.0625,0.759375,0.13125],"rotation":0,"texture":"#10","tintindex":0},"down":{"uv":[1.25,0.0109375,1.2671875,0.021875],"rotation":0,"texture":"#10","tintindex":0},"east":{"uv":[0.0109375,0.0625,0.021875,0.13125],"rotation":0,"texture":"#10","tintindex":0},"west":{"uv":[0.6671875,0.0625,0.678125,0.13125],"rotation":0,"texture":"#10","tintindex":0},"up":{"uv":[0.65625,0.0734375,0.6734375,0.084375],"rotation":0,"texture":"#10","tintindex":0}}},{"from":[9.702857,7.6457143,9.345715],"to":[9.9257145,8.9257145,9.454286],"rotation":{"angle":45.0,"axis":"y","origin":[6.5142856,8.0,9.942858]},"faces":{"south":{"uv":[0.0859375,0.0625,0.103125,0.13125],"rotation":0,"texture":"#10","tintindex":0},"north":{"uv":[0.7421875,0.0625,0.759375,0.13125],"rotation":0,"texture":"#10","tintindex":0},"down":{"uv":[1.25,0.0109375,1.2671875,0.021875],"rotation":0,"texture":"#10","tintindex":0},"east":{"uv":[0.0109375,0.0625,0.021875,0.13125],"rotation":0,"texture":"#10","tintindex":0},"west":{"uv":[0.6671875,0.0625,0.678125,0.13125],"rotation":0,"texture":"#10","tintindex":0},"up":{"uv":[0.65625,0.0734375,0.6734375,0.084375],"rotation":0,"texture":"#10","tintindex":0}}},{"from":[8.331429,7.6457143,9.345715],"to":[8.497143,8.9257145,9.454286],"rotation":{"angle":45.0,"axis":"y","origin":[6.5142856,8.0,9.942858]},"faces":{"south":{"uv":[0.0859375,0.0625,0.103125,0.13125],"rotation":0,"texture":"#10","tintindex":0},"north":{"uv":[0.7421875,0.0625,0.759375,0.13125],"rotation":0,"texture":"#10","tintindex":0},"down":{"uv":[1.25,0.0109375,1.2671875,0.021875],"rotation":0,"texture":"#10","tintindex":0},"east":{"uv":[0.0109375,0.0625,0.021875,0.13125],"rotation":0,"texture":"#10","tintindex":0},"west":{"uv":[0.6671875,0.0625,0.678125,0.13125],"rotation":0,"texture":"#10","tintindex":0},"up":{"uv":[0.65625,0.0734375,0.6734375,0.084375],"rotation":0,"texture":"#10","tintindex":0}}},{"from":[8.331429,7.6457143,10.588572],"to":[8.497143,8.9257145,10.697143],"rotation":{"angle":45.0,"axis":"y","origin":[6.5142856,8.0,9.942858]},"faces":{"south":{"uv":[0.0859375,0.0625,0.103125,0.13125],"rotation":0,"texture":"#10","tintindex":0},"north":{"uv":[0.7421875,0.0625,0.759375,0.13125],"rotation":0,"texture":"#10","tintindex":0},"down":{"uv":[1.25,0.0109375,1.2671875,0.021875],"rotation":0,"texture":"#10","tintindex":0},"east":{"uv":[0.0109375,0.0625,0.021875,0.13125],"rotation":0,"texture":"#10","tintindex":0},"west":{"uv":[0.6671875,0.0625,0.678125,0.13125],"rotation":0,"texture":"#10","tintindex":0},"up":{"uv":[0.65625,0.0734375,0.6734375,0.084375],"rotation":0,"texture":"#10","tintindex":0}}},{"from":[4.902857,6.56,6.2599998],"to":[5.4685717,8.148571,7.6257143],"rotation":{"angle":-45.0,"axis":"x","origin":[6.342857,8.0,6.6857142]},"faces":{"south":{"uv":[0.0,8.1024,16.0,16.0],"rotation":90,"texture":"#10","tintindex":0},"north":{"uv":[0.0,8.1024,16.0,16.0],"rotation":270,"texture":"#10","tintindex":0},"down":{"uv":[0.0,8.1024,16.0,16.0],"rotation":90,"texture":"#10","tintindex":0},"east":{"uv":[0.0,0.0,16.0,16.0],"rotation":0,"texture":"#10","tintindex":0},"west":{"uv":[0.0,0.0,16.0,16.0],"rotation":0,"texture":"#10","tintindex":0},"up":{"uv":[0.0,8.1024,16.0,16.0],"rotation":90,"texture":"#10","tintindex":0}}},{"from":[2.217142,7.6457143,9.331429],"to":[2.3828568,8.9257145,9.440001],"rotation":{"angle":45.0,"axis":"y","origin":[0.39999962,8.0,9.942858]},"faces":{"south":{"uv":[0.0859375,0.0625,0.103125,0.13125],"rotation":0,"texture":"#10","tintindex":0},"north":{"uv":[0.7421875,0.0625,0.759375,0.13125],"rotation":0,"texture":"#10","tintindex":0},"down":{"uv":[1.25,0.0109375,1.2671875,0.021875],"rotation":0,"texture":"#10","tintindex":0},"east":{"uv":[0.0109375,0.0625,0.021875,0.13125],"rotation":0,"texture":"#10","tintindex":0},"west":{"uv":[0.6671875,0.0625,0.678125,0.13125],"rotation":0,"texture":"#10","tintindex":0},"up":{"uv":[0.65625,0.0734375,0.6734375,0.084375],"rotation":0,"texture":"#10","tintindex":0}}},{"from":[3.5885715,7.6457143,9.331429],"to":[3.8114285,8.9257145,9.440001],"rotation":{"angle":45.0,"axis":"y","origin":[0.39999962,8.0,9.942858]},"faces":{"south":{"uv":[0.0859375,0.0625,0.103125,0.13125],"rotation":0,"texture":"#10","tintindex":0},"north":{"uv":[0.7421875,0.0625,0.759375,0.13125],"rotation":0,"texture":"#10","tintindex":0},"down":{"uv":[1.25,0.0109375,1.2671875,0.021875],"rotation":0,"texture":"#10","tintindex":0},"east":{"uv":[0.0109375,0.0625,0.021875,0.13125],"rotation":0,"texture":"#10","tintindex":0},"west":{"uv":[0.6671875,0.0625,0.678125,0.13125],"rotation":0,"texture":"#10","tintindex":0},"up":{"uv":[0.65625,0.0734375,0.6734375,0.084375],"rotation":0,"texture":"#10","tintindex":0}}},{"from":[2.217142,7.6457143,10.588572],"to":[2.3828568,8.9257145,10.697143],"rotation":{"angle":45.0,"axis":"y","origin":[0.39999962,8.0,9.942858]},"faces":{"south":{"uv":[0.0859375,0.0625,0.103125,0.13125],"rotation":0,"texture":"#10","tintindex":0},"north":{"uv":[0.7421875,0.0625,0.759375,0.13125],"rotation":0,"texture":"#10","tintindex":0},"down":{"uv":[1.25,0.0109375,1.2671875,0.021875],"rotation":0,"texture":"#10","tintindex":0},"east":{"uv":[0.0109375,0.0625,0.021875,0.13125],"rotation":0,"texture":"#10","tintindex":0},"west":{"uv":[0.6671875,0.0625,0.678125,0.13125],"rotation":0,"texture":"#10","tintindex":0},"up":{"uv":[0.65625,0.0734375,0.6734375,0.084375],"rotation":0,"texture":"#10","tintindex":0}}},{"from":[3.5885715,7.6457143,10.588572],"to":[3.8114285,8.9257145,10.697143],"rotation":{"angle":45.0,"axis":"y","origin":[0.39999962,8.0,9.942858]},"faces":{"south":{"uv":[0.0859375,0.0625,0.103125,0.13125],"rotation":0,"texture":"#10","tintindex":0},"north":{"uv":[0.7421875,0.0625,0.759375,0.13125],"rotation":0,"texture":"#10","tintindex":0},"down":{"uv":[1.25,0.0109375,1.2671875,0.021875],"rotation":0,"texture":"#10","tintindex":0},"east":{"uv":[0.0109375,0.0625,0.021875,0.13125],"rotation":0,"texture":"#10","tintindex":0},"west":{"uv":[0.6671875,0.0625,0.678125,0.13125],"rotation":0,"texture":"#10","tintindex":0},"up":{"uv":[0.65625,0.0734375,0.6734375,0.084375],"rotation":0,"texture":"#10","tintindex":0}}},{"from":[2.217142,7.6457143,12.417143],"to":[2.3828568,8.9257145,12.525715],"rotation":{"angle":45.0,"axis":"y","origin":[0.39999962,8.0,9.942858]},"faces":{"south":{"uv":[0.0859375,0.0625,0.103125,0.13125],"rotation":0,"texture":"#10","tintindex":0},"north":{"uv":[0.7421875,0.0625,0.759375,0.13125],"rotation":0,"texture":"#10",