{"elements":[{"from":[-1.0400009,6.445714,-11.468573],"to":[-0.6457138,8.148571,-10.0742855],"rotation":{"angle":-45.0,"axis":"x","origin":[0.22857094,8.0,-11.028572]},"faces":{"south":{"uv":[0.0,8.1024,16.0,16.0],"rotation":90,"texture":"#10","tintindex":0},"north":{"uv":[0.0,8.1024,16.0,16.0],"rotation":270,"texture":"#10","tintindex":0},"down":{"uv":[0.0,8.1024,16.0,16.0],"rotation":90,"texture":"#10","tintindex":0},"east":{"uv":[0.0,0.0,16.0,16.0],"rotation":0,"texture":"#10","tintindex":0},"west":{"uv":[0.0,0.0,16.0,16.0],"rotation":0,"texture":"#10","tintindex":0},"up":{"uv":[0.0,8.1024,16.0,16.0],"rotation":90,"texture":"#10","tintindex":0}}},{"from":[9.702857,7.6457143,-7.097143],"to":[9.9257145,8.9257145,-6.931429],"rotation":{"angle":45.0,"axis":"y","origin":[6.5142856,8.0,-7.771429]},"faces":{"south":{"uv":[0.0859375,0.0625,0.103125,0.13125],"rotation":0,"texture":"#10","tintindex":0},"north":{"uv":[0.7421875,0.0625,0.759375,0.13125],"rotation":0,"texture":"#10","tintindex":0},"down":{"uv":[1.25,0.0109375,1.2671875,0.021875],"rotation":0,"texture":"#10","tintindex":0},"east":{"uv":[0.0109375,0.0625,0.021875,0.13125],"rotation":0,"texture":"#10","tintindex":0},"west":{"uv":[0.6671875,0.0625,0.678125,0.13125],"rotation":0,"texture":"#10","tintindex":0},"up":{"uv":[0.65625,0.0734375,0.6734375,0.084375],"rotation":0,"texture":"#10","tintindex":0}}},{"from":[9.702857,7.6457143,-8.325714],"to":[9.9257145,8.9257145,-8.217144],"rotation":{"angle":45.0,"axis":"y","origin":[6.5142856,8.0,-7.771429]},"faces":{"south":{"uv":[0.0859375,0.0625,0.103125,0.13125],"rotation":0,"texture":"#10","tintindex":0},"north":{"uv":[0.7421875,0.0625,0.759375,0.13125],"rotation":0,"texture":"#10","tintindex":0},"down":{"uv":[1.25,0.0109375,1.2671875,0.021875],"rotation":0,"texture":"#10","tintindex":0},"east":{"uv":[0.0109375,0.0625,0.021875,0.13125],"rotation":0,"texture":"#10","tintindex":0},"west":{"uv":[0.6671875,0.0625,0.678125,0.13125],"rotation":0,"texture":"#10","tintindex":0},"up":{"uv":[0.65625,0.0734375,0.6734375,0.084375],"rotation":0,"texture":"#10","tintindex":0}}},{"from":[-4.9257154,7.6457143,4.8171425],"to":[-4.702857,8.9257145,4.925714],"rotation":{"angle":45.0,"axis":"y","origin":[-6.6285725,8.0,-7.771429]},"faces":{"south":{"uv":[0.0859375,0.0625,0.103125,0.13125],"rotation":0,"texture":"#10","tintindex":0},"north":{"uv":[0.7421875,0.0625,0.759375,0.13125],"rotation":0,"texture":"#10","tintindex":0},"down":{"uv":[1.25,0.0109375,1.2671875,0.021875],"rotation":0,"texture":"#10","tintindex":0},"east":{"uv":[0.0109375,0.0625,0.021875,0.13125],"rotation":0,"texture":"#10","tintindex":0},"west":{"uv":[0.6671875,0.0625,0.678125,0.13125],"rotation":0,"texture":"#10","tintindex":0},"up":{"uv":[0.65625,0.0734375,0.6734375,0.084375],"rotation":0,"texture":"#10","tintindex":0}}},{"from":[-4.9257154,7.6457143,6.102857],"to":[-4.702857,8.9257145,6.2114286],"rotation":{"angle":45.0,"axis":"y","origin":[-6.6285725,8.0,-7.771429]},"faces":{"south":{"uv":[0.0859375,0.0625,0.103125,0.13125],"rotation":0,"texture":"#10","tintindex":0},"north":{"uv":[0.7421875,0.0625,0.759375,0.13125],"rotation":0,"texture":"#10","tintindex":0},"down":{"uv":[1.25,0.0109375,1.2671875,0.021875],"rotation":0,"texture":"#10","tintindex":0},"east":{"uv":[0.0109375,0.0625,0.021875,0.13125],"rotation":0,"texture":"#10","tintindex":0},"west":{"uv":[0.6671875,0.0625,0.678125,0.13125],"rotation":0,"texture":"#10","tintindex":0},"up":{"uv":[0.65625,0.0734375,0.6734375,0.084375],"rotation":0,"texture":"#10","tintindex":0}}},{"from":[5.0742855,6.445714,-11.41143],"to":[5.4685717,8.148571,-10.017143],"rotation":{"angle":-45.0,"axis":"x","origin":[6.342857,8.0,-11.028572]},"faces":{"south":{"uv":[0.0,8.1024,16.0,16.0],"rotation":90,"texture":"#10","tintindex":0},"north":{"uv":[0.0,8.1024,16.0,16.0],"rotation":270,"texture":"#10","tintindex":0},"down":{"uv":[0.0,8.1024,16.0,16.0],"rotation":90,"texture":"#10","tintindex":0},"east":{"uv":[0.0,0.0,16.0,16.0],"rotation":0,"texture":"#10","tintindex":0},"west":{"uv":[0.0,0.0,16.0,16.0],"rotation":0,"texture":"#10","tintindex":0},"up":{"uv":[0.0,8.1024,16.0,16.0],"rotation":90,"texture":"#10","tintindex":0}}},{"from":[-10.9257145,7.6457143,4.7599998],"to":[-10.76,8.9257145,4.8685713],"rotation":{"angle":45.0,"axis":"y","origin":[-12.742857,8.0,-7.771429]},"faces":{"south":{"uv":[0.0859375,0.0625,0.103125,0.13125],"rotation":0,"texture":"#10","tintindex":0},"north":{"uv":[0.7421875,0.0625,0.759375,0.13125],"rotation":0,"texture":"#10","tintindex":0},"down":{"uv":[1.25,0.0109375,1.2671875,0.021875],"rotation":0,"texture":"#10","tintindex":0},"east":{"uv":[0.0109375,0.0625,0.021875,0.13125],"rotation":0,"texture":"#10","tintindex":0},"west":{"uv":[0.6671875,0.0625,0.678125,0.13125],"rotation":0,"texture":"#10","tintindex":0},"up":{"uv":[0.65625,0.0734375,0.6734375,0.084375],"rotation":0,"texture":"#10","tintindex":0}}},{"from":[3.5885715,7.6457143,-8.382858],"to":[3.8114285,8.9257145,-8.274286],"rotation":{"angle":45.0,"axis":"y","origin":[0.39999962,8.0,-7.771429]},"faces":{"south":{"uv":[0.0859375,0.0625,0.103125,0.13125],"rotation":0,"texture":"#10","tintindex":0},"north":{"uv":[0.7421875,0.0625,0.759375,0.13125],"rotation":0,"texture":"#10","tintindex":0},"down":{"uv":[1.25,0.0109375,1.2671875,0.021875],"rotation":0,"texture":"#10","tintindex":0},"east":{"uv":[0.0109375,0.0625,0.021875,0.13125],"rotation":0,"texture":"#10","tintindex":0},"west":{"uv":[0.6671875,0.0625,0.678125,0.13125],"rotation":0,"texture":"#10","tintindex":0},"up":{"uv":[0.65625,0.0734375,0.6734375,0.084375],"rotation":0,"texture":"#10","tintindex":0}}},{"from":[-11.040001,7.6457143,6.017143],"to":[-10.817144,8.9257145,6.1257143],"rotation":{"angle":45.0,"axis":"y","origin":[-12.742857,8.0,-7.771429]},"faces":{"south":{"uv":[0.0859375,0.0625,0.103125,0.13125],"rotation":0,"texture":"#10","tintindex":0},"north":{"uv":[0.7421875,0.0625,0.759375,0.13125],"rotation":0,"texture":"#10","tintindex":0},"down":{"uv":[1.25,0.0109375,1.2671875,0.021875],"rotation":0,"texture":"#10","tintindex":0},"east":{"uv":[0.0109375,0.0625,0.021875,0.13125],"rotation":0,"texture":"#10","tintindex":0},"west":{"uv":[0.6671875,0.0625,0.678125,0.13125],"rotation":0,"texture":"#10","tintindex":0},"up":{"uv":[0.65625,0.0734375,0.6734375,0.084375],"rotation":0,"texture":"#10","tintindex":0}}},{"from":[3.5885715,7.6457143,-7.1542864],"to":[3.8114285,8.9257145,-6.988572],"rotation":{"angle":45.0,"axis":"y","origin":[0.39999962,8.0,-7.771429]},"faces":{"south":{"uv":[0.0859375,0.0625,0.103125,0.13125],"rotation":0,"texture":"#10","tintindex":0},"north":{"uv":[0.7421875,0.0625,0.759375,0.13125],"rotation":0,"texture":"#10","tintindex":0},"down":{"uv":[1.25,0.0109375,1.2671875,0.021875],"rotation":0,"texture":"#10","tintindex":0},"east":{"uv":[0.0109375,0.0625,0.021875,0.13125],"rotation":0,"texture":"#10","tintindex":0},"west":{"uv":[0.6671875,0.0625,0.678125,0.13125],"rotation":0,"texture":"#10","tintindex":0},"up":{"uv":[0.65625,0.0734375,0.6734375,0.084375],"rotation":0,"texture":"#10","tintindex":0}}}],"textures":{"10":"modelengine:entity/oak wood minecraft"},"display":{"head":{"translation":[0.0,-6.4,0.0],"scale":[4.0,4.0,4.0]}}}