{"elements":[{"from":[4.5142856,7.8063884,7.7635183],"to":[11.485714,8.277817,8.234947],"rotation":{"angle":0.0,"axis":"x","origin":[8.0,8.042103,7.999233]},"faces":{"south":{"uv":[0.0,2.1397245,0.9261398,12.365289],"rotation":270,"texture":"#18","tintindex":0},"north":{"uv":[0.0,2.1397245,0.92757,12.365289],"rotation":270,"texture":"#18","tintindex":0},"down":{"uv":[0.92757,2.1397245,0.0,12.365289],"rotation":270,"texture":"#18","tintindex":0},"east":{"uv":[0.0,12.365289,0.92757,2.1397245],"rotation":270,"texture":"#18","tintindex":0},"west":{"uv":[0.0,12.365289,0.9305785,2.1397245],"rotation":270,"texture":"#18","tintindex":0},"up":{"uv":[0.9161283,2.1397245,0.0,12.365289],"rotation":270,"texture":"#18","tintindex":0}}}],"textures":{"18":"modelengine:entity/output-onlinepngtools (2)"},"display":{"head":{"translation":[0.0,-6.4,0.0],"scale":[4.0,4.0,4.0]}}}