{"elements":[{"from":[6.6571426,7.885714,30.057144],"to":[7.2,9.885715,31.485714],"rotation":{"angle":-45.0,"axis":"y","origin":[7.257143,8.171429,8.857143]},"faces":{"south":{"uv":[0.15625,6.338363,4.840336,4.240952],"rotation":270,"texture":"#3","tintindex":0},"north":{"uv":[0.27435508,6.251897,4.85404,4.31379],"rotation":270,"texture":"#3","tintindex":0},"down":{"uv":[13.329287,9.437329,7.8582416,12.867982],"rotation":0,"texture":"#3","tintindex":0},"east":{"uv":[3.879818,13.675854,12.503794,16.0],"rotation":0,"texture":"#3","tintindex":0},"west":{"uv":[5.117119,5.2825303,10.823672,10.7921095],"rotation":0,"texture":"#3","tintindex":0},"up":{"uv":[5.3899846,11.751764,0.1966616,9.6437025],"rotation":90,"texture":"#3","tintindex":0}}},{"from":[6.6571426,7.9428573,30.914284],"to":[7.2,9.3714285,32.0],"rotation":{"angle":-45.0,"axis":"y","origin":[7.257143,8.171429,8.857143]},"faces":{"south":{"uv":[0.21122913,9.647486,5.3862014,11.609246],"rotation":90,"texture":"#3","tintindex":0},"north":{"uv":[0.12139606,9.623207,5.517309,11.6990795],"rotation":90,"texture":"#3","tintindex":0},"down":{"uv":[0.184522,9.626707,5.3705616,11.58604],"rotation":0,"texture":"#3","tintindex":0},"east":{"uv":[5.3657055,5.316075,10.7119875,10.789681],"rotation":0,"texture":"#3","tintindex":0},"west":{"uv":[5.3657055,5.136409,10.7119875,10.610015],"rotation":0,"texture":"#3","tintindex":0},"up":{"uv":[0.11168437,9.572221,5.393485,11.570399],"rotation":90,"texture":"#3","tintindex":0}}},{"from":[6.6571426,7.9428573,29.542854],"to":[7.2,9.3714285,30.62857],"rotation":{"angle":-45.0,"axis":"y","origin":[7.257143,8.171429,8.857143]},"faces":{"south":{"uv":[0.21122913,9.647486,5.3862014,11.609246],"rotation":90,"texture":"#3","tintindex":0},"north":{"uv":[0.12139606,9.623207,5.517309,11.6990795],"rotation":90,"texture":"#3","tintindex":0},"down":{"uv":[0.184522,9.626707,5.3705616,11.58604],"rotation":0,"texture":"#3","tintindex":0},"east":{"uv":[5.3657055,5.316075,10.7119875,10.789681],"rotation":0,"texture":"#3","tintindex":0},"west":{"uv":[5.3657055,5.136409,10.7119875,10.610015],"rotation":0,"texture":"#3","tintindex":0},"up":{"uv":[0.27678302,9.628063,5.4347596,11.667517],"rotation":90,"texture":"#3","tintindex":0}}},{"from":[6.6571426,7.428571,30.057144],"to":[7.2,8.514286,31.485714],"rotation":{"angle":-45.0,"axis":"y","origin":[7.257143,8.171429,8.857143]},"faces":{"south":{"uv":[0.32620448,9.507113,5.1210356,11.966284],"rotation":270,"texture":"#3","tintindex":0},"north":{"uv":[0.31985962,9.548388,5.2103186,11.889529],"rotation":90,"texture":"#3","tintindex":0},"down":{"uv":[0.13745257,11.85405,5.1511097,9.607284],"rotation":90,"texture":"#3","tintindex":0},"east":{"uv":[5.1180577,0.0,10.775114,5.291066],"rotation":0,"texture":"#3","tintindex":0},"west":{"uv":[5.2069516,5.144139,10.629438,10.736267],"rotation":0,"texture":"#3","tintindex":0},"up":{"uv":[5.227314,11.751764,0.1966616,9.6437025],"rotation":90,"texture":"#3","tintindex":0}}},{"from":[6.6285715,7.6571426,29.771427],"to":[7.257143,9.657143,31.771427],"rotation":{"angle":-45.0,"axis":"y","origin":[7.257143,8.171429,8.857143]},"faces":{"south":{"uv":[0.2670713,9.614573,5.1229086,11.806433],"rotation":90,"texture":"#3","tintindex":0},"north":{"uv":[0.24164139,9.636973,5.000362,11.7382765],"rotation":270,"texture":"#3","tintindex":0},"down":{"uv":[0.32218853,11.579481,5.139179,9.784522],"rotation":90,"texture":"#3","tintindex":0},"east":{"uv":[0.0,0.095243715,5.8877087,5.728016],"rotation":0,"texture":"#3","tintindex":0},"west":{"uv":[5.1780305,5.2909946,10.677997,10.812082],"rotation":0,"texture":"#3","tintindex":0},"up":{"uv":[5.1776004,11.725582,0.24164139,9.689833],"rotation":90,"texture":"#3","tintindex":0}}},{"from":[6.5714283,7.9428573,30.057144],"to":[7.142857,9.3714285,31.485714],"rotation":{"angle":-45.0,"axis":"y","origin":[7.257143,8.171429,8.857143]},"faces":{"south":{"uv":[0.21875,0.0625,0.25,0.140625],"rotation":0,"texture":"#3","tintindex":0},"north":{"uv":[0.125,0.0625,0.15625,0.140625],"rotation":0,"texture":"#3","tintindex":0},"down":{"uv":[0.1875,0.0,0.21875,0.078125],"rotation":0,"texture":"#3","tintindex":0},"east":{"uv":[0.15625,0.0625,0.234375,0.140625],"rotation":0,"texture":"#3","tintindex":0},"west":{"uv":[0.25,0.0625,0.328125,0.140625],"rotation":0,"texture":"#3","tintindex":0},"up":{"uv":[0.15625,0.0625,0.1875,0.140625],"rotation":0,"texture":"#3","tintindex":0}}}],"textures":{"3":"modelengine:entity/ladrillos de piedra mc textura"},"display":{"head":{"translation":[0.0,-6.4,76.342865],"scale":[4.0,4.0,4.0]}}}