{"elements":[{"from":[7.428571,7.4857144,-15.771427],"to":[8.057143,9.485714,-13.771427],"rotation":{"angle":0.0,"axis":"y","origin":[7.742857,8.485714,-14.771427]},"faces":{"south":{"uv":[0.36418816,11.748162,5.2200255,9.556302],"rotation":90,"texture":"#1","tintindex":0},"north":{"uv":[0.24164139,11.684862,5.000362,9.423317],"rotation":270,"texture":"#1","tintindex":0},"down":{"uv":[0.34646773,9.498027,5.1634583,11.899966],"rotation":90,"texture":"#1","tintindex":0},"east":{"uv":[10.677997,5.2909946,5.1780305,10.812082],"rotation":0,"texture":"#1","tintindex":0},"west":{"uv":[5.8877087,0.095243715,0.0,5.728016],"rotation":0,"texture":"#1","tintindex":0},"up":{"uv":[5.1776004,9.583005,0.24164139,11.9368105],"rotation":90,"texture":"#1","tintindex":0}}},{"from":[7.457143,7.257143,-15.485714],"to":[8.0,8.342857,-14.057142],"rotation":{"angle":0.0,"axis":"y","origin":[7.7285714,7.8,-14.771427]},"faces":{"south":{"uv":[0.32620448,11.966284,5.1210356,9.507113],"rotation":270,"texture":"#1","tintindex":0},"north":{"uv":[0.31985962,11.889529,5.2103186,9.548388],"rotation":90,"texture":"#1","tintindex":0},"down":{"uv":[0.13745257,9.607284,5.1511097,11.85405],"rotation":90,"texture":"#1","tintindex":0},"east":{"uv":[10.629438,5.144139,5.2069516,10.736267],"rotation":0,"texture":"#1","tintindex":0},"west":{"uv":[10.775114,0.0,5.1180577,5.291066],"rotation":0,"texture":"#1","tintindex":0},"up":{"uv":[5.227314,9.6437025,0.1966616,11.751764],"rotation":90,"texture":"#1","tintindex":0}}},{"from":[7.457143,7.7714286,-14.628571],"to":[8.0,9.2,-13.542856],"rotation":{"angle":0.0,"axis":"y","origin":[7.7285714,8.485714,-14.085712]},"faces":{"south":{"uv":[0.21122913,11.609246,5.3862014,9.647486],"rotation":90,"texture":"#1","tintindex":0},"north":{"uv":[0.7016692,11.805908,5.466323,9.676621],"rotation":90,"texture":"#1","tintindex":0},"down":{"uv":[5.3705616,9.626707,0.184522,11.58604],"rotation":0,"texture":"#1","tintindex":0},"east":{"uv":[10.7119875,5.136409,5.3657055,10.610015],"rotation":0,"texture":"#1","tintindex":0},"west":{"uv":[10.7119875,5.316075,5.3657055,10.789681],"rotation":0,"texture":"#1","tintindex":0},"up":{"uv":[0.27678302,11.614102,5.4347596,9.628063],"rotation":90,"texture":"#1","tintindex":0}}},{"from":[7.457143,7.7714286,-16.0],"to":[8.0,9.2,-14.914286],"rotation":{"angle":0.0,"axis":"y","origin":[7.7285714,8.485714,-15.457142]},"faces":{"south":{"uv":[0.37147194,11.662661,5.2793727,9.7009],"rotation":90,"texture":"#1","tintindex":0},"north":{"uv":[0.12139606,11.6990795,5.517309,9.623207],"rotation":90,"texture":"#1","tintindex":0},"down":{"uv":[0.38846737,11.63217,5.576935,9.733536],"rotation":90,"texture":"#1","tintindex":0},"east":{"uv":[10.7119875,5.136409,5.3657055,10.610015],"rotation":0,"texture":"#1","tintindex":0},"west":{"uv":[10.7119875,5.316075,5.3657055,10.789681],"rotation":0,"texture":"#1","tintindex":0},"up":{"uv":[0.0,11.677228,5.2818007,9.6790495],"rotation":90,"texture":"#1","tintindex":0}}},{"from":[7.457143,7.714286,-15.485714],"to":[8.0,9.714286,-14.057142],"rotation":{"angle":0.0,"axis":"y","origin":[7.7285714,8.714286,-14.771427]},"faces":{"south":{"uv":[0.15625,4.240952,4.840336,6.338363],"rotation":270,"texture":"#1","tintindex":0},"north":{"uv":[0.27435508,4.31379,4.85404,6.4121394],"rotation":270,"texture":"#1","tintindex":0},"down":{"uv":[7.8582416,9.437329,13.329287,12.867982],"rotation":0,"texture":"#1","tintindex":0},"east":{"uv":[10.823672,5.2825303,5.117119,10.7921095],"rotation":0,"texture":"#1","tintindex":0},"west":{"uv":[12.503794,13.675854,3.879818,16.0],"rotation":0,"texture":"#1","tintindex":0},"up":{"uv":[5.025797,9.6437025,0.46373293,11.751764],"rotation":90,"texture":"#1","tintindex":0}}}],"textures":{"1":"modelengine:entity/piedralizaruedas"},"display":{"head":{"translation":[0.0,-6.4,-4.342865],"scale":[4.0,4.0,4.0]}}}