{"elements":[{"from":[0.6285715,8.457143,29.771431],"to":[1.2571425,10.457143,31.771431],"rotation":{"angle":45.0,"axis":"y","origin":[0.68571377,8.971429,8.857143]},"faces":{"south":{"uv":[0.36418816,11.694749,5.2200255,9.502888],"rotation":90,"texture":"#3","tintindex":0},"north":{"uv":[0.24164139,11.684862,5.000362,9.583559],"rotation":270,"texture":"#3","tintindex":0},"down":{"uv":[0.34646773,9.498027,5.1634583,11.899966],"rotation":90,"texture":"#3","tintindex":0},"east":{"uv":[10.677997,5.2909946,5.1780305,10.812082],"rotation":0,"texture":"#3","tintindex":0},"west":{"uv":[5.8877087,0.095243715,0.0,5.728016],"rotation":0,"texture":"#3","tintindex":0},"up":{"uv":[5.1776004,9.689833,0.24164139,11.725582],"rotation":90,"texture":"#3","tintindex":0}}},{"from":[0.68571377,8.228572,30.057144],"to":[1.2285709,9.314285,31.485714],"rotation":{"angle":45.0,"axis":"y","origin":[0.68571377,8.971429,8.857143]},"faces":{"south":{"uv":[1.8120922,11.71378,5.0044956,9.6285095],"rotation":270,"texture":"#3","tintindex":0},"north":{"uv":[0.36841807,11.792413,5.1617603,9.451271],"rotation":90,"texture":"#3","tintindex":0},"down":{"uv":[0.30740705,9.510167,5.102551,11.756933],"rotation":90,"texture":"#3","tintindex":0},"east":{"uv":[10.629438,5.144139,5.2069516,10.736267],"rotation":0,"texture":"#3","tintindex":0},"west":{"uv":[10.775114,0.0,5.1180577,5.291066],"rotation":0,"texture":"#3","tintindex":0},"up":{"uv":[5.227314,9.6437025,0.1966616,11.751764],"rotation":90,"texture":"#3","tintindex":0}}},{"from":[0.68571377,8.742857,29.542858],"to":[1.2285709,10.171429,30.62857],"rotation":{"angle":45.0,"axis":"y","origin":[0.68571377,8.971429,8.857143]},"faces":{"south":{"uv":[0.21122913,11.609246,5.3862014,9.647486],"rotation":90,"texture":"#3","tintindex":0},"north":{"uv":[0.12139606,11.6990795,5.517309,9.623207],"rotation":90,"texture":"#3","tintindex":0},"down":{"uv":[0.0,11.705008,4.9213963,9.650987],"rotation":90,"texture":"#3","tintindex":0},"east":{"uv":[10.7119875,5.136409,5.3657055,10.610015],"rotation":0,"texture":"#3","tintindex":0},"west":{"uv":[10.7119875,5.316075,5.3657055,10.789681],"rotation":0,"texture":"#3","tintindex":0},"up":{"uv":[0.27678302,11.667517,5.4347596,9.628063],"rotation":90,"texture":"#3","tintindex":0}}},{"from":[0.68571377,8.742857,30.914288],"to":[1.2285709,10.171429,32.0],"rotation":{"angle":45.0,"axis":"y","origin":[0.68571377,8.971429,8.857143]},"faces":{"south":{"uv":[0.37147194,11.662661,5.2793727,9.7009],"rotation":90,"texture":"#3","tintindex":0},"north":{"uv":[0.12139606,11.6990795,5.517309,9.623207],"rotation":90,"texture":"#3","tintindex":0},"down":{"uv":[0.38846737,11.63217,5.576935,9.733536],"rotation":90,"texture":"#3","tintindex":0},"east":{"uv":[10.7119875,5.136409,5.3657055,10.610015],"rotation":0,"texture":"#3","tintindex":0},"west":{"uv":[10.7119875,5.316075,5.3657055,10.789681],"rotation":0,"texture":"#3","tintindex":0},"up":{"uv":[0.0,11.677228,5.2818007,9.6790495],"rotation":90,"texture":"#3","tintindex":0}}},{"from":[-0.028572083,8.834286,-13.68],"to":[0.10857153,10.08,-12.434286],"rotation":{"angle":0.0,"axis":"y","origin":[8.514286,8.0,-4.0]},"faces":{"south":{"uv":[10.33628,5.4913716,5.9508348,6.118361],"rotation":0,"texture":"#3","tintindex":0},"north":{"uv":[10.190604,5.4962273,5.8051596,6.123217],"rotation":0,"texture":"#3","tintindex":0},"down":{"uv":[10.279818,5.4513054,5.894373,6.118361],"rotation":0,"texture":"#3","tintindex":0},"east":{"uv":[10.274962,5.494135,5.9484067,6.118361],"rotation":0,"texture":"#3","tintindex":0},"west":{"uv":[10.676188,5.253435,5.193323,10.796965],"rotation":0,"texture":"#3","tintindex":0},"up":{"uv":[10.263442,5.4913716,5.877997,6.118361],"rotation":0,"texture":"#3","tintindex":0}}},{"from":[0.7142854,8.685715,30.0],"to":[1.2571425,10.685715,31.428574],"rotation":{"angle":45.0,"axis":"y","origin":[0.7142854,8.971429,8.8]},"faces":{"south":{"uv":[0.15625,4.187538,4.840336,6.284949],"rotation":270,"texture":"#3","tintindex":0},"north":{"uv":[0.27435508,4.4206185,4.85404,6.3587255],"rotation":270,"texture":"#3","tintindex":0},"down":{"uv":[7.8582416,9.437329,13.329287,12.867982],"rotation":0,"texture":"#3","tintindex":0},"east":{"uv":[10.823672,5.2825303,5.117119,10.7921095],"rotation":0,"texture":"#3","tintindex":0},"west":{"uv":[12.503794,13.675854,3.879818,16.0],"rotation":0,"texture":"#3","tintindex":0},"up":{"uv":[5.1763277,9.697117,0.30349013,11.805179],"rotation":90,"texture":"#3","tintindex":0}}}],"textures":{"3":"modelengine:entity/ladrillos de piedra mc textura"},"display":{"head":{"translation":[0.0,-6.4,48.0],"scale":[4.0,4.0,4.0]}}}