{"elements":[{"from":[8.057143,7.7714286,27.257145],"to":[8.6285715,9.2,28.685715],"rotation":{"angle":45.0,"axis":"y","origin":[8.0,8.0,6.0571427]},"faces":{"south":{"uv":[0.25,0.0625,0.28125,0.140625],"rotation":0,"texture":"#3","tintindex":0},"north":{"uv":[0.15625,0.0625,0.1875,0.140625],"rotation":0,"texture":"#3","tintindex":0},"down":{"uv":[0.21875,0.0,0.25,0.078125],"rotation":0,"texture":"#3","tintindex":0},"east":{"uv":[0.328125,0.0625,0.40625,0.140625],"rotation":0,"texture":"#3","tintindex":0},"west":{"uv":[0.234375,0.0625,0.3125,0.140625],"rotation":0,"texture":"#3","tintindex":0},"up":{"uv":[0.1875,0.0625,0.21875,0.140625],"rotation":0,"texture":"#3","tintindex":0}}},{"from":[7.9428573,7.4857144,26.97143],"to":[8.571428,9.485714,28.97143],"rotation":{"angle":45.0,"axis":"y","origin":[8.0,8.0,6.0571427]},"faces":{"south":{"uv":[0.36418816,11.748162,5.2200255,9.556302],"rotation":90,"texture":"#3","tintindex":0},"north":{"uv":[0.24164139,11.684862,5.000362,9.423317],"rotation":270,"texture":"#3","tintindex":0},"down":{"uv":[0.34646773,9.498027,5.1634583,11.899966],"rotation":90,"texture":"#3","tintindex":0},"east":{"uv":[10.677997,5.2909946,5.1780305,10.812082],"rotation":0,"texture":"#3","tintindex":0},"west":{"uv":[5.8877087,0.095243715,0.0,5.728016],"rotation":0,"texture":"#3","tintindex":0},"up":{"uv":[5.1776004,9.583005,0.24164139,11.9368105],"rotation":90,"texture":"#3","tintindex":0}}},{"from":[8.0,7.257143,27.257145],"to":[8.542857,8.342857,28.685715],"rotation":{"angle":45.0,"axis":"y","origin":[8.0,8.0,6.0571427]},"faces":{"south":{"uv":[0.32620448,11.966284,5.1210356,9.507113],"rotation":270,"texture":"#3","tintindex":0},"north":{"uv":[0.31985962,11.889529,5.2103186,9.548388],"rotation":90,"texture":"#3","tintindex":0},"down":{"uv":[0.13745257,9.607284,5.1511097,11.85405],"rotation":90,"texture":"#3","tintindex":0},"east":{"uv":[10.629438,5.144139,5.2069516,10.736267],"rotation":0,"texture":"#3","tintindex":0},"west":{"uv":[10.775114,0.0,5.1180577,5.291066],"rotation":0,"texture":"#3","tintindex":0},"up":{"uv":[5.227314,9.6437025,0.1966616,11.751764],"rotation":90,"texture":"#3","tintindex":0}}},{"from":[8.0,7.7714286,26.742857],"to":[8.542857,9.2,27.828573],"rotation":{"angle":45.0,"axis":"y","origin":[8.0,8.0,6.0571427]},"faces":{"south":{"uv":[0.21122913,11.609246,5.3862014,9.647486],"rotation":90,"texture":"#3","tintindex":0},"north":{"uv":[0.7016692,11.805908,5.466323,9.676621],"rotation":90,"texture":"#3","tintindex":0},"down":{"uv":[5.3705616,9.626707,0.184522,11.58604],"rotation":0,"texture":"#3","tintindex":0},"east":{"uv":[10.7119875,5.136409,5.3657055,10.610015],"rotation":0,"texture":"#3","tintindex":0},"west":{"uv":[10.7119875,5.316075,5.3657055,10.789681],"rotation":0,"texture":"#3","tintindex":0},"up":{"uv":[0.27678302,11.614102,5.4347596,9.628063],"rotation":90,"texture":"#3","tintindex":0}}},{"from":[8.0,7.7714286,28.114286],"to":[8.542857,9.2,29.2],"rotation":{"angle":45.0,"axis":"y","origin":[8.0,8.0,6.0571427]},"faces":{"south":{"uv":[0.37147194,11.662661,5.2793727,9.7009],"rotation":90,"texture":"#3","tintindex":0},"north":{"uv":[0.12139606,11.6990795,5.517309,9.623207],"rotation":90,"texture":"#3","tintindex":0},"down":{"uv":[0.38846737,11.63217,5.576935,9.733536],"rotation":90,"texture":"#3","tintindex":0},"east":{"uv":[10.7119875,5.136409,5.3657055,10.610015],"rotation":0,"texture":"#3","tintindex":0},"west":{"uv":[10.7119875,5.316075,5.3657055,10.789681],"rotation":0,"texture":"#3","tintindex":0},"up":{"uv":[0.0,11.677228,5.2818007,9.6790495],"rotation":90,"texture":"#3","tintindex":0}}},{"from":[8.0,7.714286,27.257145],"to":[8.542857,9.714286,28.685715],"rotation":{"angle":45.0,"axis":"y","origin":[8.0,8.0,6.0571427]},"faces":{"south":{"uv":[0.15625,4.240952,4.840336,6.338363],"rotation":270,"texture":"#3","tintindex":0},"north":{"uv":[0.27435508,4.31379,4.85404,6.4121394],"rotation":270,"texture":"#3","tintindex":0},"down":{"uv":[7.8582416,9.437329,13.329287,12.867982],"rotation":0,"texture":"#3","tintindex":0},"east":{"uv":[10.823672,5.2825303,5.117119,10.7921095],"rotation":0,"texture":"#3","tintindex":0},"west":{"uv":[12.503794,13.675854,3.879818,16.0],"rotation":0,"texture":"#3","tintindex":0},"up":{"uv":[5.025797,9.6437025,0.46373293,11.751764],"rotation":90,"texture":"#3","tintindex":0}}}],"textures":{"3":"modelengine:entity/ladrillos de piedra mc textura"},"display":{"head":{"translation":[0.0,-6.4,0.0],"scale":[4.0,4.0,4.0]}}}