{"elements":[{"from":[16.388573,8.834286,-1.6800003],"to":[16.582859,10.08,-0.43428612],"rotation":{"angle":0.0,"axis":"y","origin":[8.0,8.0,8.0]},"faces":{"south":{"uv":[10.190604,5.4962273,5.8051596,6.123217],"rotation":0,"texture":"#2","tintindex":0},"north":{"uv":[10.190604,5.4962273,5.8051596,6.123217],"rotation":0,"texture":"#2","tintindex":0},"down":{"uv":[10.231259,5.423976,5.8458147,6.091031],"rotation":0,"texture":"#2","tintindex":0},"east":{"uv":[10.595448,5.3436036,5.3171473,10.694992],"rotation":0,"texture":"#2","tintindex":0},"west":{"uv":[10.190604,5.4962273,5.8051596,6.123217],"rotation":0,"texture":"#2","tintindex":0},"up":{"uv":[10.190604,5.4962273,5.8051596,6.123217],"rotation":0,"texture":"#2","tintindex":0}}},{"from":[15.942858,8.742857,-1.7714291],"to":[16.514286,10.171429,-0.34285736],"rotation":{"angle":0.0,"axis":"y","origin":[16.228573,9.457143,-1.0571432]},"faces":{"south":{"uv":[0.21875,0.0625,0.25,0.140625],"rotation":0,"texture":"#2","tintindex":0},"north":{"uv":[0.125,0.0625,0.15625,0.140625],"rotation":0,"texture":"#2","tintindex":0},"down":{"uv":[0.1875,0.0,0.21875,0.078125],"rotation":0,"texture":"#2","tintindex":0},"east":{"uv":[0.15625,0.0625,0.234375,0.140625],"rotation":0,"texture":"#2","tintindex":0},"west":{"uv":[0.25,0.0625,0.328125,0.140625],"rotation":0,"texture":"#2","tintindex":0},"up":{"uv":[0.15625,0.0625,0.1875,0.140625],"rotation":0,"texture":"#2","tintindex":0}}}],"textures":{"2":"modelengine:entity/piedralizaruedas"},"display":{"head":{"translation":[0.0,-6.4,0.0],"scale":[4.0,4.0,4.0]}}}