{"elements":[{"from":[9.3714285,7.9428573,30.571428],"to":[9.942858,9.3714285,32.0],"rotation":{"angle":45.0,"axis":"y","origin":[9.314285,8.171429,9.3714285]},"faces":{"south":{"uv":[0.1875,0.0625,0.21875,0.140625],"rotation":0,"texture":"#3","tintindex":0},"north":{"uv":[0.09375,0.0625,0.125,0.140625],"rotation":0,"texture":"#3","tintindex":0},"down":{"uv":[0.15625,0.0,0.1875,0.078125],"rotation":0,"texture":"#3","tintindex":0},"east":{"uv":[0.171875,0.0625,0.25,0.140625],"rotation":0,"texture":"#3","tintindex":0},"west":{"uv":[0.078125,0.0625,0.15625,0.140625],"rotation":0,"texture":"#3","tintindex":0},"up":{"uv":[0.125,0.0625,0.15625,0.140625],"rotation":0,"texture":"#3","tintindex":0}}}],"textures":{"3":"modelengine:entity/ladrillos de piedra mc textura"},"display":{"head":{"translation":[0.0,-6.4,11.428574],"scale":[4.0,4.0,4.0]}}}