{"elements":[{"from":[7.8285713,8.034286,7.3485713],"to":[8.022857,9.28,8.594286],"rotation":{"angle":0.0,"axis":"y","origin":[8.0,8.0,8.0]},"faces":{"south":{"uv":[10.190604,5.4962273,5.8051596,6.123217],"rotation":0,"texture":"#3","tintindex":0},"north":{"uv":[10.190604,5.4962273,5.8051596,6.123217],"rotation":0,"texture":"#3","tintindex":0},"down":{"uv":[10.231259,5.423976,5.8458147,6.091031],"rotation":0,"texture":"#3","tintindex":0},"east":{"uv":[10.595448,5.3436036,5.3171473,10.694992],"rotation":0,"texture":"#3","tintindex":0},"west":{"uv":[10.190604,5.4962273,5.8051596,6.123217],"rotation":0,"texture":"#3","tintindex":0},"up":{"uv":[10.190604,5.4962273,5.8051596,6.123217],"rotation":0,"texture":"#3","tintindex":0}}}],"textures":{"3":"modelengine:entity/ladrillos de piedra mc textura"},"display":{"head":{"translation":[0.0,-6.4,0.0],"scale":[4.0,4.0,4.0]}}}