{"elements":[{"from":[8.251421,15.8171425,13.065195],"to":[9.417135,16.925716,16.916624],"rotation":{"angle":45.0,"axis":"y","origin":[8.742857,17.028572,7.9428573]},"faces":{"south":{"uv":[5.5047965,9.482894,6.7506466,11.02255],"rotation":270,"texture":"#6","tintindex":0},"north":{"uv":[5.5064955,9.484212,6.7496,11.023249],"rotation":270,"texture":"#6","tintindex":0},"down":{"uv":[2.8756583,6.894715,8.192692,8.421742],"rotation":270,"texture":"#6","tintindex":0},"east":{"uv":[2.881542,6.921901,8.214513,8.425083],"rotation":0,"texture":"#6","tintindex":0},"west":{"uv":[2.8760679,6.8855805,8.188496,8.41433],"rotation":180,"texture":"#6","tintindex":0},"up":{"uv":[2.8828614,6.891872,8.197169,8.4187565],"rotation":270,"texture":"#6","tintindex":0}}},{"from":[8.194278,13.245714,5.57948],"to":[9.417135,14.525715,16.916624],"rotation":{"angle":45.0,"axis":"y","origin":[8.742857,17.657143,7.9428573]},"faces":{"south":{"uv":[5.5047965,9.482894,6.7506466,11.02255],"rotation":270,"texture":"#6","tintindex":0},"north":{"uv":[5.5064955,9.484212,6.7496,11.023249],"rotation":270,"texture":"#6","tintindex":0},"down":{"uv":[2.8756583,6.894715,9.199878,8.421742],"rotation":270,"texture":"#6","tintindex":0},"east":{"uv":[2.881542,6.921901,9.221699,8.425083],"rotation":0,"texture":"#6","tintindex":0},"west":{"uv":[2.8760679,6.8855805,9.195681,8.41433],"rotation":180,"texture":"#6","tintindex":0},"up":{"uv":[2.8828614,6.891872,9.204355,8.4187565],"rotation":270,"texture":"#6","tintindex":0}}},{"from":[14.537135,13.0742855,5.57948],"to":[15.759993,14.354286,16.973766],"rotation":{"angle":45.0,"axis":"y","origin":[15.085714,17.657143,7.9428573]},"faces":{"south":{"uv":[5.5047965,9.482894,6.7506466,11.02255],"rotation":270,"texture":"#6","tintindex":0},"north":{"uv":[5.5064955,9.484212,6.7496,11.023249],"rotation":270,"texture":"#6","tintindex":0},"down":{"uv":[2.8756583,6.894715,9.199878,8.421742],"rotation":270,"texture":"#6","tintindex":0},"east":{"uv":[2.881542,6.921901,9.221699,8.425083],"rotation":0,"texture":"#6","tintindex":0},"west":{"uv":[2.8760679,6.8855805,9.195681,8.41433],"rotation":180,"texture":"#6","tintindex":0},"up":{"uv":[2.8828614,6.891872,9.204355,8.4187565],"rotation":270,"texture":"#6","tintindex":0}}}],"textures":{"6":"modelengine:entity/captura de pantalla (1337)"},"display":{"head":{"translation":[0.0,-6.4,0.0],"scale":[4.0,4.0,4.0]}}}