{"elements":[{"from":[3.6457143,6.7314286,10.102858],"to":[10.697143,7.9542856,11.325714],"rotation":{"angle":0.0,"axis":"y","origin":[8.0,8.0,8.0]},"faces":{"south":{"uv":[2.881542,6.921901,9.165411,8.377179],"rotation":0,"texture":"#6","tintindex":0},"north":{"uv":[2.881542,6.921901,9.165411,8.377179],"rotation":0,"texture":"#6","tintindex":0},"down":{"uv":[2.893518,6.921901,9.165411,8.377179],"rotation":0,"texture":"#6","tintindex":0},"east":{"uv":[5.553398,9.521901,6.7402616,10.98676],"rotation":0,"texture":"#6","tintindex":0},"west":{"uv":[5.5191817,9.527497,6.713046,10.990377],"rotation":180,"texture":"#6","tintindex":0},"up":{"uv":[2.893518,6.921901,9.165411,8.377179],"rotation":0,"texture":"#6","tintindex":0}}}],"textures":{"6":"modelengine:entity/captura de pantalla (1337)"},"display":{"head":{"translation":[0.0,-6.4,0.0],"scale":[4.0,4.0,4.0]}}}