{"elements":[{"from":[8.045714,3.223071,18.385841],"to":[13.154286,4.4459286,19.6087],"rotation":{"angle":0.0,"axis":"y","origin":[8.0,4.457143,18.628572]},"faces":{"south":{"uv":[2.8851347,6.921901,6.991759,8.222688],"rotation":0,"texture":"#3","tintindex":0},"north":{"uv":[2.905494,6.921901,6.991759,8.222688],"rotation":0,"texture":"#3","tintindex":0},"down":{"uv":[2.8851347,6.921901,6.991759,8.222688],"rotation":0,"texture":"#3","tintindex":0},"east":{"uv":[5.553398,9.521901,6.7402616,10.98676],"rotation":0,"texture":"#3","tintindex":0},"west":{"uv":[5.5191817,9.527497,6.713046,10.990377],"rotation":180,"texture":"#3","tintindex":0},"up":{"uv":[2.8851347,6.921901,6.991759,8.222688],"rotation":0,"texture":"#3","tintindex":0}}}],"textures":{"3":"modelengine:entity/troncosmadera"},"display":{"head":{"translation":[0.0,-6.4,0.0],"scale":[4.0,4.0,4.0]}}}