{"elements":[{"from":[11.206113,7.017143,6.3962173],"to":[12.42897,8.297143,19.619076],"rotation":{"angle":-45.0,"axis":"z","origin":[11.828571,8.0,7.9428573]},"faces":{"south":{"uv":[5.5047965,9.482894,6.7506466,11.02255],"rotation":270,"texture":"#6","tintindex":0},"north":{"uv":[5.5064955,9.484212,6.7496,11.023249],"rotation":270,"texture":"#6","tintindex":0},"down":{"uv":[2.8876345,6.894715,9.199878,8.421742],"rotation":270,"texture":"#6","tintindex":0},"east":{"uv":[2.893518,6.921901,9.221699,8.425083],"rotation":0,"texture":"#6","tintindex":0},"west":{"uv":[2.8880439,6.8855805,9.175322,8.41433],"rotation":180,"texture":"#6","tintindex":0},"up":{"uv":[2.8948374,6.891872,9.204355,8.4187565],"rotation":270,"texture":"#6","tintindex":0}}},{"from":[9.189376,5.702857,6.550909],"to":[10.412233,6.982857,19.716625],"rotation":{"angle":-45.0,"axis":"z","origin":[9.657143,8.057143,8.057143]},"faces":{"south":{"uv":[5.5047965,9.482894,6.7506466,11.02255],"rotation":270,"texture":"#6","tintindex":0},"north":{"uv":[5.5064955,9.484212,6.7496,11.023249],"rotation":270,"texture":"#6","tintindex":0},"down":{"uv":[2.8876345,6.894715,9.199878,8.421742],"rotation":270,"texture":"#6","tintindex":0},"east":{"uv":[2.893518,6.921901,9.221699,8.425083],"rotation":0,"texture":"#6","tintindex":0},"west":{"uv":[2.8880439,6.8855805,9.175322,8.41433],"rotation":180,"texture":"#6","tintindex":0},"up":{"uv":[2.8948374,6.891872,9.204355,8.4187565],"rotation":270,"texture":"#6","tintindex":0}}},{"from":[13.272787,-0.9371433,-7.759922],"to":[14.495645,0.22857141,3.2343645],"rotation":{"angle":45.0,"axis":"x","origin":[13.257143,0.057142735,2.9142857]},"faces":{"south":{"uv":[5.5047965,9.482894,6.7506466,11.02255],"rotation":270,"texture":"#6","tintindex":0},"north":{"uv":[5.5064955,9.484212,6.7496,11.023249],"rotation":270,"texture":"#6","tintindex":0},"down":{"uv":[2.8756583,6.894715,9.199878,8.421742],"rotation":270,"texture":"#6","tintindex":0},"east":{"uv":[2.881542,6.921901,9.221699,8.425083],"rotation":0,"texture":"#6","tintindex":0},"west":{"uv":[2.8760679,6.8855805,9.195681,8.41433],"rotation":180,"texture":"#6","tintindex":0},"up":{"uv":[2.8828614,6.891872,9.204355,8.4187565],"rotation":270,"texture":"#6","tintindex":0}}},{"from":[6.8727865,-0.75428677,-7.759922],"to":[8.095644,0.41142845,3.3486505],"rotation":{"angle":45.0,"axis":"x","origin":[6.857143,0.057142735,2.9142857]},"faces":{"south":{"uv":[5.5047965,9.482894,6.7506466,11.02255],"rotation":270,"texture":"#6","tintindex":0},"north":{"uv":[5.5064955,9.484212,6.7496,11.023249],"rotation":270,"texture":"#6","tintindex":0},"down":{"uv":[2.8756583,6.894715,9.199878,8.421742],"rotation":270,"texture":"#6","tintindex":0},"east":{"uv":[2.881542,6.921901,9.221699,8.425083],"rotation":0,"texture":"#6","tintindex":0},"west":{"uv":[2.8760679,6.8855805,9.195681,8.41433],"rotation":180,"texture":"#6","tintindex":0},"up":{"uv":[2.8828614,6.891872,9.204355,8.4187565],"rotation":270,"texture":"#6","tintindex":0}}}],"textures":{"6":"modelengine:entity/captura de pantalla (1337)"},"display":{"head":{"translation":[0.0,-6.4,0.0],"scale":[4.0,4.0,4.0]}}}