{"elements":[{"from":[8.045714,6.7314286,6.845714],"to":[13.154286,7.9542856,8.068571],"rotation":{"angle":22.5,"axis":"x","origin":[8.0,8.0,8.0]},"faces":{"south":{"uv":[2.8851347,6.921901,6.991759,8.222688],"rotation":0,"texture":"#6","tintindex":0},"north":{"uv":[2.905494,6.921901,6.991759,8.222688],"rotation":0,"texture":"#6","tintindex":0},"down":{"uv":[2.8851347,6.921901,6.991759,8.222688],"rotation":0,"texture":"#6","tintindex":0},"east":{"uv":[5.553398,9.521901,6.7402616,10.98676],"rotation":0,"texture":"#6","tintindex":0},"west":{"uv":[5.5191817,9.527497,6.713046,10.990377],"rotation":180,"texture":"#6","tintindex":0},"up":{"uv":[2.8851347,6.921901,6.991759,8.222688],"rotation":0,"texture":"#6","tintindex":0}}},{"from":[8.102858,13.921152,10.28771],"to":[13.040001,15.144011,11.510567],"rotation":{"angle":0.0,"axis":"y","origin":[10.457143,14.514286,10.914286]},"faces":{"south":{"uv":[2.8851347,6.921901,9.092358,8.222688],"rotation":0,"texture":"#6","tintindex":0},"north":{"uv":[2.905494,6.921901,9.092358,8.222688],"rotation":0,"texture":"#6","tintindex":0},"down":{"uv":[2.8851347,6.921901,9.092358,8.222688],"rotation":0,"texture":"#6","tintindex":0},"east":{"uv":[5.553398,9.521901,6.7402616,10.98676],"rotation":0,"texture":"#6","tintindex":0},"west":{"uv":[5.5191817,9.527497,6.713046,10.990377],"rotation":180,"texture":"#6","tintindex":0},"up":{"uv":[2.8851347,6.921901,9.092358,8.222688],"rotation":0,"texture":"#6","tintindex":0}}}],"textures":{"6":"modelengine:entity/captura de pantalla (1337)"},"display":{"head":{"translation":[0.0,-6.4,0.0],"scale":[4.0,4.0,4.0]}}}