{"elements":[{"from":[7.3790474,8.826667,9.712381],"to":[8.544762,9.935238,13.56381],"rotation":{"angle":0.0,"axis":"y","origin":[7.9619045,9.380953,11.638096]},"faces":{"south":{"uv":[5.5047965,9.482894,6.7506466,11.02255],"rotation":270,"texture":"#3","tintindex":0},"north":{"uv":[5.5064955,9.484212,6.7496,11.023249],"rotation":270,"texture":"#3","tintindex":0},"down":{"uv":[2.8756583,6.894715,8.192692,8.421742],"rotation":270,"texture":"#3","tintindex":0},"east":{"uv":[2.881542,6.921901,8.214513,8.425083],"rotation":0,"texture":"#3","tintindex":0},"west":{"uv":[2.8760679,6.8855805,8.188496,8.41433],"rotation":180,"texture":"#3","tintindex":0},"up":{"uv":[2.8828614,6.891872,8.197169,8.4187565],"rotation":270,"texture":"#3","tintindex":0}}},{"from":[4.293333,8.826667,2.340952],"to":[5.5161905,10.106667,13.678096],"rotation":{"angle":0.0,"axis":"y","origin":[4.904762,9.466667,8.009523]},"faces":{"south":{"uv":[5.5047965,9.482894,6.7506466,11.02255],"rotation":270,"texture":"#3","tintindex":0},"north":{"uv":[5.5064955,9.484212,6.7496,11.023249],"rotation":270,"texture":"#3","tintindex":0},"down":{"uv":[2.8756583,6.894715,9.199878,8.421742],"rotation":270,"texture":"#3","tintindex":0},"east":{"uv":[2.881542,6.921901,9.221699,8.425083],"rotation":0,"texture":"#3","tintindex":0},"west":{"uv":[2.8760679,6.8855805,9.195681,8.41433],"rotation":180,"texture":"#3","tintindex":0},"up":{"uv":[2.9307656,6.891872,9.204355,8.4187565],"rotation":270,"texture":"#3","tintindex":0}}},{"from":[10.464762,8.798096,2.3123803],"to":[11.687619,10.078095,13.706667],"rotation":{"angle":0.0,"axis":"y","origin":[11.076191,9.438095,8.009523]},"faces":{"south":{"uv":[5.5047965,9.482894,6.7506466,11.02255],"rotation":270,"texture":"#3","tintindex":0},"north":{"uv":[5.5064955,9.484212,6.7496,11.023249],"rotation":270,"texture":"#3","tintindex":0},"down":{"uv":[2.8756583,6.894715,9.199878,8.421742],"rotation":270,"texture":"#3","tintindex":0},"east":{"uv":[2.881542,6.921901,9.221699,8.425083],"rotation":0,"texture":"#3","tintindex":0},"west":{"uv":[2.8760679,6.8855805,9.195681,8.41433],"rotation":180,"texture":"#3","tintindex":0},"up":{"uv":[2.9307656,6.891872,9.204355,8.4187565],"rotation":270,"texture":"#3","tintindex":0}}}],"textures":{"3":"modelengine:entity/troncosmadera"},"display":{"head":{"translation":[0.0,-6.4,0.0],"scale":[4.0,4.0,4.0]}}}