{"elements":[{"from":[0.022848606,11.76,-0.7633772],"to":[1.2457066,13.040001,7.888052],"rotation":{"angle":45.0,"axis":"y","origin":[8.571428,16.171429,0.0]},"faces":{"south":{"uv":[5.5047965,9.482894,6.7506466,11.02255],"rotation":270,"texture":"#6","tintindex":0},"north":{"uv":[5.5064955,9.484212,6.7496,11.023249],"rotation":270,"texture":"#6","tintindex":0},"down":{"uv":[2.8756583,6.894715,9.199878,8.421742],"rotation":270,"texture":"#6","tintindex":0},"east":{"uv":[2.881542,6.921901,9.221699,8.425083],"rotation":0,"texture":"#6","tintindex":0},"west":{"uv":[2.8760679,6.8855805,9.195681,8.41433],"rotation":180,"texture":"#6","tintindex":0},"up":{"uv":[2.8828614,6.891872,9.204355,8.4187565],"rotation":270,"texture":"#6","tintindex":0}}},{"from":[6.3657064,11.588572,-0.7633772],"to":[7.5885634,12.868572,7.9451947],"rotation":{"angle":45.0,"axis":"y","origin":[14.914286,16.171429,0.0]},"faces":{"south":{"uv":[5.5047965,9.482894,6.7506466,11.02255],"rotation":270,"texture":"#6","tintindex":0},"north":{"uv":[5.5064955,9.484212,6.7496,11.023249],"rotation":270,"texture":"#6","tintindex":0},"down":{"uv":[2.8756583,6.894715,9.199878,8.421742],"rotation":270,"texture":"#6","tintindex":0},"east":{"uv":[2.881542,6.921901,9.221699,8.425083],"rotation":0,"texture":"#6","tintindex":0},"west":{"uv":[2.8760679,6.8855805,9.195681,8.41433],"rotation":180,"texture":"#6","tintindex":0},"up":{"uv":[2.9307656,6.891872,9.204355,8.4187565],"rotation":270,"texture":"#6","tintindex":0}}}],"textures":{"6":"modelengine:entity/captura de pantalla (1337)"},"display":{"head":{"translation":[0.0,-6.4,0.0],"scale":[4.0,4.0,4.0]}}}