{"elements":[{"from":[8.271895,7.91587,7.943479],"to":[8.386181,8.030156,10.046336],"rotation":{"angle":0.0,"axis":"y","origin":[8.0,7.9999046,8.000037]},"faces":{"south":{"uv":[0.0,8.847839,6.924992,8.01632],"rotation":0,"texture":"#4","tintindex":0},"north":{"uv":[0.0,8.847839,6.924992,8.01632],"rotation":0,"texture":"#4","tintindex":0},"down":{"uv":[0.0,8.08924,6.8518176,8.8],"rotation":270,"texture":"#4","tintindex":0},"east":{"uv":[0.0,8.8,6.9774437,8.04],"rotation":0,"texture":"#4","tintindex":0},"west":{"uv":[0.0,8.92,6.857143,8.2],"rotation":0,"texture":"#4","tintindex":0},"up":{"uv":[0.0,8.871518,6.8127112,8.176],"rotation":0,"texture":"#4","tintindex":0}}}],"textures":{"4":"modelengine:entity/ladrillo_piedra_liza"},"display":{"head":{"translation":[0.0,-6.4,0.0],"scale":[4.0,4.0,4.0]}}}