{"elements":[{"from":[8.277444,29.772718,6.25962],"to":[8.391729,29.887005,8.362477],"rotation":{"angle":0.0,"axis":"y","origin":[8.0,8.000015,7.999916]},"faces":{"south":{"uv":[8.10025,8.749875,16.0,8.10025],"rotation":0,"texture":"#4","tintindex":0},"north":{"uv":[8.10025,8.749875,16.0,8.10025],"rotation":0,"texture":"#4","tintindex":0},"down":{"uv":[8.10025,8.749875,16.0,8.10025],"rotation":0,"texture":"#4","tintindex":0},"east":{"uv":[8.10025,8.749875,16.0,8.10025],"rotation":0,"texture":"#4","tintindex":0},"west":{"uv":[8.10025,8.749875,16.0,8.10025],"rotation":0,"texture":"#4","tintindex":0},"up":{"uv":[8.10025,8.749875,16.0,8.10025],"rotation":0,"texture":"#4","tintindex":0}}}],"textures":{"4":"modelengine:entity/ladrillo_piedra_liza"},"display":{"head":{"translation":[0.0,-6.4,0.0],"scale":[4.0,4.0,4.0]}}}