{"elements":[{"from":[8.525714,20.141647,26.920341],"to":[8.754286,20.827362,27.034628],"rotation":{"angle":0.0,"axis":"y","origin":[8.64,20.484505,26.977486]},"faces":{"south":{"uv":[0.120300755,0.0125,13.465664,1.0345864],"rotation":0,"texture":"#4","tintindex":0},"north":{"uv":[0.0,0.0125,13.465664,1.0345864],"rotation":0,"texture":"#4","tintindex":0},"down":{"uv":[0.0,0.003125,13.465664,1.0345864],"rotation":0,"texture":"#4","tintindex":0},"east":{"uv":[0.0,0.0125,13.465664,1.0345864],"rotation":0,"texture":"#4","tintindex":0},"west":{"uv":[0.0,0.0125,13.465664,1.0345864],"rotation":0,"texture":"#4","tintindex":0},"up":{"uv":[0.0,0.003125,13.465664,1.0345864],"rotation":0,"texture":"#4","tintindex":0}}},{"from":[9.097143,20.141647,26.920341],"to":[9.325714,20.827362,27.034628],"rotation":{"angle":0.0,"axis":"y","origin":[9.211429,20.484505,26.977486]},"faces":{"south":{"uv":[0.0,0.0125,13.465664,1.0345864],"rotation":0,"texture":"#4","tintindex":0},"north":{"uv":[0.0,0.0125,13.465664,1.0345864],"rotation":0,"texture":"#4","tintindex":0},"down":{"uv":[0.0,0.003125,13.465664,1.0345864],"rotation":0,"texture":"#4","tintindex":0},"east":{"uv":[0.0,0.2531015,13.465664,1.275188],"rotation":0,"texture":"#4","tintindex":0},"west":{"uv":[0.0,0.0125,13.465664,1.0345864],"rotation":0,"texture":"#4","tintindex":0},"up":{"uv":[0.0,0.003125,13.465664,1.0345864],"rotation":0,"texture":"#4","tintindex":0}}},{"from":[8.52,19.953693,26.920341],"to":[9.32,20.182262,27.034628],"rotation":{"angle":0.0,"axis":"y","origin":[8.92,20.067978,26.977486]},"faces":{"south":{"uv":[0.0,0.20498121,13.465664,1.0345864],"rotation":0,"texture":"#4","tintindex":0},"north":{"uv":[0.0,0.20498121,13.465664,1.0345864],"rotation":0,"texture":"#4","tintindex":0},"down":{"uv":[0.0,0.1956062,13.465664,1.0345864],"rotation":0,"texture":"#4","tintindex":0},"east":{"uv":[0.0,0.20498121,13.465664,1.0345864],"rotation":0,"texture":"#4","tintindex":0},"west":{"uv":[0.0,0.20498121,13.465664,1.0345864],"rotation":0,"texture":"#4","tintindex":0},"up":{"uv":[0.0,0.1956062,13.465664,1.0345864],"rotation":0,"texture":"#4","tintindex":0}}},{"from":[8.524571,20.639408,26.92537],"to":[9.324572,20.867977,27.039656],"rotation":{"angle":0.0,"axis":"y","origin":[8.696213,16.211742,5.8369136]},"faces":{"south":{"uv":[0.0,0.20498121,13.465664,1.0345864],"rotation":0,"texture":"#4","tintindex":0},"north":{"uv":[0.0,0.20498121,13.465664,1.0345864],"rotation":0,"texture":"#4","tintindex":0},"down":{"uv":[0.0,0.1956062,13.465664,1.0345864],"rotation":0,"texture":"#4","tintindex":0},"east":{"uv":[0.0,0.20498121,13.465664,1.0345864],"rotation":0,"texture":"#4","tintindex":0},"west":{"uv":[0.0,0.20498121,13.465664,1.0345864],"rotation":0,"texture":"#4","tintindex":0},"up":{"uv":[0.0,0.1956062,13.465664,1.0345864],"rotation":0,"texture":"#4","tintindex":0}}}],"textures":{"4":"modelengine:entity/ladrillo_piedra_liza"},"display":{"head":{"translation":[0.0,-6.4,0.0],"scale":[4.0,4.0,4.0]}}}