{"elements":[{"from":[8.982857,26.897663,-3.5854359],"to":[9.097143,27.011948,-3.276865],"rotation":{"angle":0.0,"axis":"y","origin":[8.0,7.9999204,7.999927]},"faces":{"south":{"uv":[8.10025,8.10025,16.0,8.749875],"rotation":0,"texture":"#4","tintindex":0},"north":{"uv":[8.10025,8.10025,16.0,8.749875],"rotation":0,"texture":"#4","tintindex":0},"down":{"uv":[8.10025,8.10025,16.0,8.749875],"rotation":0,"texture":"#4","tintindex":0},"east":{"uv":[8.10025,8.10025,16.0,8.749875],"rotation":0,"texture":"#4","tintindex":0},"west":{"uv":[8.10025,8.10025,16.0,8.749875],"rotation":0,"texture":"#4","tintindex":0},"up":{"uv":[8.10025,8.10025,16.0,8.749875],"rotation":0,"texture":"#4","tintindex":0}}},{"from":[8.982857,26.669092,-3.5854359],"to":[9.097143,26.783377,-3.3797216],"rotation":{"angle":0.0,"axis":"y","origin":[8.0,7.771349,7.999927]},"faces":{"south":{"uv":[8.10025,8.10025,16.0,8.749875],"rotation":0,"texture":"#4","tintindex":0},"north":{"uv":[8.10025,8.10025,16.0,8.749875],"rotation":0,"texture":"#4","tintindex":0},"down":{"uv":[8.10025,8.10025,16.0,8.749875],"rotation":0,"texture":"#4","tintindex":0},"east":{"uv":[8.10025,8.10025,16.0,8.749875],"rotation":0,"texture":"#4","tintindex":0},"west":{"uv":[8.10025,8.10025,16.0,8.749875],"rotation":0,"texture":"#4","tintindex":0},"up":{"uv":[8.10025,8.10025,16.0,8.749875],"rotation":0,"texture":"#4","tintindex":0}}}],"textures":{"4":"modelengine:entity/ladrillo_piedra_liza"},"display":{"head":{"translation":[0.0,-6.4,0.0],"scale":[4.0,4.0,4.0]}}}