{"elements":[{"from":[8.982857,5.560927,0.44618177],"to":[9.097143,5.675213,0.7547531],"rotation":{"angle":0.0,"axis":"y","origin":[8.0,7.9999204,7.999927]},"faces":{"south":{"uv":[0.0,8.01632,6.924992,8.847839],"rotation":0,"texture":"#4","tintindex":0},"north":{"uv":[0.0,8.01632,6.924992,8.847839],"rotation":0,"texture":"#4","tintindex":0},"down":{"uv":[0.0,8.08924,6.8518176,8.8],"rotation":270,"texture":"#4","tintindex":0},"east":{"uv":[0.0,8.04,6.9774437,8.8],"rotation":0,"texture":"#4","tintindex":0},"west":{"uv":[0.0,8.2,6.857143,8.92],"rotation":0,"texture":"#4","tintindex":0},"up":{"uv":[0.0,8.176,6.8127112,8.871518],"rotation":0,"texture":"#4","tintindex":0}}},{"from":[8.982857,5.3323555,0.44618177],"to":[9.097143,5.446641,0.6518965],"rotation":{"angle":0.0,"axis":"y","origin":[8.0,7.771349,7.999927]},"faces":{"south":{"uv":[259.208,259.208,512.0,279.996],"rotation":0,"texture":"#missing","tintindex":0},"north":{"uv":[259.208,259.208,512.0,279.996],"rotation":0,"texture":"#missing","tintindex":0},"down":{"uv":[259.208,259.208,512.0,279.996],"rotation":0,"texture":"#missing","tintindex":0},"east":{"uv":[259.208,259.208,512.0,279.996],"rotation":0,"texture":"#missing","tintindex":0},"west":{"uv":[259.208,259.208,512.0,279.996],"rotation":0,"texture":"#missing","tintindex":0},"up":{"uv":[259.208,259.208,512.0,279.996],"rotation":0,"texture":"#missing","tintindex":0}}}],"textures":{"4":"modelengine:entity/ladrillo_piedra_liza"},"display":{"head":{"translation":[0.0,-6.4,0.0],"scale":[4.0,4.0,4.0]}}}