{"elements":[{"from":[8.525714,15.183172,5.779771],"to":[8.754286,15.868887,5.8940563],"rotation":{"angle":0.0,"axis":"y","origin":[9.6,12.342857,8.0]},"faces":{"south":{"uv":[0.0,0.10237593,14.829123,0.9682706],"rotation":0,"texture":"#5","tintindex":0},"north":{"uv":[0.0,0.10237593,14.829123,0.9682706],"rotation":0,"texture":"#5","tintindex":0},"down":{"uv":[0.0,0.10237593,14.829123,0.9682706],"rotation":0,"texture":"#5","tintindex":0},"east":{"uv":[0.0,0.10237593,14.829123,0.9682706],"rotation":0,"texture":"#5","tintindex":0},"west":{"uv":[0.0,0.10237593,14.829123,0.9682706],"rotation":0,"texture":"#5","tintindex":0},"up":{"uv":[0.0,0.10237593,14.829123,0.9682706],"rotation":0,"texture":"#5","tintindex":0}}},{"from":[9.097143,15.183172,5.779771],"to":[9.325714,15.868887,5.8940563],"rotation":{"angle":0.0,"axis":"y","origin":[9.6,12.342857,8.0]},"faces":{"south":{"uv":[0.0,0.10237593,14.829123,0.9682706],"rotation":0,"texture":"#5","tintindex":0},"north":{"uv":[0.0,0.10237593,14.829123,0.9682706],"rotation":0,"texture":"#5","tintindex":0},"down":{"uv":[0.0,0.10237593,14.829123,0.9682706],"rotation":0,"texture":"#5","tintindex":0},"east":{"uv":[0.0,0.10237593,14.829123,0.9682706],"rotation":0,"texture":"#5","tintindex":0},"west":{"uv":[0.0,0.10237593,14.829123,0.9682706],"rotation":0,"texture":"#5","tintindex":0},"up":{"uv":[0.0,0.10237593,14.829123,0.9682706],"rotation":0,"texture":"#5","tintindex":0}}},{"from":[8.52,14.995216,5.779771],"to":[9.32,15.223787,5.8940563],"rotation":{"angle":0.0,"axis":"y","origin":[8.696213,15.52603,5.8369136]},"faces":{"south":{"uv":[0.0,0.10237593,12.93423,1.058426],"rotation":90,"texture":"#5","tintindex":0},"north":{"uv":[0.0,0.10237593,12.93423,1.058426],"rotation":90,"texture":"#5","tintindex":0},"down":{"uv":[0.0,0.10237593,12.93423,1.058426],"rotation":90,"texture":"#5","tintindex":0},"east":{"uv":[0.0,0.10237593,12.93423,1.058426],"rotation":90,"texture":"#5","tintindex":0},"west":{"uv":[0.0,0.10237593,12.93423,1.058426],"rotation":90,"texture":"#5","tintindex":0},"up":{"uv":[0.0,0.10237593,12.93423,1.058426],"rotation":90,"texture":"#5","tintindex":0}}},{"from":[8.524571,15.68093,5.7847996],"to":[9.324572,15.909502,5.899085],"rotation":{"angle":0.0,"axis":"y","origin":[8.696213,16.211742,5.8369136]},"faces":{"south":{"uv":[0.0,0.10237593,12.93423,1.058426],"rotation":90,"texture":"#5","tintindex":0},"north":{"uv":[0.0,0.10237593,12.93423,1.058426],"rotation":90,"texture":"#5","tintindex":0},"down":{"uv":[0.0,0.10237593,12.93423,1.058426],"rotation":90,"texture":"#5","tintindex":0},"east":{"uv":[0.0,0.10237593,12.93423,1.058426],"rotation":90,"texture":"#5","tintindex":0},"west":{"uv":[0.0,0.10237593,12.93423,1.058426],"rotation":90,"texture":"#5","tintindex":0},"up":{"uv":[0.0,0.10237593,12.93423,1.058426],"rotation":90,"texture":"#5","tintindex":0}}}],"textures":{"5":"modelengine:entity/ladrillo_piedra_liza"},"display":{"head":{"translation":[0.0,-6.4,0.0],"scale":[4.0,4.0,4.0]}}}