{"elements":[{"from":[7.7714286,7.6571426,7.4857144],"to":[8.228572,8.342857,8.514286],"rotation":{"angle":0.0,"axis":"y","origin":[21.942858,-2.8571434,-37.88572]},"faces":{"south":{"uv":[5.3172574,11.5257015,6.3923364,15.0134735],"rotation":0,"texture":"#6","tintindex":0},"north":{"uv":[5.3172574,11.5257015,6.3923364,15.0134735],"rotation":0,"texture":"#6","tintindex":0},"down":{"uv":[5.3172574,11.5257015,6.3923364,15.0134735],"rotation":0,"texture":"#6","tintindex":0},"east":{"uv":[5.7851057,11.042668,10.06171,15.45134],"rotation":0,"texture":"#6","tintindex":0},"west":{"uv":[5.7851057,11.042668,10.06171,15.45134],"rotation":0,"texture":"#6","tintindex":0},"up":{"uv":[5.3172574,11.5257015,6.3923364,15.0134735],"rotation":0,"texture":"#6","tintindex":0}}}],"textures":{"6":"modelengine:entity/bloqueslizos"},"display":{"head":{"translation":[0.0,-6.4,0.0],"scale":[4.0,4.0,4.0]}}}