{"elements":[{"from":[7.542857,8.228572,7.885714],"to":[8.0,9.142858,8.914286],"rotation":{"angle":0.0,"axis":"y","origin":[-5.9428577,-2.285715,-37.485714]},"faces":{"south":{"uv":[5.3172574,11.5257015,6.3923364,15.0134735],"rotation":0,"texture":"#5","tintindex":0},"north":{"uv":[5.3172574,11.5257015,6.3923364,15.0134735],"rotation":0,"texture":"#5","tintindex":0},"down":{"uv":[5.3172574,11.5257015,6.3923364,15.0134735],"rotation":0,"texture":"#5","tintindex":0},"east":{"uv":[5.7851057,11.042668,10.06171,15.45134],"rotation":0,"texture":"#5","tintindex":0},"west":{"uv":[5.7851057,11.042668,10.06171,15.45134],"rotation":0,"texture":"#5","tintindex":0},"up":{"uv":[5.3172574,11.5257015,6.3923364,15.0134735],"rotation":0,"texture":"#5","tintindex":0}}}],"textures":{"5":"modelengine:entity/bloqueslizos"},"display":{"head":{"translation":[0.0,-6.4,0.0],"scale":[4.0,4.0,4.0]}}}