{"elements":[{"from":[5.149571,1.554285,3.4177117],"to":[7.7552853,11.245714,13.10914],"rotation":{"angle":0.0,"axis":"x","origin":[8.0,8.0,8.0]},"faces":{"south":{"uv":[0.0,7.2,15.558897,0.0],"rotation":90,"texture":"#4","tintindex":0},"north":{"uv":[0.0,7.2,15.558897,0.0],"rotation":90,"texture":"#4","tintindex":0},"down":{"uv":[0.04493778,7.2,15.558897,0.0],"rotation":90,"texture":"#4","tintindex":0},"east":{"uv":[0.0,7.2,15.558897,0.0],"rotation":90,"texture":"#4","tintindex":0},"west":{"uv":[0.0,7.2,15.558897,0.0],"rotation":90,"texture":"#4","tintindex":0},"up":{"uv":[0.0,7.2,8.3315115,0.28],"rotation":90,"texture":"#4","tintindex":0}}},{"from":[2.4067135,6.582857,2.0462828],"to":[6.8409996,12.617144,14.937713],"rotation":{"angle":0.0,"axis":"x","origin":[8.0,8.0,8.0]},"faces":{"south":{"uv":[0.0,7.2,15.558897,0.0],"rotation":90,"texture":"#4","tintindex":0},"north":{"uv":[0.0,7.2,15.558897,0.0],"rotation":90,"texture":"#4","tintindex":0},"down":{"uv":[0.04493778,7.2,15.558897,0.0],"rotation":90,"texture":"#4","tintindex":0},"east":{"uv":[0.0,7.2,15.558897,0.0],"rotation":90,"texture":"#4","tintindex":0},"west":{"uv":[0.0,7.2,15.558897,0.0],"rotation":90,"texture":"#4","tintindex":0},"up":{"uv":[0.0,7.2,8.3315115,0.28],"rotation":90,"texture":"#4","tintindex":0}}},{"from":[2.4067135,0.8685708,2.0462828],"to":[6.8409996,6.674286,14.937713],"rotation":{"angle":0.0,"axis":"x","origin":[8.0,1.1428566,8.0]},"faces":{"south":{"uv":[0.0,7.2,15.558897,0.0],"rotation":90,"texture":"#4","tintindex":0},"north":{"uv":[0.0,7.2,15.558897,0.0],"rotation":90,"texture":"#4","tintindex":0},"down":{"uv":[0.04493778,7.2,15.558897,0.0],"rotation":90,"texture":"#4","tintindex":0},"east":{"uv":[0.0,7.2,15.558897,0.0],"rotation":90,"texture":"#4","tintindex":0},"west":{"uv":[0.0,7.2,15.558897,0.0],"rotation":90,"texture":"#4","tintindex":0},"up":{"uv":[0.0,7.2,8.3315115,0.28],"rotation":90,"texture":"#4","tintindex":0}}},{"from":[1.5503993,9.325714,1.7425132],"to":[4.613257,13.0742855,14.8625145],"rotation":{"angle":0.0,"axis":"x","origin":[8.0,7.7714286,7.542857]},"faces":{"south":{"uv":[16.0,0.0,0.0,7.1010528],"rotation":0,"texture":"#4","tintindex":0},"north":{"uv":[15.326436,0.0,0.0,7.1010528],"rotation":0,"texture":"#4","tintindex":0},"down":{"uv":[16.0,0.0,0.043316312,7.1010528],"rotation":0,"texture":"#4","tintindex":0},"east":{"uv":[15.326436,0.0,0.0,7.1010528],"rotation":0,"texture":"#4","tintindex":0},"west":{"uv":[16.0,0.0,0.0,7.1010528],"rotation":0,"texture":"#4","tintindex":0},"up":{"uv":[16.0,0.0,0.16361707,7.1010528],"rotation":0,"texture":"#4","tintindex":0}}},{"from":[3.3209991,1.554285,3.4177117],"to":[5.926714,11.245714,13.10914],"rotation":{"angle":0.0,"axis":"x","origin":[8.0,8.0,8.0]},"faces":{"south":{"uv":[0.0,0.0,512.0,254.0752],"rotation":0,"texture":"#missing","tintindex":0},"north":{"uv":[0.0,0.0,512.0,254.0752],"rotation":0,"texture":"#missing","tintindex":0},"down":{"uv":[0.0,0.0,512.0,254.0752],"rotation":0,"texture":"#missing","tintindex":0},"east":{"uv":[0.0,0.0,512.0,254.0752],"rotation":0,"texture":"#missing","tintindex":0},"west":{"uv":[248.94235,295.13785,236.11028,375.97995],"rotation":0,"texture":"#missing","tintindex":0},"up":{"uv":[0.0,0.0,512.0,259.208],"rotation":270,"texture":"#missing","tintindex":0}}},{"from":[1.5504661,-0.27428627,1.7425351],"to":[4.613323,3.4742856,15.319679],"rotation":{"angle":0.0,"axis":"x","origin":[6.857143,9.828571,6.6285715]},"faces":{"south":{"uv":[16.0,0.0,0.0,7.1010528],"rotation":0,"texture":"#4","tintindex":0},"north":{"uv":[15.326436,0.0,0.0,7.1010528],"rotation":0,"texture":"#4","tintindex":0},"down":{"uv":[16.0,0.0,0.043316312,7.1010528],"rotation":0,"texture":"#4","tintindex":0},"east":{"uv":[15.326436,0.0,0.0,7.1010528],"rotation":0,"texture":"#4","tintindex":0},"west":{"uv":[16.0,0.0,0.0,7.1010528],"rotation":0,"texture":"#4","tintindex":0},"up":{"uv":[16.0,0.0,0.16361707,7.1010528],"rotation":0,"texture":"#4","tintindex":0}}}],"textures":{"4":"modelengine:entity/ladrillo_piedra_liza"},"display":{"head":{"translation":[0.0,-6.4,0.0],"scale":[4.0,4.0,4.0]}}}