{"elements":[{"from":[-12.400827,1.554285,-3.5441704],"to":[-9.795113,11.245714,6.1472583],"rotation":{"angle":0.0,"axis":"x","origin":[11.017597,8.0,8.0]},"faces":{"south":{"uv":[0.0,0.160401,16.0,7.93985],"rotation":0,"texture":"#4","tintindex":0},"north":{"uv":[0.0,0.0,16.0,7.93985],"rotation":0,"texture":"#4","tintindex":0},"down":{"uv":[0.0,0.0802005,16.0,7.93985],"rotation":0,"texture":"#4","tintindex":0},"east":{"uv":[0.0,0.0,16.0,7.93985],"rotation":0,"texture":"#4","tintindex":0},"west":{"uv":[0.0,6.857143,16.0,7.93985],"rotation":0,"texture":"#4","tintindex":0},"up":{"uv":[0.0,0.160401,16.0,8.10025],"rotation":270,"texture":"#4","tintindex":0}}},{"from":[-15.143684,6.582857,-4.9156],"to":[-10.709398,12.617144,7.97583],"rotation":{"angle":0.0,"axis":"x","origin":[11.017597,8.0,8.0]},"faces":{"south":{"uv":[0.0,0.160401,16.0,7.93985],"rotation":0,"texture":"#4","tintindex":0},"north":{"uv":[0.0,0.0,16.0,7.93985],"rotation":0,"texture":"#4","tintindex":0},"down":{"uv":[0.0,0.0,16.0,7.93985],"rotation":0,"texture":"#4","tintindex":0},"east":{"uv":[0.0,0.0,16.0,7.93985],"rotation":0,"texture":"#4","tintindex":0},"west":{"uv":[6.817043,14.957394,0.0,13.914787],"rotation":0,"texture":"#4","tintindex":0},"up":{"uv":[0.0,0.0,16.0,8.10025],"rotation":270,"texture":"#4","tintindex":0}}},{"from":[-15.143684,0.8685708,-4.9156],"to":[-10.709398,6.674286,7.97583],"rotation":{"angle":0.0,"axis":"x","origin":[11.017597,1.1428566,8.0]},"faces":{"south":{"uv":[0.0,0.0,16.0,7.93985],"rotation":0,"texture":"#4","tintindex":0},"north":{"uv":[0.0,1.0827068,16.0,7.93985],"rotation":0,"texture":"#4","tintindex":0},"down":{"uv":[0.0,0.120300755,16.0,7.93985],"rotation":0,"texture":"#4","tintindex":0},"east":{"uv":[0.0,0.0,16.0,7.93985],"rotation":0,"texture":"#4","tintindex":0},"west":{"uv":[6.817043,14.957394,0.0,13.914787],"rotation":0,"texture":"#4","tintindex":0},"up":{"uv":[0.0,0.0,16.0,8.10025],"rotation":270,"texture":"#4","tintindex":0}}},{"from":[-16.0,9.325714,-5.21937],"to":[-12.937141,13.0742855,7.900632],"rotation":{"angle":0.0,"axis":"x","origin":[11.017597,7.7714286,7.542857]},"faces":{"south":{"uv":[0.0,0.0,16.0,7.93985],"rotation":0,"texture":"#4","tintindex":0},"north":{"uv":[0.0,0.0,16.0,7.93985],"rotation":0,"texture":"#4","tintindex":0},"down":{"uv":[0.0,0.0,16.0,7.93985],"rotation":0,"texture":"#4","tintindex":0},"east":{"uv":[0.0,0.0,16.0,7.93985],"rotation":0,"texture":"#4","tintindex":0},"west":{"uv":[15.037594,0.0,1.0025063,7.5789475],"rotation":0,"texture":"#4","tintindex":0},"up":{"uv":[0.0,0.0,16.0,8.10025],"rotation":270,"texture":"#4","tintindex":0}}},{"from":[-14.229401,1.554285,-3.5441704],"to":[-11.623686,11.245714,6.1472583],"rotation":{"angle":0.0,"axis":"x","origin":[11.017597,8.0,8.0]},"faces":{"south":{"uv":[0.0,0.0,16.0,7.93985],"rotation":0,"texture":"#4","tintindex":0},"north":{"uv":[0.0,0.0,16.0,7.93985],"rotation":0,"texture":"#4","tintindex":0},"down":{"uv":[0.0,0.0,16.0,7.93985],"rotation":0,"texture":"#4","tintindex":0},"east":{"uv":[0.0,0.0,16.0,7.93985],"rotation":0,"texture":"#4","tintindex":0},"west":{"uv":[7.7794485,9.223058,7.378446,11.749373],"rotation":0,"texture":"#4","tintindex":0},"up":{"uv":[0.0,0.0,16.0,8.10025],"rotation":270,"texture":"#4","tintindex":0}}},{"from":[-15.999931,-0.27428627,-5.219348],"to":[-12.937075,3.4742856,8.357796],"rotation":{"angle":0.0,"axis":"x","origin":[9.87474,9.828571,6.6285715]},"faces":{"south":{"uv":[0.0,0.0,16.0,7.93985],"rotation":0,"texture":"#4","tintindex":0},"north":{"uv":[0.0,0.0,16.0,7.93985],"rotation":0,"texture":"#4","tintindex":0},"down":{"uv":[1.0025063,7.859649,14.917294,1.1629072],"rotation":90,"texture":"#4","tintindex":0},"east":{"uv":[0.0,0.0,16.0,7.93985],"rotation":0,"texture":"#4","tintindex":0},"west":{"uv":[14.756892,7.418546,0.0,0.0],"rotation":0,"texture":"#4","tintindex":0},"up":{"uv":[0.0,0.0,16.0,8.10025],"rotation":270,"texture":"#4","tintindex":0}}}],"textures":{"4":"modelengine:entity/ladrillo_piedra_liza"},"display":{"head":{"translation":[-12.070389,-6.4,0.0],"scale":[4.0,4.0,4.0]}}}