{"elements":[{"from":[-11.200001,26.994286,31.565716],"to":[-10.537144,32.0,32.0],"rotation":{"angle":0.0,"axis":"y","origin":[-10.754286,29.554285,31.782856]},"faces":{"south":{"uv":[0.0859375,0.0625,0.103125,0.13125],"rotation":0,"texture":"#5","tintindex":0},"north":{"uv":[0.7421875,0.0625,0.759375,0.13125],"rotation":0,"texture":"#5","tintindex":0},"down":{"uv":[1.25,0.0109375,1.2671875,0.021875],"rotation":0,"texture":"#5","tintindex":0},"east":{"uv":[0.0109375,0.0625,0.021875,0.13125],"rotation":0,"texture":"#5","tintindex":0},"west":{"uv":[0.6671875,0.0625,0.678125,0.13125],"rotation":0,"texture":"#5","tintindex":0},"up":{"uv":[0.65625,0.0734375,0.6734375,0.084375],"rotation":0,"texture":"#5","tintindex":0}}},{"from":[-11.428572,26.994286,25.965714],"to":[-10.537144,32.0,26.399998],"rotation":{"angle":0.0,"axis":"y","origin":[-10.754286,29.554285,26.182854]},"faces":{"south":{"uv":[0.0859375,0.0625,0.103125,0.13125],"rotation":0,"texture":"#5","tintindex":0},"north":{"uv":[0.7421875,0.0625,0.759375,0.13125],"rotation":0,"texture":"#5","tintindex":0},"down":{"uv":[1.25,0.0109375,1.2671875,0.021875],"rotation":0,"texture":"#5","tintindex":0},"east":{"uv":[0.0109375,0.0625,0.021875,0.13125],"rotation":0,"texture":"#5","tintindex":0},"west":{"uv":[0.6671875,0.0625,0.678125,0.13125],"rotation":0,"texture":"#5","tintindex":0},"up":{"uv":[0.65625,0.0734375,0.6734375,0.084375],"rotation":0,"texture":"#5","tintindex":0}}},{"from":[-3.6571436,26.994286,31.565716],"to":[-2.9942865,32.0,32.0],"rotation":{"angle":0.0,"axis":"y","origin":[-3.4400005,29.554285,31.782856]},"faces":{"south":{"uv":[0.0859375,0.0625,0.103125,0.13125],"rotation":0,"texture":"#5","tintindex":0},"north":{"uv":[0.7421875,0.0625,0.759375,0.13125],"rotation":0,"texture":"#5","tintindex":0},"down":{"uv":[1.25,0.0109375,1.2671875,0.021875],"rotation":0,"texture":"#5","tintindex":0},"east":{"uv":[0.0109375,0.0625,0.021875,0.13125],"rotation":0,"texture":"#5","tintindex":0},"west":{"uv":[0.6671875,0.0625,0.678125,0.13125],"rotation":0,"texture":"#5","tintindex":0},"up":{"uv":[0.65625,0.0734375,0.6734375,0.084375],"rotation":0,"texture":"#5","tintindex":0}}},{"from":[-3.6571436,26.994286,25.965714],"to":[-2.7657146,32.0,26.399998],"rotation":{"angle":0.0,"axis":"y","origin":[-3.4400005,29.554285,26.182854]},"faces":{"south":{"uv":[0.0859375,0.0625,0.103125,0.13125],"rotation":0,"texture":"#5","tintindex":0},"north":{"uv":[0.7421875,0.0625,0.759375,0.13125],"rotation":0,"texture":"#5","tintindex":0},"down":{"uv":[1.25,0.0109375,1.2671875,0.021875],"rotation":0,"texture":"#5","tintindex":0},"east":{"uv":[0.0109375,0.0625,0.021875,0.13125],"rotation":0,"texture":"#5","tintindex":0},"west":{"uv":[0.6671875,0.0625,0.678125,0.13125],"rotation":0,"texture":"#5","tintindex":0},"up":{"uv":[0.65625,0.0734375,0.6734375,0.084375],"rotation":0,"texture":"#5","tintindex":0}}},{"from":[1.0285711,26.994286,31.565716],"to":[1.6914282,32.0,32.0],"rotation":{"angle":0.0,"axis":"y","origin":[1.5314283,29.554285,31.782856]},"faces":{"south":{"uv":[0.0859375,0.0625,0.103125,0.13125],"rotation":0,"texture":"#5","tintindex":0},"north":{"uv":[0.7421875,0.0625,0.759375,0.13125],"rotation":0,"texture":"#5","tintindex":0},"down":{"uv":[1.25,0.0109375,1.2671875,0.021875],"rotation":0,"texture":"#5","tintindex":0},"east":{"uv":[0.0109375,0.0625,0.021875,0.13125],"rotation":0,"texture":"#5","tintindex":0},"west":{"uv":[0.6671875,0.0625,0.678125,0.13125],"rotation":0,"texture":"#5","tintindex":0},"up":{"uv":[0.65625,0.0734375,0.6734375,0.084375],"rotation":0,"texture":"#5","tintindex":0}}},{"from":[0.85714245,26.994286,25.965714],"to":[1.7485714,32.0,26.399998],"rotation":{"angle":0.0,"axis":"y","origin":[1.5314283,29.554285,26.182854]},"faces":{"south":{"uv":[0.0859375,0.0625,0.103125,0.13125],"rotation":0,"texture":"#5","tintindex":0},"north":{"uv":[0.7421875,0.0625,0.759375,0.13125],"rotation":0,"texture":"#5","tintindex":0},"down":{"uv":[1.25,0.0109375,1.2671875,0.021875],"rotation":0,"texture":"#5","tintindex":0},"east":{"uv":[0.0109375,0.0625,0.021875,0.13125],"rotation":0,"texture":"#5","tintindex":0},"west":{"uv":[0.6671875,0.0625,0.678125,0.13125],"rotation":0,"texture":"#5","tintindex":0},"up":{"uv":[0.65625,0.0734375,0.6734375,0.084375],"rotation":0,"texture":"#5","tintindex":0}}},{"from":[13.257143,26.994286,25.965714],"to":[14.148572,32.0,26.399998],"rotation":{"angle":0.0,"axis":"y","origin":[13.702858,29.554285,26.182854]},"faces":{"south":{"uv":[0.0859375,0.0625,0.103125,0.13125],"rotation":0,"texture":"#5","tintindex":0},"north":{"uv":[0.7421875,0.0625,0.759375,0.13125],"rotation":0,"texture":"#5","tintindex":0},"down":{"uv":[1.25,0.0109375,1.2671875,0.021875],"rotation":0,"texture":"#5","tintindex":0},"east":{"uv":[0.0109375,0.0625,0.021875,0.13125],"rotation":0,"texture":"#5","tintindex":0},"west":{"uv":[0.6671875,0.0625,0.678125,0.13125],"rotation":0,"texture":"#5","tintindex":0},"up":{"uv":[0.65625,0.0734375,0.6734375,0.084375],"rotation":0,"texture":"#5","tintindex":0}}},{"from":[8.514286,26.994286,25.965714],"to":[9.405714,32.0,26.399998],"rotation":{"angle":0.0,"axis":"y","origin":[8.96,29.554285,26.182854]},"faces":{"south":{"uv":[0.0859375,0.0625,0.103125,0.13125],"rotation":0,"texture":"#5","tintindex":0},"north":{"uv":[0.7421875,0.0625,0.759375,0.13125],"rotation":0,"texture":"#5","tintindex":0},"down":{"uv":[1.25,0.0109375,1.2671875,0.021875],"rotation":0,"texture":"#5","tintindex":0},"east":{"uv":[0.0109375,0.0625,0.021875,0.13125],"rotation":0,"texture":"#5","tintindex":0},"west":{"uv":[0.6671875,0.0625,0.678125,0.13125],"rotation":0,"texture":"#5","tintindex":0},"up":{"uv":[0.65625,0.0734375,0.6734375,0.084375],"rotation":0,"texture":"#5","tintindex":0}}},{"from":[8.514286,26.994286,31.565716],"to":[9.177143,32.0,32.0],"rotation":{"angle":0.0,"axis":"y","origin":[8.96,29.554285,31.782856]},"faces":{"south":{"uv":[0.0859375,0.0625,0.103125,0.13125],"rotation":0,"texture":"#5","tintindex":0},"north":{"uv":[0.7421875,0.0625,0.759375,0.13125],"rotation":0,"texture":"#5","tintindex":0},"down":{"uv":[1.25,0.0109375,1.2671875,0.021875],"rotation":0,"texture":"#5","tintindex":0},"east":{"uv":[0.0109375,0.0625,0.021875,0.13125],"rotation":0,"texture":"#5","tintindex":0},"west":{"uv":[0.6671875,0.0625,0.678125,0.13125],"rotation":0,"texture":"#5","tintindex":0},"up":{"uv":[0.65625,0.0734375,0.6734375,0.084375],"rotation":0,"texture":"#5","tintindex":0}}},{"from":[13.371429,26.994286,31.565716],"to":[14.0342865,32.0,32.0],"rotation":{"angle":0.0,"axis":"y","origin":[13.702858,29.554285,31.782856]},"faces":{"south":{"uv":[0.0859375,0.0625,0.103125,0.13125],"rotation":0,"texture":"#5","tintindex":0},"north":{"uv":[0.7421875,0.0625,0.759375,0.13125],"rotation":0,"texture":"#5","tintindex":0},"down":{"uv":[1.25,0.0109375,1.2671875,0.021875],"rotation":0,"texture":"#5","tintindex":0},"east":{"uv":[0.0109375,0.0625,0.021875,0.13125],"rotation":0,"texture":"#5","tintindex":0},"west":{"uv":[0.6671875,0.0625,0.678125,0.13125],"rotation":0,"texture":"#5","tintindex":0},"up":{"uv":[0.65625,0.0734375,0.6734375,0.084375],"rotation":0,"texture":"#5","tintindex":0}}},{"from":[-16.0,26.994286,31.565716],"to":[-15.337143,32.0,32.0],"rotation":{"angle":0.0,"axis":"y","origin":[-15.78286,29.554285,31.782856]},"faces":{"south":{"uv":[0.0859375,0.0625,0.103125,0.13125],"rotation":0,"texture":"#5","tintindex":0},"north":{"uv":[0.7421875,0.0625,0.759375,0.13125],"rotation":0,"texture":"#5","tintindex":0},"down":{"uv":[1.25,0.0109375,1.2671875,0.021875],"rotation":0,"texture":"#5","tintindex":0},"east":{"uv":[0.0109375,0.0625,0.021875,0.13125],"rotation":0,"texture":"#5","tintindex":0},"west":{"uv":[0.6671875,0.0625,0.678125,0.13125],"rotation":0,"texture":"#5","tintindex":0},"up":{"uv":[0.65625,0.0734375,0.6734375,0.084375],"rotation":0,"texture":"#5","tintindex":0}}},{"from":[-16.0,26.994286,25.965714],"to":[-15.108574,32.0,26.399998],"rotation":{"angle":0.0,"axis":"y","origin":[-15.78286,29.554285,26.182854]},