{"elements":[{"from":[-2.2219057,5.497143,10.582857],"to":[-1.5590477,10.502857,11.017143],"rotation":{"angle":0.0,"axis":"y","origin":[-1.7761908,8.057143,10.8]},"faces":{"south":{"uv":[0.0859375,0.0625,0.103125,0.13125],"rotation":0,"texture":"#5","tintindex":0},"north":{"uv":[0.7421875,0.0625,0.759375,0.13125],"rotation":0,"texture":"#5","tintindex":0},"down":{"uv":[1.25,0.0109375,1.2671875,0.021875],"rotation":0,"texture":"#5","tintindex":0},"east":{"uv":[0.0109375,0.0625,0.021875,0.13125],"rotation":0,"texture":"#5","tintindex":0},"west":{"uv":[0.6671875,0.0625,0.678125,0.13125],"rotation":0,"texture":"#5","tintindex":0},"up":{"uv":[0.65625,0.0734375,0.6734375,0.084375],"rotation":0,"texture":"#5","tintindex":0}}},{"from":[-2.4504766,5.497143,4.9828568],"to":[-1.5590477,10.502857,5.417143],"rotation":{"angle":0.0,"axis":"y","origin":[-1.7761908,8.057143,5.2]},"faces":{"south":{"uv":[0.0859375,0.0625,0.103125,0.13125],"rotation":0,"texture":"#5","tintindex":0},"north":{"uv":[0.7421875,0.0625,0.759375,0.13125],"rotation":0,"texture":"#5","tintindex":0},"down":{"uv":[1.25,0.0109375,1.2671875,0.021875],"rotation":0,"texture":"#5","tintindex":0},"east":{"uv":[0.0109375,0.0625,0.021875,0.13125],"rotation":0,"texture":"#5","tintindex":0},"west":{"uv":[0.6671875,0.0625,0.678125,0.13125],"rotation":0,"texture":"#5","tintindex":0},"up":{"uv":[0.65625,0.0734375,0.6734375,0.084375],"rotation":0,"texture":"#5","tintindex":0}}},{"from":[5.3209524,5.497143,10.582857],"to":[5.9838095,10.502857,11.017143],"rotation":{"angle":0.0,"axis":"y","origin":[5.538095,8.057143,10.8]},"faces":{"south":{"uv":[0.0859375,0.0625,0.103125,0.13125],"rotation":0,"texture":"#5","tintindex":0},"north":{"uv":[0.7421875,0.0625,0.759375,0.13125],"rotation":0,"texture":"#5","tintindex":0},"down":{"uv":[1.25,0.0109375,1.2671875,0.021875],"rotation":0,"texture":"#5","tintindex":0},"east":{"uv":[0.0109375,0.0625,0.021875,0.13125],"rotation":0,"texture":"#5","tintindex":0},"west":{"uv":[0.6671875,0.0625,0.678125,0.13125],"rotation":0,"texture":"#5","tintindex":0},"up":{"uv":[0.65625,0.0734375,0.6734375,0.084375],"rotation":0,"texture":"#5","tintindex":0}}},{"from":[5.3209524,5.497143,4.9828568],"to":[6.212381,10.502857,5.417143],"rotation":{"angle":0.0,"axis":"y","origin":[5.538095,8.057143,5.2]},"faces":{"south":{"uv":[0.0859375,0.0625,0.103125,0.13125],"rotation":0,"texture":"#5","tintindex":0},"north":{"uv":[0.7421875,0.0625,0.759375,0.13125],"rotation":0,"texture":"#5","tintindex":0},"down":{"uv":[1.25,0.0109375,1.2671875,0.021875],"rotation":0,"texture":"#5","tintindex":0},"east":{"uv":[0.0109375,0.0625,0.021875,0.13125],"rotation":0,"texture":"#5","tintindex":0},"west":{"uv":[0.6671875,0.0625,0.678125,0.13125],"rotation":0,"texture":"#5","tintindex":0},"up":{"uv":[0.65625,0.0734375,0.6734375,0.084375],"rotation":0,"texture":"#5","tintindex":0}}},{"from":[10.006667,5.497143,10.582857],"to":[10.669524,10.502857,11.017143],"rotation":{"angle":0.0,"axis":"y","origin":[10.509524,8.057143,10.8]},"faces":{"south":{"uv":[0.0859375,0.0625,0.103125,0.13125],"rotation":0,"texture":"#5","tintindex":0},"north":{"uv":[0.7421875,0.0625,0.759375,0.13125],"rotation":0,"texture":"#5","tintindex":0},"down":{"uv":[1.25,0.0109375,1.2671875,0.021875],"rotation":0,"texture":"#5","tintindex":0},"east":{"uv":[0.0109375,0.0625,0.021875,0.13125],"rotation":0,"texture":"#5","tintindex":0},"west":{"uv":[0.6671875,0.0625,0.678125,0.13125],"rotation":0,"texture":"#5","tintindex":0},"up":{"uv":[0.65625,0.0734375,0.6734375,0.084375],"rotation":0,"texture":"#5","tintindex":0}}},{"from":[9.835238,5.497143,4.9828568],"to":[10.726666,10.502857,5.417143],"rotation":{"angle":0.0,"axis":"y","origin":[10.509524,8.057143,5.2]},"faces":{"south":{"uv":[0.0859375,0.0625,0.103125,0.13125],"rotation":0,"texture":"#5","tintindex":0},"north":{"uv":[0.7421875,0.0625,0.759375,0.13125],"rotation":0,"texture":"#5","tintindex":0},"down":{"uv":[1.25,0.0109375,1.2671875,0.021875],"rotation":0,"texture":"#5","tintindex":0},"east":{"uv":[0.0109375,0.0625,0.021875,0.13125],"rotation":0,"texture":"#5","tintindex":0},"west":{"uv":[0.6671875,0.0625,0.678125,0.13125],"rotation":0,"texture":"#5","tintindex":0},"up":{"uv":[0.65625,0.0734375,0.6734375,0.084375],"rotation":0,"texture":"#5","tintindex":0}}},{"from":[22.235239,5.497143,4.9828568],"to":[23.126667,10.502857,5.417143],"rotation":{"angle":0.0,"axis":"y","origin":[22.680954,8.057143,5.2]},"faces":{"south":{"uv":[0.0859375,0.0625,0.103125,0.13125],"rotation":0,"texture":"#5","tintindex":0},"north":{"uv":[0.7421875,0.0625,0.759375,0.13125],"rotation":0,"texture":"#5","tintindex":0},"down":{"uv":[1.25,0.0109375,1.2671875,0.021875],"rotation":0,"texture":"#5","tintindex":0},"east":{"uv":[0.0109375,0.0625,0.021875,0.13125],"rotation":0,"texture":"#5","tintindex":0},"west":{"uv":[0.6671875,0.0625,0.678125,0.13125],"rotation":0,"texture":"#5","tintindex":0},"up":{"uv":[0.65625,0.0734375,0.6734375,0.084375],"rotation":0,"texture":"#5","tintindex":0}}},{"from":[17.492382,5.497143,4.9828568],"to":[18.38381,10.502857,5.417143],"rotation":{"angle":0.0,"axis":"y","origin":[17.938095,8.057143,5.2]},"faces":{"south":{"uv":[0.0859375,0.0625,0.103125,0.13125],"rotation":0,"texture":"#5","tintindex":0},"north":{"uv":[0.7421875,0.0625,0.759375,0.13125],"rotation":0,"texture":"#5","tintindex":0},"down":{"uv":[1.25,0.0109375,1.2671875,0.021875],"rotation":0,"texture":"#5","tintindex":0},"east":{"uv":[0.0109375,0.0625,0.021875,0.13125],"rotation":0,"texture":"#5","tintindex":0},"west":{"uv":[0.6671875,0.0625,0.678125,0.13125],"rotation":0,"texture":"#5","tintindex":0},"up":{"uv":[0.65625,0.0734375,0.6734375,0.084375],"rotation":0,"texture":"#5","tintindex":0}}},{"from":[17.492382,5.497143,10.582857],"to":[18.15524,10.502857,11.017143],"rotation":{"angle":0.0,"axis":"y","origin":[17.938095,8.057143,10.8]},"faces":{"south":{"uv":[0.0859375,0.0625,0.103125,0.13125],"rotation":0,"texture":"#5","tintindex":0},"north":{"uv":[0.7421875,0.0625,0.759375,0.13125],"rotation":0,"texture":"#5","tintindex":0},"down":{"uv":[1.25,0.0109375,1.2671875,0.021875],"rotation":0,"texture":"#5","tintindex":0},"east":{"uv":[0.0109375,0.0625,0.021875,0.13125],"rotation":0,"texture":"#5","tintindex":0},"west":{"uv":[0.6671875,0.0625,0.678125,0.13125],"rotation":0,"texture":"#5","tintindex":0},"up":{"uv":[0.65625,0.0734375,0.6734375,0.084375],"rotation":0,"texture":"#5","tintindex":0}}},{"from":[22.349524,5.497143,10.582857],"to":[23.012383,10.502857,11.017143],"rotation":{"angle":0.0,"axis":"y","origin":[22.680954,8.057143,10.8]},"faces":{"south":{"uv":[0.0859375,0.0625,0.103125,0.13125],"rotation":0,"texture":"#5","tintindex":0},"north":{"uv":[0.7421875,0.0625,0.759375,0.13125],"rotation":0,"texture":"#5","tintindex":0},"down":{"uv":[1.25,0.0109375,1.2671875,0.021875],"rotation":0,"texture":"#5","tintindex":0},"east":{"uv":[0.0109375,0.0625,0.021875,0.13125],"rotation":0,"texture":"#5","tintindex":0},"west":{"uv":[0.6671875,0.0625,0.678125,0.13125],"rotation":0,"texture":"#5","tintindex":0},"up":{"uv":[0.65625,0.0734375,0.6734375,0.084375],"rotation":0,"texture":"#5","tintindex":0}}},{"from":[-7.021906,5.497143,10.582857],"to":[-6.359048,10.502857,11.017143],"rotation":{"angle":0.0,"axis":"y","origin":[-6.804762,8.057143,10.8]},"faces":{"south":{"uv":[0.0859375,0.0625,0.103125,0.13125],"rotation":0,"texture":"#5","tintindex":0},"north":{"uv":[0.7421875,0.0625,0.759375,0.13125],"rotation":0,"texture":"#5","tintindex":0},"down":{"uv":[1.25,0.0109375,1.2671875,0.021875],"rotation":0,"texture":"#5","tintindex":0},"east":{"uv":[0.0109375,0.0625,0.021875,0.13125],"rotation":0,"texture":"#5","tintindex":0},"west":{"uv":[0.6671875,0.0625,0.678125,0.13125],"rotation":0,"texture":"#5","tintindex":0},"up":{"uv":[0.65625,0.0734375,0.6734375,0.084375],"rotation":0,"texture":"#5","tintindex":0}}},{"from":[-7.021906,5.497143,4.9828568],"to":[-6.130476,10.502857,5.417143],"rotation":{"angle":0.0,"axis":"y","origin":[-6.804762,8.057143,5.2]},