{"elements":[{"from":[22.41,7.87979,-16.0],"to":[22.627144,8.336933,-13.942858],"rotation":{"angle":0.0,"axis":"y","origin":[22.518572,8.800063,6.07501]},"faces":{"south":{"uv":[0.0,30.550276,512.0,492.34033],"rotation":0,"texture":"#missing","tintindex":0},"north":{"uv":[0.0,30.550276,512.0,492.34033],"rotation":0,"texture":"#missing","tintindex":0},"down":{"uv":[0.0,30.550276,512.0,492.34033],"rotation":0,"texture":"#missing","tintindex":0},"east":{"uv":[0.0,30.550276,512.0,492.34033],"rotation":0,"texture":"#missing","tintindex":0},"west":{"uv":[0.0,30.550276,512.0,492.34033],"rotation":0,"texture":"#missing","tintindex":0},"up":{"uv":[0.0,30.550276,512.0,492.34033],"rotation":0,"texture":"#missing","tintindex":0}}},{"from":[22.170002,7.6512184,-14.304459],"to":[22.855715,8.565504,-11.333031],"rotation":{"angle":0.0,"axis":"y","origin":[22.512857,8.108361,-12.818743]},"faces":{"south":{"uv":[4.5,5.86875,8.8625,8.63125],"rotation":0,"texture":"#2","tintindex":0},"north":{"uv":[4.5,5.86875,8.8625,8.63125],"rotation":0,"texture":"#2","tintindex":0},"down":{"uv":[4.5,5.86875,8.55,8.66875],"rotation":0,"texture":"#2","tintindex":0},"east":{"uv":[4.5,5.86875,8.2,10.60625],"rotation":90,"texture":"#2","tintindex":0},"west":{"uv":[4.5,5.86875,8.325,10.60625],"rotation":90,"texture":"#2","tintindex":0},"up":{"uv":[4.5,5.86875,8.8625,8.66875],"rotation":0,"texture":"#2","tintindex":0}}},{"from":[-6.618572,7.87979,-16.0],"to":[-6.401429,8.336933,-13.942858],"rotation":{"angle":0.0,"axis":"y","origin":[-6.51,8.800063,6.07501]},"faces":{"south":{"uv":[0.0,0.9546961,16.0,15.385635],"rotation":0,"texture":"#4","tintindex":0},"north":{"uv":[0.160401,0.9546961,0.8822055,6.683881],"rotation":0,"texture":"#4","tintindex":0},"down":{"uv":[0.160401,0.9546961,0.8822055,6.683881],"rotation":0,"texture":"#4","tintindex":0},"east":{"uv":[0.0,0.9546961,16.0,15.385635],"rotation":0,"texture":"#4","tintindex":0},"west":{"uv":[0.24060151,0.9546961,1.0426065,6.6036806],"rotation":0,"texture":"#4","tintindex":0},"up":{"uv":[0.160401,0.9546961,0.8822055,6.683881],"rotation":0,"texture":"#4","tintindex":0}}},{"from":[-6.858572,7.6512184,-14.304459],"to":[-6.1728573,8.565504,-11.333031],"rotation":{"angle":0.0,"axis":"y","origin":[-6.5157146,8.108361,-12.818743]},"faces":{"south":{"uv":[4.5,5.86875,8.8625,8.63125],"rotation":0,"texture":"#2","tintindex":0},"north":{"uv":[4.5,5.86875,8.8625,8.63125],"rotation":0,"texture":"#2","tintindex":0},"down":{"uv":[4.5,5.86875,8.55,8.66875],"rotation":0,"texture":"#2","tintindex":0},"east":{"uv":[4.5,5.86875,8.2,10.60625],"rotation":90,"texture":"#2","tintindex":0},"west":{"uv":[4.5,5.86875,8.2,10.60625],"rotation":90,"texture":"#2","tintindex":0},"up":{"uv":[4.5,5.86875,8.8625,8.66875],"rotation":0,"texture":"#2","tintindex":0}}}],"textures":{"2":"modelengine:entity/bloque_tronco","4":"modelengine:entity/ladrillo_piedra_liza"},"display":{"head":{"translation":[0.0,-6.4,-2.467392],"scale":[4.0,4.0,4.0]}}}