{"elements":[{"from":[22.41,7.87979,5.097437],"to":[22.627144,8.336933,7.15458],"rotation":{"angle":0.0,"axis":"y","origin":[22.518572,8.800063,5.458162]},"faces":{"south":{"uv":[1.2030075,0.96,14.8771925,6.22],"rotation":0,"texture":"#4","tintindex":0},"north":{"uv":[1.2030075,0.96,14.8771925,6.22],"rotation":0,"texture":"#4","tintindex":0},"down":{"uv":[0.04010025,0.0,14.997494,1.056],"rotation":0,"texture":"#4","tintindex":0},"east":{"uv":[0.04010025,0.0,14.997494,1.056],"rotation":0,"texture":"#4","tintindex":0},"west":{"uv":[0.04010025,0.0,14.997494,1.056],"rotation":0,"texture":"#4","tintindex":0},"up":{"uv":[0.04010025,0.0,14.997494,1.056],"rotation":0,"texture":"#4","tintindex":0}}},{"from":[22.170002,7.6512184,6.7929807],"to":[22.855715,8.565504,9.764409],"rotation":{"angle":0.0,"axis":"y","origin":[22.512857,9.22766,7.2501235]},"faces":{"south":{"uv":[6.781533,6.8659644,11.359744,8.39733],"rotation":180,"texture":"#3","tintindex":0},"north":{"uv":[9.985597,6.8666444,11.362327,8.396594],"rotation":180,"texture":"#3","tintindex":0},"down":{"uv":[6.8388305,6.8379016,11.396572,8.412196],"rotation":90,"texture":"#3","tintindex":0},"east":{"uv":[6.805696,6.9191093,11.37696,8.427533],"rotation":0,"texture":"#3","tintindex":0},"west":{"uv":[6.805696,6.9191093,11.37696,8.427533],"rotation":0,"texture":"#3","tintindex":0},"up":{"uv":[6.8388305,6.8379016,11.396572,8.412196],"rotation":90,"texture":"#3","tintindex":0}}},{"from":[-6.618572,7.87979,5.097437],"to":[-6.401429,8.336933,7.15458],"rotation":{"angle":0.0,"axis":"y","origin":[-6.51,8.800063,5.458162]},"faces":{"south":{"uv":[1.2030075,0.96,14.8771925,6.22],"rotation":0,"texture":"#4","tintindex":0},"north":{"uv":[1.2030075,0.96,14.8771925,6.22],"rotation":0,"texture":"#4","tintindex":0},"down":{"uv":[0.04010025,0.0,14.997494,1.056],"rotation":0,"texture":"#4","tintindex":0},"east":{"uv":[0.04010025,0.0,14.997494,1.056],"rotation":0,"texture":"#4","tintindex":0},"west":{"uv":[0.04010025,0.0,14.997494,1.056],"rotation":0,"texture":"#4","tintindex":0},"up":{"uv":[0.04010025,0.0,14.997494,1.056],"rotation":0,"texture":"#4","tintindex":0}}},{"from":[-6.858572,7.6512184,6.7929807],"to":[-6.1728573,8.565504,9.764409],"rotation":{"angle":0.0,"axis":"y","origin":[-6.5157146,9.22766,7.2501235]},"faces":{"south":{"uv":[6.781533,6.8659644,11.359744,8.39733],"rotation":180,"texture":"#3","tintindex":0},"north":{"uv":[9.985597,6.8666444,11.362327,8.396594],"rotation":180,"texture":"#3","tintindex":0},"down":{"uv":[6.8388305,6.8379016,11.396572,8.412196],"rotation":90,"texture":"#3","tintindex":0},"east":{"uv":[6.805696,6.9191093,11.37696,8.427533],"rotation":0,"texture":"#3","tintindex":0},"west":{"uv":[6.805696,6.9191093,11.37696,8.427533],"rotation":0,"texture":"#3","tintindex":0},"up":{"uv":[6.8388305,6.8379016,11.396572,8.412196],"rotation":90,"texture":"#3","tintindex":0}}}],"textures":{"3":"modelengine:entity/madera","4":"modelengine:entity/ladrillo_piedra_liza"},"display":{"head":{"translation":[0.0,-6.4,0.0],"scale":[4.0,4.0,4.0]}}}