{"elements":[{"from":[7.742857,-2.7142859,7.745714],"to":[8.885715,29.057142,8.66],"rotation":{"angle":0.0,"axis":"y","origin":[-21.97143,-20.77143,22.374287]},"faces":{"south":{"uv":[0.0,2.1966019,0.7943497,12.2994795],"rotation":0,"texture":"#7","tintindex":0},"north":{"uv":[0.0,2.1966019,0.7943497,12.2994795],"rotation":0,"texture":"#7","tintindex":0},"down":{"uv":[0.0,2.4778774,0.8880997,2.21875],"rotation":0,"texture":"#7","tintindex":0},"east":{"uv":[0.7943497,2.1966019,0.0,12.2994795],"rotation":0,"texture":"#7","tintindex":0},"west":{"uv":[0.7943497,2.1966019,0.0,12.2994795],"rotation":0,"texture":"#7","tintindex":0},"up":{"uv":[0.0,12.2994795,0.7943497,2.1966019],"rotation":0,"texture":"#7","tintindex":0}}},{"from":[4.0857143,9.857143,7.5057144],"to":[12.314286,29.057142,7.734286],"rotation":{"angle":0.0,"axis":"y","origin":[-21.97143,-20.77143,22.374287]},"faces":{"south":{"uv":[0.26229507,0.0,15.737704,15.881967],"rotation":0,"texture":"#8","tintindex":0},"north":{"uv":[0.26229507,0.0,15.737704,15.881967],"rotation":0,"texture":"#8","tintindex":0},"down":{"uv":[0.26229507,0.0,15.737704,15.881967],"rotation":0,"texture":"#8","tintindex":0},"east":{"uv":[0.26229507,0.0,15.737704,15.881967],"rotation":0,"texture":"#8","tintindex":0},"west":{"uv":[0.26229507,0.0,15.737704,15.881967],"rotation":0,"texture":"#8","tintindex":0},"up":{"uv":[0.26229507,0.0,15.737704,15.881967],"rotation":0,"texture":"#8","tintindex":0}}},{"from":[7.0594287,0.030857086,7.748],"to":[8.426286,1.1691422,8.429143],"rotation":{"angle":0.0,"axis":"y","origin":[-21.97143,-20.085716,22.374287]},"faces":{"south":{"uv":[0.0,3.7125,0.899375,4.0931797],"rotation":0,"texture":"#7","tintindex":0},"north":{"uv":[0.0,3.7125,0.899375,4.0931797],"rotation":0,"texture":"#7","tintindex":0},"down":{"uv":[0.0,3.634375,0.89,4.0150547],"rotation":0,"texture":"#7","tintindex":0},"east":{"uv":[0.0,0.0,0.8525,3.6869297],"rotation":0,"texture":"#7","tintindex":0},"west":{"uv":[0.0,0.0,0.8525,3.6869297],"rotation":0,"texture":"#7","tintindex":0},"up":{"uv":[0.0,3.9994297,0.899375,3.7125],"rotation":0,"texture":"#7","tintindex":0}}},{"from":[7.0594287,-1.7977142,7.748],"to":[8.426286,-0.65942955,8.429143],"rotation":{"angle":0.0,"axis":"y","origin":[-21.97143,-20.314287,22.374287]},"faces":{"south":{"uv":[0.0,3.7125,0.899375,4.0931797],"rotation":0,"texture":"#7","tintindex":0},"north":{"uv":[0.0,3.7125,0.899375,4.0931797],"rotation":0,"texture":"#7","tintindex":0},"down":{"uv":[0.0,3.634375,0.89,4.0150547],"rotation":0,"texture":"#7","tintindex":0},"east":{"uv":[0.0,0.0,0.8525,3.6869297],"rotation":0,"texture":"#7","tintindex":0},"west":{"uv":[0.0,0.0,0.8525,3.6869297],"rotation":0,"texture":"#7","tintindex":0},"up":{"uv":[0.0,3.9994297,0.899375,3.7125],"rotation":0,"texture":"#7","tintindex":0}}}],"textures":{"7":"modelengine:entity/vaya_pila","8":"modelengine:entity/estandarte"},"display":{"head":{"translation":[0.0,-6.4,0.0],"scale":[4.0,4.0,4.0]}}}