{"elements":[{"from":[7.0,-2.7142859,7.6885715],"to":[8.142858,29.057142,8.602858],"rotation":{"angle":0.0,"axis":"y","origin":[37.17143,-20.77143,22.317142]},"faces":{"south":{"uv":[0.0,2.1966019,0.7943497,12.2994795],"rotation":0,"texture":"#8","tintindex":0},"north":{"uv":[0.0,2.1966019,0.7943497,12.2994795],"rotation":0,"texture":"#8","tintindex":0},"down":{"uv":[0.0,2.4778774,0.8880997,2.21875],"rotation":0,"texture":"#8","tintindex":0},"east":{"uv":[0.7943497,2.1966019,0.0,12.2994795],"rotation":0,"texture":"#8","tintindex":0},"west":{"uv":[0.7943497,2.1966019,0.0,12.2994795],"rotation":0,"texture":"#8","tintindex":0},"up":{"uv":[0.0,12.2994795,0.7943497,2.1966019],"rotation":0,"texture":"#8","tintindex":0}}},{"from":[3.5714283,9.857143,7.448571],"to":[11.8,29.057142,7.677143],"rotation":{"angle":0.0,"axis":"y","origin":[37.17143,-20.77143,22.317142]},"faces":{"south":{"uv":[0.26229507,0.0,15.737704,15.881967],"rotation":0,"texture":"#9","tintindex":0},"north":{"uv":[0.26229507,0.0,15.737704,15.881967],"rotation":0,"texture":"#9","tintindex":0},"down":{"uv":[0.26229507,0.0,15.737704,15.881967],"rotation":0,"texture":"#9","tintindex":0},"east":{"uv":[0.26229507,0.0,15.737704,15.881967],"rotation":0,"texture":"#9","tintindex":0},"west":{"uv":[0.26229507,0.0,15.737704,15.881967],"rotation":0,"texture":"#9","tintindex":0},"up":{"uv":[0.26229507,0.0,15.737704,15.881967],"rotation":0,"texture":"#9","tintindex":0}}},{"from":[7.459429,-1.7977142,7.9194283],"to":[9.283428,-0.65942955,8.372],"rotation":{"angle":0.0,"axis":"y","origin":[37.17143,-20.314287,22.317142]},"faces":{"south":{"uv":[0.0,3.65,0.899375,4.0306797],"rotation":0,"texture":"#8","tintindex":0},"north":{"uv":[0.0,3.65,0.899375,4.0306797],"rotation":0,"texture":"#8","tintindex":0},"down":{"uv":[0.0,3.634375,0.89,4.0150547],"rotation":0,"texture":"#8","tintindex":0},"east":{"uv":[0.0,0.0,0.8525,3.6869297],"rotation":0,"texture":"#8","tintindex":0},"west":{"uv":[0.0,0.0,0.8525,3.6869297],"rotation":0,"texture":"#8","tintindex":0},"up":{"uv":[0.0,3.9994297,0.899375,3.7125],"rotation":0,"texture":"#8","tintindex":0}}},{"from":[7.459429,0.030857086,7.9194283],"to":[9.283428,1.1691422,8.372],"rotation":{"angle":0.0,"axis":"y","origin":[37.17143,-20.085716,22.317142]},"faces":{"south":{"uv":[0.0,3.7125,0.899375,4.0931797],"rotation":0,"texture":"#8","tintindex":0},"north":{"uv":[0.0,3.7125,0.899375,4.0931797],"rotation":0,"texture":"#8","tintindex":0},"down":{"uv":[0.0,3.634375,0.89,4.0150547],"rotation":0,"texture":"#8","tintindex":0},"east":{"uv":[0.0,0.0,0.8525,3.6869297],"rotation":0,"texture":"#8","tintindex":0},"west":{"uv":[0.0,0.0,0.8525,3.6869297],"rotation":0,"texture":"#8","tintindex":0},"up":{"uv":[0.0,3.9994297,0.899375,3.7125],"rotation":0,"texture":"#8","tintindex":0}}}],"textures":{"8":"modelengine:entity/vaya_pila","9":"modelengine:entity/estandarte"},"display":{"head":{"translation":[0.0,-6.4,0.0],"scale":[4.0,4.0,4.0]}}}