{"elements":[{"from":[7.857143,-2.4285717,7.66],"to":[9.0,29.342857,8.5742855],"rotation":{"angle":0.0,"axis":"y","origin":[-20.485714,-20.485714,22.28857]},"faces":{"south":{"uv":[0.0,2.2368422,0.875,12.461153],"rotation":0,"texture":"#9","tintindex":0},"north":{"uv":[0.0,2.2368422,0.875,12.461153],"rotation":0,"texture":"#9","tintindex":0},"down":{"uv":[0.0,12.461153,0.875,2.2368422],"rotation":0,"texture":"#9","tintindex":0},"east":{"uv":[0.875,2.2368422,0.0,12.461153],"rotation":0,"texture":"#9","tintindex":0},"west":{"uv":[0.875,2.2368422,0.0,12.461153],"rotation":0,"texture":"#9","tintindex":0},"up":{"uv":[0.0,12.461153,0.875,2.2368422],"rotation":0,"texture":"#9","tintindex":0}}},{"from":[4.2,10.142858,7.6485715],"to":[12.428572,29.342857,7.6485715],"rotation":{"angle":0.0,"axis":"y","origin":[-20.485714,-20.485714,22.28857]},"faces":{"south":{"uv":[0.32786885,0.0,15.737705,15.7827425],"rotation":0,"texture":"#10","tintindex":0},"north":{"uv":[0.32786885,0.0,15.737705,15.7827425],"rotation":0,"texture":"#10","tintindex":0},"down":{"uv":[0.6557377,0.0,15.672132,15.503469],"rotation":0,"texture":"#10","tintindex":0},"east":{"uv":[0.32786885,0.0,15.737705,15.7827425],"rotation":0,"texture":"#10","tintindex":0},"west":{"uv":[0.32786885,0.0,15.737705,15.503469],"rotation":0,"texture":"#10","tintindex":0},"up":{"uv":[0.32786885,0.0,15.737705,15.503469],"rotation":0,"texture":"#10","tintindex":0}}},{"from":[6.7165713,-1.9691439,7.890857],"to":[8.540571,-0.83085823,8.343429],"rotation":{"angle":0.0,"axis":"y","origin":[-20.485714,-20.485714,22.28857]},"faces":{"south":{"uv":[1.3525,0.0,0.0,0.95875],"rotation":0,"texture":"#11","tintindex":0},"north":{"uv":[1.3525,0.0,0.0,0.95875],"rotation":0,"texture":"#11","tintindex":0},"down":{"uv":[1.3525,0.0,0.0,0.95875],"rotation":0,"texture":"#11","tintindex":0},"east":{"uv":[1.3525,0.0,0.0,0.95875],"rotation":0,"texture":"#11","tintindex":0},"west":{"uv":[1.3525,0.0,0.0,0.95875],"rotation":0,"texture":"#11","tintindex":0},"up":{"uv":[1.3525,0.0,0.0,0.95875],"rotation":0,"texture":"#11","tintindex":0}}},{"from":[6.7165713,-0.3691435,7.890857],"to":[8.540571,0.76914215,8.343429],"rotation":{"angle":0.0,"axis":"y","origin":[-20.485714,-20.485714,22.28857]},"faces":{"south":{"uv":[1.3525,0.0,0.0,0.95875],"rotation":0,"texture":"#11","tintindex":0},"north":{"uv":[1.3525,0.0,0.0,0.95875],"rotation":0,"texture":"#11","tintindex":0},"down":{"uv":[1.3525,0.0,0.0,0.95875],"rotation":0,"texture":"#11","tintindex":0},"east":{"uv":[1.3525,0.0,0.0,0.95875],"rotation":0,"texture":"#11","tintindex":0},"west":{"uv":[1.3525,0.0,0.0,0.95875],"rotation":0,"texture":"#11","tintindex":0},"up":{"uv":[1.3525,0.0,0.0,0.95875],"rotation":0,"texture":"#11","tintindex":0}}}],"textures":{"9":"modelengine:entity/vaya_pila","10":"modelengine:entity/estandarte","11":"modelengine:entity/tablones_pila"},"display":{"head":{"translation":[0.0,-6.4,0.0],"scale":[4.0,4.0,4.0]}}}