{"elements":[{"from":[-12.571426,0.22856903,-6.6285725],"to":[-11.42857,32.0,-5.714287],"rotation":{"angle":0.0,"axis":"y","origin":[17.600002,-17.828575,8.0]},"faces":{"south":{"uv":[0.0,2.2368422,0.875,12.461153],"rotation":0,"texture":"#9","tintindex":0},"north":{"uv":[0.0,2.2368422,0.875,12.461153],"rotation":0,"texture":"#9","tintindex":0},"down":{"uv":[0.0,12.461153,0.875,2.2368422],"rotation":0,"texture":"#9","tintindex":0},"east":{"uv":[0.875,2.2368422,0.0,12.461153],"rotation":0,"texture":"#9","tintindex":0},"west":{"uv":[0.875,2.2368422,0.0,12.461153],"rotation":0,"texture":"#9","tintindex":0},"up":{"uv":[0.0,12.461153,0.875,2.2368422],"rotation":0,"texture":"#9","tintindex":0}}},{"from":[-16.0,12.799995,-6.6400013],"to":[-7.771429,32.0,-6.6400013],"rotation":{"angle":0.0,"axis":"y","origin":[17.600002,-17.828575,8.0]},"faces":{"south":{"uv":[0.32786885,0.0,15.737705,15.7827425],"rotation":0,"texture":"#10","tintindex":0},"north":{"uv":[0.32786885,0.0,15.737705,15.7827425],"rotation":0,"texture":"#10","tintindex":0},"down":{"uv":[0.6557377,0.0,15.672132,15.503469],"rotation":0,"texture":"#10","tintindex":0},"east":{"uv":[0.32786885,0.0,15.737705,15.7827425],"rotation":0,"texture":"#10","tintindex":0},"west":{"uv":[0.32786885,0.0,15.737705,15.503469],"rotation":0,"texture":"#10","tintindex":0},"up":{"uv":[0.32786885,0.0,15.737705,15.503469],"rotation":0,"texture":"#10","tintindex":0}}},{"from":[-12.1119995,0.6879959,-6.3977156],"to":[-10.288,1.8262863,-5.9451427],"rotation":{"angle":0.0,"axis":"y","origin":[17.600002,-17.828575,8.0]},"faces":{"south":{"uv":[0.0,0.0,1.3525,0.95875],"rotation":0,"texture":"#11","tintindex":0},"north":{"uv":[0.0,0.0,1.3525,0.95875],"rotation":0,"texture":"#11","tintindex":0},"down":{"uv":[0.0,0.0,1.3525,0.95875],"rotation":0,"texture":"#11","tintindex":0},"east":{"uv":[0.0,0.0,1.3525,0.95875],"rotation":0,"texture":"#11","tintindex":0},"west":{"uv":[0.0,0.0,1.3525,0.95875],"rotation":0,"texture":"#11","tintindex":0},"up":{"uv":[0.0,0.0,1.3525,0.95875],"rotation":0,"texture":"#11","tintindex":0}}},{"from":[-12.1119995,2.2879982,-6.3977156],"to":[-10.288,3.426281,-5.9451427],"rotation":{"angle":0.0,"axis":"y","origin":[17.600002,-17.828575,8.0]},"faces":{"south":{"uv":[0.0,0.0,1.3525,0.95875],"rotation":0,"texture":"#11","tintindex":0},"north":{"uv":[0.0,0.0,1.3525,0.95875],"rotation":0,"texture":"#11","tintindex":0},"down":{"uv":[0.0,0.0,1.3525,0.95875],"rotation":0,"texture":"#11","tintindex":0},"east":{"uv":[0.0,0.0,1.3525,0.95875],"rotation":0,"texture":"#11","tintindex":0},"west":{"uv":[0.0,0.0,1.3525,0.95875],"rotation":0,"texture":"#11","tintindex":0},"up":{"uv":[0.0,0.0,1.3525,0.95875],"rotation":0,"texture":"#11","tintindex":0}}}],"textures":{"9":"modelengine:entity/vaya_pila","10":"modelengine:entity/estandarte","11":"modelengine:entity/tablones_pila"},"display":{"head":{"translation":[-38.40001,183.77145,0.0],"scale":[4.0,4.0,4.0]}}}