{"elements":[{"from":[27.42857,0.22857285,-6.6285725],"to":[28.571426,32.0,-5.714287],"rotation":{"angle":0.0,"axis":"y","origin":[-2.285717,-17.828571,8.0]},"faces":{"south":{"uv":[0.0,2.1966019,0.7943497,12.2994795],"rotation":0,"texture":"#8","tintindex":0},"north":{"uv":[0.0,2.1966019,0.7943497,12.2994795],"rotation":0,"texture":"#8","tintindex":0},"down":{"uv":[0.0,2.4778774,0.8880997,2.21875],"rotation":0,"texture":"#8","tintindex":0},"east":{"uv":[0.7943497,2.1966019,0.0,12.2994795],"rotation":0,"texture":"#8","tintindex":0},"west":{"uv":[0.7943497,2.1966019,0.0,12.2994795],"rotation":0,"texture":"#8","tintindex":0},"up":{"uv":[0.0,12.2994795,0.7943497,2.1966019],"rotation":0,"texture":"#8","tintindex":0}}},{"from":[23.771425,12.800001,-6.868572],"to":[32.0,32.0,-6.6400013],"rotation":{"angle":0.0,"axis":"y","origin":[-2.285717,-17.828571,8.0]},"faces":{"south":{"uv":[0.26229507,0.0,15.737704,15.881967],"rotation":0,"texture":"#9","tintindex":0},"north":{"uv":[0.26229507,0.0,15.737704,15.881967],"rotation":0,"texture":"#9","tintindex":0},"down":{"uv":[0.26229507,0.0,15.737704,15.881967],"rotation":0,"texture":"#9","tintindex":0},"east":{"uv":[0.26229507,0.0,15.737704,15.881967],"rotation":0,"texture":"#9","tintindex":0},"west":{"uv":[0.26229507,0.0,15.737704,15.881967],"rotation":0,"texture":"#9","tintindex":0},"up":{"uv":[0.26229507,0.0,15.737704,15.881967],"rotation":0,"texture":"#9","tintindex":0}}},{"from":[29.030857,2.288,-6.6262865],"to":[30.397713,3.4262867,-5.9451427],"rotation":{"angle":0.0,"axis":"y","origin":[-2.861023E-6,-17.828571,8.0]},"faces":{"south":{"uv":[0.0,0.0,0.8525,3.6869297],"rotation":0,"texture":"#8","tintindex":0},"north":{"uv":[0.0,3.259375,0.899375,3.6556797],"rotation":0,"texture":"#8","tintindex":0},"down":{"uv":[0.0,3.134375,0.899375,3.6556797],"rotation":0,"texture":"#8","tintindex":0},"east":{"uv":[0.0,0.0,0.8525,3.6869297],"rotation":0,"texture":"#8","tintindex":0},"west":{"uv":[0.0,0.0,0.8525,3.6869297],"rotation":0,"texture":"#8","tintindex":0},"up":{"uv":[0.0,0.0,0.8525,3.6869297],"rotation":0,"texture":"#8","tintindex":0}}},{"from":[26.745142,2.9737148,-6.6262865],"to":[28.111998,4.1120014,-5.9451427],"rotation":{"angle":0.0,"axis":"y","origin":[-2.285717,-17.142857,8.0]},"faces":{"south":{"uv":[0.0,3.7125,0.899375,4.0931797],"rotation":0,"texture":"#8","tintindex":0},"north":{"uv":[0.0,3.7125,0.899375,4.0931797],"rotation":0,"texture":"#8","tintindex":0},"down":{"uv":[0.0,3.634375,0.89,4.0150547],"rotation":0,"texture":"#8","tintindex":0},"east":{"uv":[0.0,0.0,0.8525,3.6869297],"rotation":0,"texture":"#8","tintindex":0},"west":{"uv":[0.0,0.0,0.8525,3.6869297],"rotation":0,"texture":"#8","tintindex":0},"up":{"uv":[0.0,3.9994297,0.899375,3.7125],"rotation":0,"texture":"#8","tintindex":0}}},{"from":[26.745142,1.1451435,-6.6262865],"to":[28.111998,2.2834282,-5.9451427],"rotation":{"angle":0.0,"axis":"y","origin":[-2.285717,-17.371428,8.0]},"faces":{"south":{"uv":[0.0,3.7125,0.899375,4.0931797],"rotation":0,"texture":"#8","tintindex":0},"north":{"uv":[0.0,3.7125,0.899375,4.0931797],"rotation":0,"texture":"#8","tintindex":0},"down":{"uv":[0.0,3.634375,0.89,4.0150547],"rotation":0,"texture":"#8","tintindex":0},"east":{"uv":[0.0,0.0,0.8525,3.6869297],"rotation":0,"texture":"#8","tintindex":0},"west":{"uv":[0.0,0.0,0.8525,3.6869297],"rotation":0,"texture":"#8","tintindex":0},"up":{"uv":[0.0,3.9994297,0.899375,3.7125],"rotation":0,"texture":"#8","tintindex":0}}}],"textures":{"8":"modelengine:entity/vaya_pila","9":"modelengine:entity/estandarte"},"display":{"head":{"translation":[41.142868,96.91428,0.0],"scale":[4.0,4.0,4.0]}}}