{"elements":[{"from":[21.22829,-6.8342867,-16.0],"to":[26.119719,-2.1714287,27.977142],"rotation":{"angle":0.0,"axis":"y","origin":[23.674004,-4.502857,5.988571]},"faces":{"south":{"uv":[5.5047965,9.482894,6.7506466,11.02255],"rotation":270,"texture":"#3","tintindex":0},"north":{"uv":[5.5064955,9.484212,6.7496,11.023249],"rotation":270,"texture":"#3","tintindex":0},"down":{"uv":[2.9694083,6.894715,9.168628,8.359242],"rotation":270,"texture":"#3","tintindex":0},"east":{"uv":[2.975292,6.890651,9.190449,8.331333],"rotation":0,"texture":"#3","tintindex":0},"west":{"uv":[2.9698179,6.8855805,9.164431,8.35183],"rotation":180,"texture":"#3","tintindex":0},"up":{"uv":[2.9766114,6.891872,9.173105,8.3562565],"rotation":270,"texture":"#3","tintindex":0}}},{"from":[-3.457425,-6.1028576,-16.0],"to":[1.4340038,-1.4400005,28.434284],"rotation":{"angle":0.0,"axis":"y","origin":[-3.5200005,8.0,7.8917027]},"faces":{"south":{"uv":[5.5047965,9.482894,6.7506466,11.02255],"rotation":270,"texture":"#3","tintindex":0},"north":{"uv":[5.5064955,9.484212,6.7496,11.023249],"rotation":270,"texture":"#3","tintindex":0},"down":{"uv":[2.9694083,6.894715,9.168628,8.359242],"rotation":270,"texture":"#3","tintindex":0},"east":{"uv":[2.975292,6.890651,9.190449,8.331333],"rotation":0,"texture":"#3","tintindex":0},"west":{"uv":[2.9698179,6.8855805,9.164431,8.35183],"rotation":180,"texture":"#3","tintindex":0},"up":{"uv":[2.9766114,6.891872,9.173105,8.3562565],"rotation":270,"texture":"#3","tintindex":0}}}],"textures":{"3":"modelengine:entity/madera"},"display":{"head":{"translation":[0.0,-6.4,-33.393433],"scale":[4.0,4.0,4.0]}}}