{"elements":[{"from":[17.897144,5.3028574,-14.102858],"to":[22.788572,9.965714,29.874287],"rotation":{"angle":0.0,"axis":"y","origin":[17.834568,9.28,28.593971]},"faces":{"south":{"uv":[6.8170886,9.4733715,8.326232,11.010691],"rotation":270,"texture":"#3","tintindex":0},"north":{"uv":[6.817894,9.473997,8.325736,11.011022],"rotation":270,"texture":"#3","tintindex":0},"down":{"uv":[3.6003122,6.8982353,11.368831,8.39253],"rotation":270,"texture":"#3","tintindex":0},"east":{"uv":[3.6031013,6.9111238,11.379175,8.394114],"rotation":0,"texture":"#3","tintindex":0},"west":{"uv":[3.6005063,6.893905,11.366841,8.389015],"rotation":180,"texture":"#3","tintindex":0},"up":{"uv":[3.626437,6.8968873,11.370954,8.391114],"rotation":270,"texture":"#3","tintindex":0}}},{"from":[-6.7885723,6.0342855,-14.102858],"to":[-1.8971434,10.697143,30.33143],"rotation":{"angle":0.0,"axis":"y","origin":[-6.8511477,9.28,28.593971]},"faces":{"south":{"uv":[6.8170886,9.4733715,8.326232,11.010691],"rotation":270,"texture":"#3","tintindex":0},"north":{"uv":[6.817894,9.473997,8.325736,11.011022],"rotation":270,"texture":"#3","tintindex":0},"down":{"uv":[3.6003122,6.8982353,11.368831,8.39253],"rotation":270,"texture":"#3","tintindex":0},"east":{"uv":[3.6031013,6.9111238,11.379175,8.394114],"rotation":0,"texture":"#3","tintindex":0},"west":{"uv":[3.6005063,6.893905,11.366841,8.389015],"rotation":180,"texture":"#3","tintindex":0},"up":{"uv":[3.626437,6.8968873,11.370954,8.391114],"rotation":270,"texture":"#3","tintindex":0}}}],"textures":{"3":"modelengine:entity/madera"},"display":{"head":{"translation":[0.0,-6.4,0.0],"scale":[4.0,4.0,4.0]}}}