{"elements":[{"from":[7.3142858,29.648602,7.7714286],"to":[7.542857,30.105745,10.971429],"rotation":{"angle":0.0,"axis":"y","origin":[8.0,8.0,8.0]},"faces":{"south":{"uv":[6.90625,5.86875,7.33125,10.3375],"rotation":0,"texture":"#2","tintindex":0},"north":{"uv":[6.90625,5.86875,7.33125,10.3375],"rotation":0,"texture":"#2","tintindex":0},"down":{"uv":[6.90625,5.86875,7.33125,10.375],"rotation":0,"texture":"#2","tintindex":0},"east":{"uv":[6.90625,5.86875,7.33125,10.3375],"rotation":0,"texture":"#2","tintindex":0},"west":{"uv":[6.90625,5.86875,7.33125,10.3375],"rotation":0,"texture":"#2","tintindex":0},"up":{"uv":[6.90625,5.86875,7.33125,10.375],"rotation":0,"texture":"#2","tintindex":0}}},{"from":[7.3142858,29.6,5.028571],"to":[7.542857,30.057142,8.228572],"rotation":{"angle":0.0,"axis":"y","origin":[8.0,8.0,8.0]},"faces":{"south":{"uv":[6.90625,5.86875,7.33125,10.3375],"rotation":0,"texture":"#2","tintindex":0},"north":{"uv":[6.90625,5.86875,7.33125,10.3375],"rotation":0,"texture":"#2","tintindex":0},"down":{"uv":[6.90625,5.86875,7.33125,10.375],"rotation":0,"texture":"#2","tintindex":0},"east":{"uv":[6.90625,5.86875,7.33125,10.3375],"rotation":0,"texture":"#2","tintindex":0},"west":{"uv":[6.90625,5.86875,7.33125,10.3375],"rotation":0,"texture":"#2","tintindex":0},"up":{"uv":[6.90625,5.86875,7.33125,10.375],"rotation":0,"texture":"#2","tintindex":0}}}],"textures":{"2":"modelengine:entity/bloque_tronco"},"display":{"head":{"translation":[0.0,-6.4,0.0],"scale":[4.0,4.0,4.0]}}}