{"elements":[{"from":[6.9714284,6.5184855,7.659385],"to":[7.6571426,7.6613426,8.139385],"rotation":{"angle":0.0,"axis":"y","origin":[8.0,8.0,8.0]},"faces":{"south":{"uv":[0.0375,0.7177778,1.1850001,3.128889],"rotation":270,"texture":"#11","tintindex":0},"north":{"uv":[0.0375,0.7177778,1.1850001,3.128889],"rotation":180,"texture":"#11","tintindex":0},"down":{"uv":[0.0375,0.7177778,1.1850001,3.128889],"rotation":270,"texture":"#11","tintindex":0},"east":{"uv":[0.0375,0.7177778,1.1850001,3.128889],"rotation":180,"texture":"#11","tintindex":0},"west":{"uv":[0.0375,0.7177778,1.1850001,3.128889],"rotation":180,"texture":"#11","tintindex":0},"up":{"uv":[0.0375,0.7177778,1.1850001,3.128889],"rotation":270,"texture":"#11","tintindex":0}}}],"textures":{"11":"modelengine:entity/tablones_pila"},"display":{"head":{"translation":[0.0,-6.4,0.0],"scale":[4.0,4.0,4.0]}}}