{"elements":[{"from":[8.8,7.0342684,7.8607016],"to":[9.028571,7.9485545,8.11213],"rotation":{"angle":0.0,"axis":"y","origin":[8.0,8.0,8.0]},"faces":{"south":{"uv":[1.4875001,0.17777778,2.6125,0.51111114],"rotation":270,"texture":"#11","tintindex":0},"north":{"uv":[0.15,1.6444445,0.3375,1.8222222],"rotation":180,"texture":"#11","tintindex":0},"down":{"uv":[0.15,1.6444445,0.3375,1.8222222],"rotation":270,"texture":"#11","tintindex":0},"east":{"uv":[0.15,1.6444445,0.3375,1.8222222],"rotation":180,"texture":"#11","tintindex":0},"west":{"uv":[0.15,1.6444445,0.3375,1.8222222],"rotation":180,"texture":"#11","tintindex":0},"up":{"uv":[0.15,1.6444445,0.3375,1.8222222],"rotation":270,"texture":"#11","tintindex":0}}}],"textures":{"11":"modelengine:entity/tablones_pila"},"display":{"head":{"translation":[0.0,-6.4,0.0],"scale":[4.0,4.0,4.0]}}}