{"elements":[{"from":[-16.0,-0.2583456,7.1415634],"to":[-12.937143,13.090227,10.890135],"rotation":{"angle":0.0,"axis":"y","origin":[9.224164,5.942857,8.457143]},"faces":{"south":{"uv":[14.957394,7.819549,0.0,0.24060151],"rotation":90,"texture":"#4","tintindex":0},"north":{"uv":[0.0,0.0,16.0,7.93985],"rotation":0,"texture":"#4","tintindex":0},"down":{"uv":[0.0,7.97995,14.837092,0.20050125],"rotation":90,"texture":"#4","tintindex":0},"east":{"uv":[0.0,-8.881784E-16,14.676692,7.93985],"rotation":90,"texture":"#4","tintindex":0},"west":{"uv":[14.877193,0.04010025,1.122807,7.5789475],"rotation":90,"texture":"#4","tintindex":0},"up":{"uv":[0.0,0.0,7.538847,8.10025],"rotation":270,"texture":"#4","tintindex":0}}}],"textures":{"4":"modelengine:entity/ladrillo_piedra_liza"},"display":{"head":{"translation":[-13.125229,-6.4,0.0],"scale":[4.0,4.0,4.0]}}}