{"elements":[{"from":[6.9714284,-15.047506,10.192807],"to":[7.6571426,-13.90465,10.672807],"rotation":{"angle":0.0,"axis":"y","origin":[7.3142858,-14.476078,10.432807]},"faces":{"south":{"uv":[2.546709,0.52083904,1.3125,0.77122337],"rotation":270,"texture":"#11","tintindex":0},"north":{"uv":[0.0,0.5947988,1.383847,3.1643877],"rotation":180,"texture":"#11","tintindex":0},"down":{"uv":[2.1608388,0.2625,1.0,0.48711097],"rotation":270,"texture":"#11","tintindex":0},"east":{"uv":[0.0,0.5947988,1.383847,3.1293876],"rotation":180,"texture":"#11","tintindex":0},"west":{"uv":[0.0,0.5947988,1.383847,3.1293876],"rotation":180,"texture":"#11","tintindex":0},"up":{"uv":[1.5327997,0.2875,0.375,0.514101],"rotation":270,"texture":"#11","tintindex":0}}}],"textures":{"11":"modelengine:entity/tablones_pila"},"display":{"head":{"translation":[0.0,-6.4,0.0],"scale":[4.0,4.0,4.0]}}}