{"elements":[{"from":[8.982857,19.573933,26.783749],"to":[9.097143,19.688221,27.012321],"rotation":{"angle":0.0,"axis":"y","origin":[8.0,8.0,8.0]},"faces":{"south":{"uv":[8.10025,8.10025,16.0,8.749875],"rotation":0,"texture":"#4","tintindex":0},"north":{"uv":[8.10025,8.10025,16.0,8.749875],"rotation":0,"texture":"#4","tintindex":0},"down":{"uv":[8.10025,8.10025,16.0,8.749875],"rotation":0,"texture":"#4","tintindex":0},"east":{"uv":[8.10025,8.10025,16.0,8.749875],"rotation":0,"texture":"#4","tintindex":0},"west":{"uv":[8.10025,8.10025,16.0,8.749875],"rotation":0,"texture":"#4","tintindex":0},"up":{"uv":[8.10025,8.10025,16.0,8.749875],"rotation":0,"texture":"#4","tintindex":0}}}],"textures":{"4":"modelengine:entity/ladrillo_piedra_liza"},"display":{"head":{"translation":[0.0,-6.4,0.0],"scale":[4.0,4.0,4.0]}}}