{"elements":[{"from":[7.542857,31.77143,8.036109],"to":[8.457143,32.0,8.721824],"rotation":{"angle":0.0,"axis":"y","origin":[8.0,31.885715,8.378966]},"faces":{"south":{"uv":[5.1628118,6.40625,11.986285,7.4289074],"rotation":0,"texture":"#0","tintindex":0},"north":{"uv":[5.1628118,6.40625,11.986285,7.4289074],"rotation":0,"texture":"#0","tintindex":0},"down":{"uv":[2.069062,5.5625,11.986285,7.4289074],"rotation":0,"texture":"#0","tintindex":0},"east":{"uv":[1.7050245,5.625,3.6185539,7.386675],"rotation":90,"texture":"#0","tintindex":0},"west":{"uv":[1.7050245,5.625,3.6185539,7.386675],"rotation":90,"texture":"#0","tintindex":0},"up":{"uv":[5.1628118,5.5625,11.986285,7.4289074],"rotation":0,"texture":"#0","tintindex":0}}},{"from":[7.5468464,28.111382,8.046144],"to":[7.775418,31.768524,8.731857],"rotation":{"angle":0.0,"axis":"y","origin":[7.661132,29.939953,8.389]},"faces":{"south":{"uv":[1.7050245,6.3375,11.931054,7.417925],"rotation":90,"texture":"#0","tintindex":0},"north":{"uv":[1.7050245,6.3375,11.931054,7.417925],"rotation":90,"texture":"#0","tintindex":0},"down":{"uv":[2.069062,5.6817865,11.810469,7.3177595],"rotation":90,"texture":"#0","tintindex":0},"east":{"uv":[1.7050245,5.625,11.931054,7.417925],"rotation":90,"texture":"#0","tintindex":0},"west":{"uv":[1.7050245,5.625,11.931054,7.417925],"rotation":90,"texture":"#0","tintindex":0},"up":{"uv":[2.069062,5.6817865,11.810469,7.3177595],"rotation":90,"texture":"#0","tintindex":0}}},{"from":[8.23256,28.111382,8.046144],"to":[8.461132,31.768524,8.731857],"rotation":{"angle":0.0,"axis":"y","origin":[8.346847,29.939953,8.389]},"faces":{"south":{"uv":[1.7050245,6.3375,11.931054,7.417925],"rotation":90,"texture":"#0","tintindex":0},"north":{"uv":[1.7050245,6.3375,11.931054,7.417925],"rotation":90,"texture":"#0","tintindex":0},"down":{"uv":[2.069062,5.6817865,11.810469,7.3177595],"rotation":90,"texture":"#0","tintindex":0},"east":{"uv":[1.7050245,5.625,11.931054,7.417925],"rotation":90,"texture":"#0","tintindex":0},"west":{"uv":[1.7050245,5.625,11.931054,7.417925],"rotation":90,"texture":"#0","tintindex":0},"up":{"uv":[2.069062,5.6817865,11.810469,7.3177595],"rotation":90,"texture":"#0","tintindex":0}}}],"textures":{"0":"modelengine:entity/tablones_fila"},"display":{"head":{"translation":[0.0,-2.603705,0.0],"scale":[4.0,4.0,4.0]}}}