{"elements":[{"from":[7.3142858,7.934315,7.7714286],"to":[7.542857,8.391458,10.971429],"rotation":{"angle":0.0,"axis":"y","origin":[8.0,8.0,8.0]},"faces":{"south":{"uv":[4.5625,8.365482,8.0,12.913705],"rotation":90,"texture":"#1","tintindex":0},"north":{"uv":[4.5625,8.365482,8.0,12.913705],"rotation":90,"texture":"#1","tintindex":0},"down":{"uv":[4.5625,8.365482,8.0,12.913705],"rotation":90,"texture":"#1","tintindex":0},"east":{"uv":[4.5625,8.365482,8.0,12.913705],"rotation":90,"texture":"#1","tintindex":0},"west":{"uv":[4.5625,8.365482,8.0,12.913705],"rotation":90,"texture":"#1","tintindex":0},"up":{"uv":[4.5625,8.365482,8.0,12.913705],"rotation":90,"texture":"#1","tintindex":0}}},{"from":[7.3142858,7.885714,5.028571],"to":[7.542857,8.342857,8.228572],"rotation":{"angle":0.0,"axis":"y","origin":[8.0,8.0,8.0]},"faces":{"south":{"uv":[4.5625,8.365482,8.0,12.913705],"rotation":90,"texture":"#1","tintindex":0},"north":{"uv":[4.5625,8.365482,8.0,12.913705],"rotation":90,"texture":"#1","tintindex":0},"down":{"uv":[4.5625,8.365482,8.0,12.913705],"rotation":90,"texture":"#1","tintindex":0},"east":{"uv":[4.5625,8.365482,8.0,12.913705],"rotation":90,"texture":"#1","tintindex":0},"west":{"uv":[4.5625,8.365482,8.0,12.913705],"rotation":90,"texture":"#1","tintindex":0},"up":{"uv":[4.5625,8.365482,8.0,12.913705],"rotation":90,"texture":"#1","tintindex":0}}}],"textures":{"1":"modelengine:entity/bloque_tronco"},"display":{"head":{"translation":[0.0,-6.4,0.0],"scale":[4.0,4.0,4.0]}}}