{"elements":[{"from":[7.5468464,7.35637,7.6571426],"to":[7.775418,11.013514,8.342857],"rotation":{"angle":0.0,"axis":"y","origin":[7.661132,7.35637,8.0]},"faces":{"south":{"uv":[1.7076796,6.361481,11.949869,7.437037],"rotation":90,"texture":"#3","tintindex":0},"north":{"uv":[1.7076796,6.361481,11.949869,7.437037],"rotation":90,"texture":"#3","tintindex":0},"down":{"uv":[1.746523,5.654971,11.899865,7.465674],"rotation":270,"texture":"#3","tintindex":0},"east":{"uv":[1.7076796,5.68,11.949869,7.437037],"rotation":90,"texture":"#3","tintindex":0},"west":{"uv":[1.7076796,5.68,11.949869,7.437037],"rotation":90,"texture":"#3","tintindex":0},"up":{"uv":[1.7596653,5.646244,11.9019375,7.4747815],"rotation":270,"texture":"#3","tintindex":0}}},{"from":[8.23256,7.35637,7.6571426],"to":[8.461132,11.013514,8.342857],"rotation":{"angle":0.0,"axis":"y","origin":[8.346847,7.35637,8.0]},"faces":{"south":{"uv":[1.7076796,6.361481,11.949869,7.437037],"rotation":90,"texture":"#3","tintindex":0},"north":{"uv":[1.7076796,6.361481,11.949869,7.437037],"rotation":90,"texture":"#3","tintindex":0},"down":{"uv":[1.746523,5.654971,11.899865,7.465674],"rotation":270,"texture":"#3","tintindex":0},"east":{"uv":[1.7076796,5.68,11.949869,7.437037],"rotation":90,"texture":"#3","tintindex":0},"west":{"uv":[1.7076796,5.68,11.949869,7.437037],"rotation":90,"texture":"#3","tintindex":0},"up":{"uv":[1.7596653,5.646244,11.9019375,7.4747815],"rotation":270,"texture":"#3","tintindex":0}}},{"from":[7.542857,11.009524,7.6571426],"to":[8.457143,11.238095,8.342857],"rotation":{"angle":0.0,"axis":"y","origin":[-5.714287,-2.7007732,-37.828537]},"faces":{"south":{"uv":[1.7371653,6.09037,6.0323844,7.404039],"rotation":0,"texture":"#3","tintindex":0},"north":{"uv":[1.7371653,6.09037,6.0323844,7.404039],"rotation":0,"texture":"#3","tintindex":0},"down":{"uv":[1.7371653,5.660741,6.0323844,7.404039],"rotation":0,"texture":"#3","tintindex":0},"east":{"uv":[1.7204986,5.6251855,5.2286043,7.4285374],"rotation":270,"texture":"#3","tintindex":0},"west":{"uv":[1.7204986,5.6251855,5.2286043,7.4285374],"rotation":270,"texture":"#3","tintindex":0},"up":{"uv":[1.7371653,5.660741,6.0323844,7.404039],"rotation":0,"texture":"#3","tintindex":0}}}],"textures":{"3":"modelengine:entity/tablones_fila"},"display":{"head":{"translation":[0.0,-6.4,0.0],"scale":[4.0,4.0,4.0]}}}