{"elements":[{"from":[20.8,21.024582,29.257145],"to":[22.857143,21.824583,32.0],"rotation":{"angle":0.0,"axis":"y","origin":[8.0,7.7714286,-15.542824]},"faces":{"south":{"uv":[4.1049676,12.159892,12.018199,14.97051],"rotation":0,"texture":"#10","tintindex":0},"north":{"uv":[5.7408595,16.563116,16.238766,20.492779],"rotation":0,"texture":"#10","tintindex":0},"down":{"uv":[4.1049676,12.159892,12.018199,14.97051],"rotation":0,"texture":"#10","tintindex":0},"east":{"uv":[4.1049676,12.159892,12.018199,14.97051],"rotation":0,"texture":"#10","tintindex":0},"west":{"uv":[4.1049676,12.159892,12.018199,14.97051],"rotation":0,"texture":"#10","tintindex":0},"up":{"uv":[4.087809,12.142735,7.02517,14.953352],"rotation":0,"texture":"#10","tintindex":0}}}],"textures":{"10":"modelengine:entity/palanca"},"display":{"head":{"translation":[0.0,-6.4,94.171295],"scale":[4.0,4.0,4.0]}}}