{"elements":[{"from":[-5.028571,20.228573,27.657143],"to":[-4.5714293,22.742857,30.171429],"rotation":{"angle":0.0,"axis":"y","origin":[-4.8,21.485714,50.62857]},"faces":{"south":{"uv":[0.0,8.260652,6.879433,8.899655],"rotation":0,"texture":"#4","tintindex":0},"north":{"uv":[0.0,8.140351,7.0237937,8.979856],"rotation":0,"texture":"#4","tintindex":0},"down":{"uv":[0.0,8.2205515,6.8313127,8.82836],"rotation":0,"texture":"#4","tintindex":0},"east":{"uv":[1.1669173,0.8461153,9.842896,6.6981516],"rotation":0,"texture":"#4","tintindex":0},"west":{"uv":[1.2631578,0.9263158,9.842896,6.6981516],"rotation":0,"texture":"#4","tintindex":0},"up":{"uv":[0.0,8.2205515,6.755122,8.75217],"rotation":0,"texture":"#4","tintindex":0}}},{"from":[-4.8,21.257145,26.285715],"to":[-4.5714293,21.714287,29.485714],"rotation":{"angle":0.0,"axis":"y","origin":[8.0,8.0,7.771427]},"faces":{"south":{"uv":[6.90625,5.86875,7.33125,10.3375],"rotation":0,"texture":"#2","tintindex":0},"north":{"uv":[6.90625,5.86875,7.33125,10.3375],"rotation":0,"texture":"#2","tintindex":0},"down":{"uv":[6.90625,5.86875,7.33125,10.375],"rotation":0,"texture":"#2","tintindex":0},"east":{"uv":[6.90625,5.86875,7.33125,10.3375],"rotation":0,"texture":"#2","tintindex":0},"west":{"uv":[6.90625,5.86875,7.33125,10.3375],"rotation":0,"texture":"#2","tintindex":0},"up":{"uv":[6.90625,5.86875,7.33125,10.375],"rotation":0,"texture":"#2","tintindex":0}}},{"from":[-4.8,21.257145,28.8],"to":[-4.5714293,21.714287,32.0],"rotation":{"angle":0.0,"axis":"y","origin":[8.0,8.0,7.771427]},"faces":{"south":{"uv":[6.90625,5.86875,7.33125,10.3375],"rotation":0,"texture":"#2","tintindex":0},"north":{"uv":[6.90625,5.86875,7.33125,10.3375],"rotation":0,"texture":"#2","tintindex":0},"down":{"uv":[6.90625,5.86875,7.33125,10.375],"rotation":0,"texture":"#2","tintindex":0},"east":{"uv":[6.90625,5.86875,7.33125,10.3375],"rotation":0,"texture":"#2","tintindex":0},"west":{"uv":[6.90625,5.86875,7.33125,10.3375],"rotation":0,"texture":"#2","tintindex":0},"up":{"uv":[6.90625,5.86875,7.33125,10.375],"rotation":0,"texture":"#2","tintindex":0}}},{"from":[-5.257144,20.685715,28.114285],"to":[-4.5714293,22.285715,29.714287],"rotation":{"angle":0.0,"axis":"y","origin":[8.0,8.0,7.771427]},"faces":{"south":{"uv":[0.0,0.0,12.801355,7.042544],"rotation":0,"texture":"#4","tintindex":0},"north":{"uv":[0.0,0.0,12.801355,7.042544],"rotation":0,"texture":"#4","tintindex":0},"down":{"uv":[0.0,0.0,12.801355,7.0394187],"rotation":0,"texture":"#4","tintindex":0},"east":{"uv":[0.0,0.0,12.813855,7.042544],"rotation":0,"texture":"#4","tintindex":0},"west":{"uv":[0.0,0.0,12.813855,7.042544],"rotation":0,"texture":"#4","tintindex":0},"up":{"uv":[0.0,0.0,12.801355,7.0394187],"rotation":0,"texture":"#4","tintindex":0}}}],"textures":{"2":"modelengine:entity/bloque_tronco","4":"modelengine:entity/ladrillo_piedra_liza"},"display":{"head":{"translation":[0.0,-6.4,0.9142914],"scale":[4.0,4.0,4.0]}}}