{"elements":[{"from":[-5.028571,20.228573,27.657143],"to":[-4.5714293,22.742857,30.171425],"rotation":{"angle":0.0,"axis":"y","origin":[-4.8,21.485714,28.914284]},"faces":{"south":{"uv":[0.0,0.0,14.8771925,6.8799996],"rotation":0,"texture":"#5","tintindex":0},"north":{"uv":[0.0,0.0,14.8771925,6.8799996],"rotation":0,"texture":"#5","tintindex":0},"down":{"uv":[0.0,0.0,14.8771925,6.8799996],"rotation":0,"texture":"#5","tintindex":0},"east":{"uv":[0.0,0.0,14.8771925,6.8799996],"rotation":0,"texture":"#5","tintindex":0},"west":{"uv":[0.0,0.0,14.8771925,6.8799996],"rotation":0,"texture":"#5","tintindex":0},"up":{"uv":[0.0,0.0,14.8771925,6.8799996],"rotation":0,"texture":"#5","tintindex":0}}},{"from":[-4.8,21.257145,26.285713],"to":[-4.5714293,21.714287,29.485714],"rotation":{"angle":0.0,"axis":"y","origin":[8.0,8.0,-13.94286]},"faces":{"south":{"uv":[4.8125,6.172589,8.25,10.720812],"rotation":90,"texture":"#2","tintindex":0},"north":{"uv":[4.8125,6.172589,8.25,10.720812],"rotation":90,"texture":"#2","tintindex":0},"down":{"uv":[4.8125,6.172589,8.25,10.720812],"rotation":90,"texture":"#2","tintindex":0},"east":{"uv":[5.2234883,6.172589,8.25,10.481431],"rotation":90,"texture":"#2","tintindex":0},"west":{"uv":[4.8125,6.172589,8.25,10.720812],"rotation":90,"texture":"#2","tintindex":0},"up":{"uv":[4.8125,6.172589,8.25,10.720812],"rotation":90,"texture":"#2","tintindex":0}}},{"from":[-4.8,21.257145,28.800003],"to":[-4.5714293,21.714287,32.0],"rotation":{"angle":0.0,"axis":"y","origin":[8.0,8.0,-13.94286]},"faces":{"south":{"uv":[4.8125,6.172589,8.25,10.720812],"rotation":90,"texture":"#2","tintindex":0},"north":{"uv":[4.8125,6.172589,8.25,10.720812],"rotation":90,"texture":"#2","tintindex":0},"down":{"uv":[4.8125,6.172589,8.25,10.720812],"rotation":90,"texture":"#2","tintindex":0},"east":{"uv":[5.2234883,6.172589,8.25,10.481431],"rotation":90,"texture":"#2","tintindex":0},"west":{"uv":[4.8125,6.172589,8.25,10.720812],"rotation":90,"texture":"#2","tintindex":0},"up":{"uv":[4.8125,6.172589,8.25,10.720812],"rotation":90,"texture":"#2","tintindex":0}}},{"from":[-5.257144,20.685715,28.114285],"to":[-4.5714293,22.285715,29.714287],"rotation":{"angle":0.0,"axis":"y","origin":[8.0,8.0,-13.94286]},"faces":{"south":{"uv":[0.0,0.0,14.8771925,6.8799996],"rotation":0,"texture":"#5","tintindex":0},"north":{"uv":[0.0,0.0,14.8771925,6.8799996],"rotation":0,"texture":"#5","tintindex":0},"down":{"uv":[0.0,0.0,14.8771925,6.8799996],"rotation":0,"texture":"#5","tintindex":0},"east":{"uv":[0.0,0.0,14.8771925,6.8799996],"rotation":0,"texture":"#5","tintindex":0},"west":{"uv":[0.0,0.0,14.8771925,6.8799996],"rotation":0,"texture":"#5","tintindex":0},"up":{"uv":[0.0,0.0,14.8771925,6.8799996],"rotation":0,"texture":"#5","tintindex":0}}}],"textures":{"2":"modelengine:entity/bloque_tronco","5":"modelengine:entity/ladrillo_piedra_liza"},"display":{"head":{"translation":[0.0,-6.4,87.77144],"scale":[4.0,4.0,4.0]}}}