{"elements":[{"from":[7.827619,7.5047617,7.777661],"to":[8.0561905,10.7047615,8.234804],"rotation":{"angle":0.0,"axis":"y","origin":[7.9419045,7.5047617,7.539741]},"faces":{"south":{"uv":[4.8125,6.172589,8.25,10.720812],"rotation":90,"texture":"#2","tintindex":0},"north":{"uv":[4.8125,6.172589,8.25,10.720812],"rotation":90,"texture":"#2","tintindex":0},"down":{"uv":[4.8125,6.172589,8.25,10.720812],"rotation":90,"texture":"#2","tintindex":0},"east":{"uv":[5.2234883,6.172589,8.25,10.481431],"rotation":90,"texture":"#2","tintindex":0},"west":{"uv":[4.8125,6.172589,8.25,10.720812],"rotation":90,"texture":"#2","tintindex":0},"up":{"uv":[4.8125,6.172589,8.25,10.720812],"rotation":90,"texture":"#2","tintindex":0}}},{"from":[7.827619,6.704762,6.625455],"to":[8.284761,9.219048,9.139741],"rotation":{"angle":0.0,"axis":"y","origin":[8.0561905,7.9619045,7.882598]},"faces":{"south":{"uv":[0.0,0.0,14.8771925,6.8799996],"rotation":0,"texture":"#5","tintindex":0},"north":{"uv":[0.0,0.0,14.8771925,6.8799996],"rotation":0,"texture":"#5","tintindex":0},"down":{"uv":[0.0,0.0,14.8771925,6.8799996],"rotation":0,"texture":"#5","tintindex":0},"east":{"uv":[0.0,0.0,14.8771925,6.8799996],"rotation":0,"texture":"#5","tintindex":0},"west":{"uv":[0.0,0.0,14.8771925,6.8799996],"rotation":0,"texture":"#5","tintindex":0},"up":{"uv":[0.0,0.0,14.8771925,6.8799996],"rotation":0,"texture":"#5","tintindex":0}}},{"from":[7.827619,7.733333,7.7683125],"to":[8.0561905,8.190476,10.968312],"rotation":{"angle":0.0,"axis":"y","origin":[19.713333,-5.2952385,-34.974545]},"faces":{"south":{"uv":[4.8125,6.172589,8.25,10.720812],"rotation":90,"texture":"#2","tintindex":0},"north":{"uv":[4.8125,6.172589,8.25,10.720812],"rotation":90,"texture":"#2","tintindex":0},"down":{"uv":[4.8125,6.172589,8.25,10.720812],"rotation":90,"texture":"#2","tintindex":0},"east":{"uv":[5.2234883,6.172589,8.25,10.481431],"rotation":90,"texture":"#2","tintindex":0},"west":{"uv":[4.8125,6.172589,8.25,10.720812],"rotation":90,"texture":"#2","tintindex":0},"up":{"uv":[4.8125,6.172589,8.25,10.720812],"rotation":90,"texture":"#2","tintindex":0}}},{"from":[7.827619,5.447619,7.777661],"to":[8.0561905,8.647619,8.234804],"rotation":{"angle":0.0,"axis":"y","origin":[7.9419045,5.904762,7.1968837]},"faces":{"south":{"uv":[4.8125,6.172589,8.25,10.720812],"rotation":90,"texture":"#2","tintindex":0},"north":{"uv":[4.8125,6.172589,8.25,10.720812],"rotation":90,"texture":"#2","tintindex":0},"down":{"uv":[4.8125,6.172589,8.25,10.720812],"rotation":90,"texture":"#2","tintindex":0},"east":{"uv":[5.2234883,6.172589,8.25,10.481431],"rotation":90,"texture":"#2","tintindex":0},"west":{"uv":[4.8125,6.172589,8.25,10.720812],"rotation":90,"texture":"#2","tintindex":0},"up":{"uv":[4.8125,6.172589,8.25,10.720812],"rotation":90,"texture":"#2","tintindex":0}}},{"from":[7.827619,7.733333,5.2540264],"to":[8.0561905,8.190476,8.454027],"rotation":{"angle":0.0,"axis":"y","origin":[19.713333,-5.2952385,-34.974545]},"faces":{"south":{"uv":[4.8125,6.172589,8.25,10.720812],"rotation":90,"texture":"#2","tintindex":0},"north":{"uv":[4.8125,6.172589,8.25,10.720812],"rotation":90,"texture":"#2","tintindex":0},"down":{"uv":[4.8125,6.172589,8.25,10.720812],"rotation":90,"texture":"#2","tintindex":0},"east":{"uv":[5.2234883,6.172589,8.25,10.481431],"rotation":90,"texture":"#2","tintindex":0},"west":{"uv":[4.8125,6.172589,8.25,10.720812],"rotation":90,"texture":"#2","tintindex":0},"up":{"uv":[4.8125,6.172589,8.25,10.720812],"rotation":90,"texture":"#2","tintindex":0}}},{"from":[7.8390474,7.161905,7.082598],"to":[8.513333,8.761905,8.682598],"rotation":{"angle":0.0,"axis":"y","origin":[-1.7723818,-5.2952385,-34.974545]},"faces":{"south":{"uv":[0.0,0.0,14.8771925,6.8799996],"rotation":0,"texture":"#5","tintindex":0},"north":{"uv":[0.0,0.0,14.8771925,6.8799996],"rotation":0,"texture":"#5","tintindex":0},"down":{"uv":[0.0,0.0,14.8771925,6.8799996],"rotation":0,"texture":"#5","tintindex":0},"east":{"uv":[0.0,0.0,14.8771925,6.8799996],"rotation":0,"texture":"#5","tintindex":0},"west":{"uv":[0.0,0.0,14.8771925,6.8799996],"rotation":0,"texture":"#5","tintindex":0},"up":{"uv":[0.0,0.0,14.8771925,6.8799996],"rotation":0,"texture":"#5","tintindex":0}}}],"textures":{"2":"modelengine:entity/bloque_tronco","5":"modelengine:entity/ladrillo_piedra_liza"},"display":{"head":{"translation":[0.0,-6.4,0.0],"scale":[4.0,4.0,4.0]}}}