{"elements":[{"from":[17.6,20.8,28.80935],"to":[17.828571,24.0,29.266495],"rotation":{"angle":0.0,"axis":"y","origin":[17.714287,20.8,28.57143]},"faces":{"south":{"uv":[4.8125,6.172589,8.25,10.720812],"rotation":90,"texture":"#2","tintindex":0},"north":{"uv":[4.8125,6.172589,8.25,10.720812],"rotation":90,"texture":"#2","tintindex":0},"down":{"uv":[4.8125,6.172589,8.25,10.720812],"rotation":90,"texture":"#2","tintindex":0},"east":{"uv":[5.2234883,6.172589,8.25,10.481431],"rotation":90,"texture":"#2","tintindex":0},"west":{"uv":[4.8125,6.172589,8.25,10.720812],"rotation":90,"texture":"#2","tintindex":0},"up":{"uv":[4.8125,6.172589,8.25,10.720812],"rotation":90,"texture":"#2","tintindex":0}}},{"from":[17.6,20.0,27.657143],"to":[18.057144,22.514286,30.171425],"rotation":{"angle":0.0,"axis":"y","origin":[17.828571,21.257145,28.914284]},"faces":{"south":{"uv":[0.0,0.0,14.8771925,6.8799996],"rotation":0,"texture":"#5","tintindex":0},"north":{"uv":[0.0,0.0,14.8771925,6.8799996],"rotation":0,"texture":"#5","tintindex":0},"down":{"uv":[0.0,0.0,14.8771925,6.8799996],"rotation":0,"texture":"#5","tintindex":0},"east":{"uv":[0.0,0.0,14.8771925,6.8799996],"rotation":0,"texture":"#5","tintindex":0},"west":{"uv":[0.0,0.0,14.8771925,6.8799996],"rotation":0,"texture":"#5","tintindex":0},"up":{"uv":[0.0,0.0,14.8771925,6.8799996],"rotation":0,"texture":"#5","tintindex":0}}},{"from":[17.6,21.028572,28.800003],"to":[17.828571,21.485714,32.0],"rotation":{"angle":0.0,"axis":"y","origin":[29.485714,8.0,-13.94286]},"faces":{"south":{"uv":[4.8125,6.172589,8.25,10.720812],"rotation":90,"texture":"#2","tintindex":0},"north":{"uv":[4.8125,6.172589,8.25,10.720812],"rotation":90,"texture":"#2","tintindex":0},"down":{"uv":[4.8125,6.172589,8.25,10.720812],"rotation":90,"texture":"#2","tintindex":0},"east":{"uv":[5.2234883,6.172589,8.25,10.481431],"rotation":90,"texture":"#2","tintindex":0},"west":{"uv":[4.8125,6.172589,8.25,10.720812],"rotation":90,"texture":"#2","tintindex":0},"up":{"uv":[4.8125,6.172589,8.25,10.720812],"rotation":90,"texture":"#2","tintindex":0}}},{"from":[17.6,18.742857,28.80935],"to":[17.828571,21.942858,29.266495],"rotation":{"angle":0.0,"axis":"y","origin":[17.714287,19.2,28.228573]},"faces":{"south":{"uv":[4.8125,6.172589,8.25,10.720812],"rotation":90,"texture":"#2","tintindex":0},"north":{"uv":[4.8125,6.172589,8.25,10.720812],"rotation":90,"texture":"#2","tintindex":0},"down":{"uv":[4.8125,6.172589,8.25,10.720812],"rotation":90,"texture":"#2","tintindex":0},"east":{"uv":[5.2234883,6.172589,8.25,10.481431],"rotation":90,"texture":"#2","tintindex":0},"west":{"uv":[4.8125,6.172589,8.25,10.720812],"rotation":90,"texture":"#2","tintindex":0},"up":{"uv":[4.8125,6.172589,8.25,10.720812],"rotation":90,"texture":"#2","tintindex":0}}},{"from":[17.6,21.028572,26.285713],"to":[17.828571,21.485714,29.485714],"rotation":{"angle":0.0,"axis":"y","origin":[29.485714,8.0,-13.94286]},"faces":{"south":{"uv":[4.8125,6.172589,8.25,10.720812],"rotation":90,"texture":"#2","tintindex":0},"north":{"uv":[4.8125,6.172589,8.25,10.720812],"rotation":90,"texture":"#2","tintindex":0},"down":{"uv":[4.8125,6.172589,8.25,10.720812],"rotation":90,"texture":"#2","tintindex":0},"east":{"uv":[5.2234883,6.172589,8.25,10.481431],"rotation":90,"texture":"#2","tintindex":0},"west":{"uv":[4.8125,6.172589,8.25,10.720812],"rotation":90,"texture":"#2","tintindex":0},"up":{"uv":[4.8125,6.172589,8.25,10.720812],"rotation":90,"texture":"#2","tintindex":0}}},{"from":[17.61143,20.457142,28.114285],"to":[18.285715,22.057144,29.714287],"rotation":{"angle":0.0,"axis":"y","origin":[8.0,8.0,-13.94286]},"faces":{"south":{"uv":[0.0,0.0,14.8771925,6.8799996],"rotation":0,"texture":"#5","tintindex":0},"north":{"uv":[0.0,0.0,14.8771925,6.8799996],"rotation":0,"texture":"#5","tintindex":0},"down":{"uv":[0.0,0.0,14.8771925,6.8799996],"rotation":0,"texture":"#5","tintindex":0},"east":{"uv":[0.0,0.0,14.8771925,6.8799996],"rotation":0,"texture":"#5","tintindex":0},"west":{"uv":[0.0,0.0,14.8771925,6.8799996],"rotation":0,"texture":"#5","tintindex":0},"up":{"uv":[0.0,0.0,14.8771925,6.8799996],"rotation":0,"texture":"#5","tintindex":0}}}],"textures":{"2":"modelengine:entity/bloque_tronco","5":"modelengine:entity/ladrillo_piedra_liza"},"display":{"head":{"translation":[0.0,-6.4,87.77144],"scale":[4.0,4.0,4.0]}}}