{"elements":[{"from":[7.742857,6.742857,6.6285715],"to":[8.2,9.257143,9.142858],"rotation":{"angle":0.0,"axis":"y","origin":[7.9714284,8.0,7.885714]},"faces":{"south":{"uv":[0.0,0.0,14.8771925,6.8799996],"rotation":0,"texture":"#4","tintindex":0},"north":{"uv":[0.0,0.0,14.8771925,6.8799996],"rotation":0,"texture":"#4","tintindex":0},"down":{"uv":[0.0,0.0,14.8771925,6.8799996],"rotation":0,"texture":"#4","tintindex":0},"east":{"uv":[0.0,0.0,14.8771925,6.8799996],"rotation":0,"texture":"#4","tintindex":0},"west":{"uv":[0.0,0.0,14.8771925,6.8799996],"rotation":0,"texture":"#4","tintindex":0},"up":{"uv":[0.0,0.0,14.8771925,6.8799996],"rotation":0,"texture":"#4","tintindex":0}}},{"from":[7.9714284,7.7714286,5.2571425],"to":[8.2,8.228572,8.457143],"rotation":{"angle":0.0,"axis":"y","origin":[20.77143,-5.485715,-34.971428]},"faces":{"south":{"uv":[4.5625,8.365482,8.0,12.913705],"rotation":90,"texture":"#1","tintindex":0},"north":{"uv":[4.5625,8.365482,8.0,12.913705],"rotation":90,"texture":"#1","tintindex":0},"down":{"uv":[4.5625,8.365482,8.0,12.913705],"rotation":90,"texture":"#1","tintindex":0},"east":{"uv":[4.5625,8.365482,8.0,12.913705],"rotation":90,"texture":"#1","tintindex":0},"west":{"uv":[4.5625,8.365482,8.0,12.913705],"rotation":90,"texture":"#1","tintindex":0},"up":{"uv":[4.5625,8.365482,8.0,12.913705],"rotation":90,"texture":"#1","tintindex":0}}},{"from":[7.9714284,7.7714286,7.7714286],"to":[8.2,8.228572,10.971429],"rotation":{"angle":0.0,"axis":"y","origin":[20.77143,-5.485715,-34.971428]},"faces":{"south":{"uv":[4.5625,8.365482,8.0,12.913705],"rotation":90,"texture":"#1","tintindex":0},"north":{"uv":[4.5625,8.365482,8.0,12.913705],"rotation":90,"texture":"#1","tintindex":0},"down":{"uv":[4.5625,8.365482,8.0,12.913705],"rotation":90,"texture":"#1","tintindex":0},"east":{"uv":[4.5625,8.365482,8.0,12.913705],"rotation":90,"texture":"#1","tintindex":0},"west":{"uv":[4.5625,8.365482,8.0,12.913705],"rotation":90,"texture":"#1","tintindex":0},"up":{"uv":[4.5625,8.365482,8.0,12.913705],"rotation":90,"texture":"#1","tintindex":0}}},{"from":[7.5142856,7.2,7.0857143],"to":[8.2,8.8,8.685715],"rotation":{"angle":0.0,"axis":"y","origin":[20.77143,-5.485715,-34.971428]},"faces":{"south":{"uv":[0.0,0.0,14.8771925,6.8799996],"rotation":0,"texture":"#4","tintindex":0},"north":{"uv":[0.0,0.0,14.8771925,6.8799996],"rotation":0,"texture":"#4","tintindex":0},"down":{"uv":[0.0,0.0,14.8771925,6.8799996],"rotation":0,"texture":"#4","tintindex":0},"east":{"uv":[0.0,0.0,14.8771925,6.8799996],"rotation":0,"texture":"#4","tintindex":0},"west":{"uv":[0.0,0.0,14.8771925,6.8799996],"rotation":0,"texture":"#4","tintindex":0},"up":{"uv":[0.0,0.0,14.8771925,6.8799996],"rotation":0,"texture":"#4","tintindex":0}}}],"textures":{"1":"modelengine:entity/bloque_tronco","4":"modelengine:entity/ladrillo_piedra_liza"},"display":{"head":{"translation":[0.0,-6.4,0.0],"scale":[4.0,4.0,4.0]}}}