{"elements":[{"from":[17.6,20.8,28.80935],"to":[17.828571,24.0,29.26649],"rotation":{"angle":0.0,"axis":"y","origin":[17.714287,20.8,50.285717]},"faces":{"south":{"uv":[6.90625,5.86875,7.33125,10.3375],"rotation":0,"texture":"#2","tintindex":0},"north":{"uv":[6.90625,5.86875,7.33125,10.3375],"rotation":0,"texture":"#2","tintindex":0},"down":{"uv":[6.90625,5.86875,7.33125,10.375],"rotation":0,"texture":"#2","tintindex":0},"east":{"uv":[6.90625,5.86875,7.33125,10.3375],"rotation":0,"texture":"#2","tintindex":0},"west":{"uv":[6.90625,5.86875,7.33125,10.3375],"rotation":0,"texture":"#2","tintindex":0},"up":{"uv":[6.90625,5.86875,7.33125,10.375],"rotation":0,"texture":"#2","tintindex":0}}},{"from":[17.6,20.0,27.657143],"to":[18.057144,22.514286,30.171429],"rotation":{"angle":0.0,"axis":"y","origin":[17.828571,21.257145,50.62857]},"faces":{"south":{"uv":[0.0,8.260652,6.879433,8.899655],"rotation":0,"texture":"#4","tintindex":0},"north":{"uv":[0.0,8.140351,7.0237937,8.979856],"rotation":0,"texture":"#4","tintindex":0},"down":{"uv":[0.0,8.2205515,6.8313127,8.82836],"rotation":0,"texture":"#4","tintindex":0},"east":{"uv":[1.1669173,0.8461153,9.842896,6.6981516],"rotation":0,"texture":"#4","tintindex":0},"west":{"uv":[1.2631578,0.9263158,9.842896,6.6981516],"rotation":0,"texture":"#4","tintindex":0},"up":{"uv":[0.0,8.2205515,6.755122,8.75217],"rotation":0,"texture":"#4","tintindex":0}}},{"from":[17.6,21.028572,28.8],"to":[17.828571,21.485714,32.0],"rotation":{"angle":0.0,"axis":"y","origin":[29.485714,8.0,7.771427]},"faces":{"south":{"uv":[6.90625,5.86875,6.909375,5.875],"rotation":0,"texture":"#2","tintindex":0},"north":{"uv":[6.90625,5.86875,6.909375,5.875],"rotation":0,"texture":"#2","tintindex":0},"down":{"uv":[6.90625,5.86875,6.909375,5.9125],"rotation":0,"texture":"#2","tintindex":0},"east":{"uv":[6.90625,5.86875,6.95,5.875],"rotation":0,"texture":"#2","tintindex":0},"west":{"uv":[6.90625,5.86875,6.95,5.875],"rotation":0,"texture":"#2","tintindex":0},"up":{"uv":[6.90625,5.86875,6.909375,5.9125],"rotation":0,"texture":"#2","tintindex":0}}},{"from":[17.6,18.742857,28.80935],"to":[17.828571,21.942858,29.26649],"rotation":{"angle":0.0,"axis":"y","origin":[17.714287,19.2,49.94286]},"faces":{"south":{"uv":[6.90625,5.86875,7.33125,10.3375],"rotation":0,"texture":"#2","tintindex":0},"north":{"uv":[6.90625,5.86875,7.33125,10.3375],"rotation":0,"texture":"#2","tintindex":0},"down":{"uv":[6.90625,5.86875,7.33125,10.375],"rotation":0,"texture":"#2","tintindex":0},"east":{"uv":[6.90625,5.86875,7.33125,10.3375],"rotation":0,"texture":"#2","tintindex":0},"west":{"uv":[6.90625,5.86875,7.33125,10.3375],"rotation":0,"texture":"#2","tintindex":0},"up":{"uv":[6.90625,5.86875,7.33125,10.375],"rotation":0,"texture":"#2","tintindex":0}}},{"from":[17.6,21.028572,26.285715],"to":[17.828571,21.485714,29.485714],"rotation":{"angle":0.0,"axis":"y","origin":[29.485714,8.0,7.771427]},"faces":{"south":{"uv":[6.90625,5.86875,7.33125,10.3375],"rotation":0,"texture":"#2","tintindex":0},"north":{"uv":[6.90625,5.86875,7.33125,10.3375],"rotation":0,"texture":"#2","tintindex":0},"down":{"uv":[6.90625,5.86875,7.33125,10.375],"rotation":0,"texture":"#2","tintindex":0},"east":{"uv":[6.90625,5.86875,7.33125,10.3375],"rotation":0,"texture":"#2","tintindex":0},"west":{"uv":[6.90625,5.86875,7.33125,10.3375],"rotation":0,"texture":"#2","tintindex":0},"up":{"uv":[6.90625,5.86875,7.33125,10.375],"rotation":0,"texture":"#2","tintindex":0}}},{"from":[17.61143,20.457142,28.114285],"to":[18.285715,22.057144,29.714287],"rotation":{"angle":0.0,"axis":"y","origin":[8.0,8.0,7.771427]},"faces":{"south":{"uv":[0.0,0.0,12.801199,7.042544],"rotation":0,"texture":"#4","tintindex":0},"north":{"uv":[0.0,0.0,12.801199,7.042544],"rotation":0,"texture":"#4","tintindex":0},"down":{"uv":[0.0,0.0,12.801199,7.0394187],"rotation":0,"texture":"#4","tintindex":0},"east":{"uv":[0.0,0.0,12.813855,7.042544],"rotation":0,"texture":"#4","tintindex":0},"west":{"uv":[0.0,0.0,12.813855,7.042544],"rotation":0,"texture":"#4","tintindex":0},"up":{"uv":[0.0,0.0,12.801199,7.0394187],"rotation":0,"texture":"#4","tintindex":0}}}],"textures":{"2":"modelengine:entity/bloque_tronco","4":"modelengine:entity/ladrillo_piedra_liza"},"display":{"head":{"translation":[0.0,-6.4,0.9142914],"scale":[4.0,4.0,4.0]}}}