{"elements":[{"from":[7.7714286,7.996011,7.771394],"to":[8.457143,10.738868,8.4571085],"rotation":{"angle":0.0,"axis":"y","origin":[8.0,8.0,8.0]},"faces":{"south":{"uv":[7.041431,2.1289825,8.9194,11.84487],"rotation":0,"texture":"#9","tintindex":0},"north":{"uv":[7.041431,2.1289825,8.9194,11.84487],"rotation":0,"texture":"#9","tintindex":0},"down":{"uv":[7.041431,2.1289825,8.9194,11.84487],"rotation":0,"texture":"#9","tintindex":0},"east":{"uv":[7.041431,2.1289825,8.9194,11.84487],"rotation":0,"texture":"#9","tintindex":0},"west":{"uv":[7.041431,2.1289825,8.9194,11.84487],"rotation":0,"texture":"#9","tintindex":0},"up":{"uv":[8.070922,2.1289825,8.9194,3.8234217],"rotation":0,"texture":"#9","tintindex":0}}}],"textures":{"9":"modelengine:entity/palanca"},"display":{"head":{"translation":[0.0,-6.4,0.0],"scale":[4.0,4.0,4.0]}}}