{"elements":[{"from":[-14.963961,4.297143,-12.434292],"to":[-10.758245,8.502857,32.0],"rotation":{"angle":0.0,"axis":"x","origin":[8.0,8.0,-1.7053299]},"faces":{"south":{"uv":[1.6737745,5.5335674,3.6810539,7.3327427],"rotation":90,"texture":"#0","tintindex":0},"north":{"uv":[1.6737745,5.5335674,3.6810539,7.3327427],"rotation":90,"texture":"#0","tintindex":0},"down":{"uv":[1.6737745,5.5648174,11.962304,7.4202423],"rotation":270,"texture":"#0","tintindex":0},"east":{"uv":[1.7050245,5.625,11.876075,7.5072794],"rotation":0,"texture":"#0","tintindex":0},"west":{"uv":[1.7050245,5.625,11.876075,7.5072794],"rotation":0,"texture":"#0","tintindex":0},"up":{"uv":[1.6737745,5.5648174,11.962304,7.4202423],"rotation":270,"texture":"#0","tintindex":0}}}],"textures":{"0":"modelengine:entity/tablones_fila"},"display":{"head":{"translation":[0.0,-6.4,38.82132],"scale":[4.0,4.0,4.0]}}}