{"elements":[{"from":[5.3485403,4.297143,-12.434286],"to":[9.554255,8.502857,32.0],"rotation":{"angle":0.0,"axis":"x","origin":[7.451397,6.4,9.78286]},"faces":{"south":{"uv":[7.6608043,10.316338,9.097995,12.085516],"rotation":180,"texture":"#3","tintindex":0},"north":{"uv":[7.6608043,10.316338,9.097995,12.085516],"rotation":180,"texture":"#3","tintindex":0},"down":{"uv":[1.746523,5.654971,11.899865,7.465674],"rotation":270,"texture":"#3","tintindex":0},"east":{"uv":[1.7526852,5.675345,11.906993,7.4493985],"rotation":0,"texture":"#3","tintindex":0},"west":{"uv":[1.7526797,5.631054,11.900949,7.448279],"rotation":180,"texture":"#3","tintindex":0},"up":{"uv":[1.7596653,5.646244,11.9019375,7.4747815],"rotation":270,"texture":"#3","tintindex":0}}}],"textures":{"3":"modelengine:entity/tablones_fila"},"display":{"head":{"translation":[0.0,-6.4,69.52312],"scale":[4.0,4.0,4.0]}}}