{"elements":[{"from":[-4.8,6.951543,7.0493712],"to":[23.085714,8.780114,8.935085],"rotation":{"angle":0.0,"axis":"y","origin":[8.0,7.0857143,8.0]},"faces":{"south":{"uv":[0.0,2.2278519,0.88412744,12.459702],"rotation":90,"texture":"#7","tintindex":0},"north":{"uv":[0.0,2.2278519,0.88412744,12.397202],"rotation":90,"texture":"#7","tintindex":0},"down":{"uv":[0.9026358,2.1764324,0.0,12.426433],"rotation":270,"texture":"#7","tintindex":0},"east":{"uv":[0.0,13.397202,0.88412744,2.2278519],"rotation":90,"texture":"#7","tintindex":0},"west":{"uv":[0.0,13.397202,0.88412744,2.2278519],"rotation":90,"texture":"#7","tintindex":0},"up":{"uv":[0.88412744,2.2278519,0.0,12.397202],"rotation":90,"texture":"#7","tintindex":0}}}],"textures":{"7":"modelengine:entity/vaya_pila"},"display":{"head":{"translation":[0.0,-6.4,0.0],"scale":[4.0,4.0,4.0]}}}