{"elements":[{"from":[-4.8,28.662521,7.428338],"to":[23.085714,30.491095,9.314053],"rotation":{"angle":0.0,"axis":"y","origin":[8.0,7.0857143,8.0]},"faces":{"south":{"uv":[0.0,2.3634086,0.9261398,12.588973],"rotation":270,"texture":"#9","tintindex":0},"north":{"uv":[0.0,2.3634086,0.92757,12.588973],"rotation":270,"texture":"#9","tintindex":0},"down":{"uv":[0.92757,2.3634086,0.0,12.588973],"rotation":270,"texture":"#9","tintindex":0},"east":{"uv":[0.0,12.588973,0.92757,2.3634086],"rotation":270,"texture":"#9","tintindex":0},"west":{"uv":[0.0,12.588973,0.9305785,2.3634086],"rotation":270,"texture":"#9","tintindex":0},"up":{"uv":[0.9161283,2.3634086,0.0,12.588973],"rotation":270,"texture":"#9","tintindex":0}}}],"textures":{"9":"modelengine:entity/vaya_pila"},"display":{"head":{"translation":[0.0,-6.4,0.0],"scale":[4.0,4.0,4.0]}}}