{"elements":[{"from":[6.7885714,4.365714,4.0],"to":[9.302857,12.365715,12.0],"rotation":{"angle":0.0,"axis":"y","origin":[8.045714,8.365714,8.0]},"faces":{"south":{"uv":[0.36418816,11.748162,5.2200255,9.556302],"rotation":90,"texture":"#1","tintindex":0},"north":{"uv":[0.24164139,11.684862,5.000362,9.423317],"rotation":270,"texture":"#1","tintindex":0},"down":{"uv":[0.34646773,9.498027,5.1634583,11.899966],"rotation":90,"texture":"#1","tintindex":0},"east":{"uv":[10.677997,5.2909946,5.1780305,10.812082],"rotation":0,"texture":"#1","tintindex":0},"west":{"uv":[5.8877087,0.095243715,0.0,5.728016],"rotation":0,"texture":"#1","tintindex":0},"up":{"uv":[5.1776004,9.583005,0.24164139,11.9368105],"rotation":90,"texture":"#1","tintindex":0}}},{"from":[6.902857,3.4514284,5.142857],"to":[9.0742855,7.794286,10.857143],"rotation":{"angle":0.0,"axis":"y","origin":[7.9885716,5.622857,8.0]},"faces":{"south":{"uv":[0.32620448,11.966284,5.1210356,9.507113],"rotation":270,"texture":"#1","tintindex":0},"north":{"uv":[0.31985962,11.889529,5.2103186,9.548388],"rotation":90,"texture":"#1","tintindex":0},"down":{"uv":[0.13745257,9.607284,5.1511097,11.85405],"rotation":90,"texture":"#1","tintindex":0},"east":{"uv":[10.629438,5.144139,5.2069516,10.736267],"rotation":0,"texture":"#1","tintindex":0},"west":{"uv":[10.775114,0.0,5.1180577,5.291066],"rotation":0,"texture":"#1","tintindex":0},"up":{"uv":[5.227314,9.6437025,0.1966616,11.751764],"rotation":90,"texture":"#1","tintindex":0}}},{"from":[6.902857,5.508571,8.571428],"to":[9.0742855,11.222857,12.914286],"rotation":{"angle":0.0,"axis":"y","origin":[7.9885716,8.365714,10.742857]},"faces":{"south":{"uv":[0.21122913,11.609246,5.3862014,9.647486],"rotation":90,"texture":"#1","tintindex":0},"north":{"uv":[0.7016692,11.805908,5.466323,9.676621],"rotation":90,"texture":"#1","tintindex":0},"down":{"uv":[5.3705616,9.626707,0.184522,11.58604],"rotation":0,"texture":"#1","tintindex":0},"east":{"uv":[10.7119875,5.136409,5.3657055,10.610015],"rotation":0,"texture":"#1","tintindex":0},"west":{"uv":[10.7119875,5.316075,5.3657055,10.789681],"rotation":0,"texture":"#1","tintindex":0},"up":{"uv":[0.27678302,11.614102,5.4347596,9.628063],"rotation":90,"texture":"#1","tintindex":0}}},{"from":[6.902857,5.508571,3.0857139],"to":[9.0742855,11.222857,7.428571],"rotation":{"angle":0.0,"axis":"y","origin":[7.9885716,8.365714,5.2571425]},"faces":{"south":{"uv":[0.37147194,11.662661,5.2793727,9.7009],"rotation":90,"texture":"#1","tintindex":0},"north":{"uv":[0.12139606,11.6990795,5.517309,9.623207],"rotation":90,"texture":"#1","tintindex":0},"down":{"uv":[0.38846737,11.63217,5.576935,9.733536],"rotation":90,"texture":"#1","tintindex":0},"east":{"uv":[10.7119875,5.136409,5.3657055,10.610015],"rotation":0,"texture":"#1","tintindex":0},"west":{"uv":[10.7119875,5.316075,5.3657055,10.789681],"rotation":0,"texture":"#1","tintindex":0},"up":{"uv":[0.0,11.677228,5.2818007,9.6790495],"rotation":90,"texture":"#1","tintindex":0}}},{"from":[6.902857,5.2799997,5.142857],"to":[9.0742855,13.280001,10.857143],"rotation":{"angle":0.0,"axis":"y","origin":[7.9885716,9.28,8.0]},"faces":{"south":{"uv":[0.15625,4.240952,4.840336,6.338363],"rotation":270,"texture":"#1","tintindex":0},"north":{"uv":[0.27435508,4.31379,4.85404,6.4121394],"rotation":270,"texture":"#1","tintindex":0},"down":{"uv":[7.8582416,9.437329,13.329287,12.867982],"rotation":0,"texture":"#1","tintindex":0},"east":{"uv":[10.823672,5.2825303,5.117119,10.7921095],"rotation":0,"texture":"#1","tintindex":0},"west":{"uv":[12.503794,13.675854,3.879818,16.0],"rotation":0,"texture":"#1","tintindex":0},"up":{"uv":[5.025797,9.6437025,0.46373293,11.751764],"rotation":90,"texture":"#1","tintindex":0}}}],"textures":{"1":"modelengine:entity/bloqueslizos"},"display":{"head":{"translation":[0.0,-6.4,0.0],"scale":[4.0,4.0,4.0]}}}