{"elements":[{"from":[5.714286,5.942857,-15.085709],"to":[8.228572,13.942858,-7.0857086],"rotation":{"angle":0.0,"axis":"y","origin":[6.9714284,9.942858,-11.085709]},"faces":{"south":{"uv":[4.1717877,10.730826,1.2343419,12.569295],"rotation":90,"texture":"#6","tintindex":0},"north":{"uv":[4.1717877,10.730826,1.2343419,12.569295],"rotation":90,"texture":"#6","tintindex":0},"down":{"uv":[4.1717877,10.730826,1.2343419,12.569295],"rotation":90,"texture":"#6","tintindex":0},"east":{"uv":[5.292868,5.259259,10.658573,10.716049],"rotation":0,"texture":"#6","tintindex":0},"west":{"uv":[5.292868,5.259259,10.658573,10.716049],"rotation":0,"texture":"#6","tintindex":0},"up":{"uv":[4.1717877,10.730826,1.2343419,12.569295],"rotation":90,"texture":"#6","tintindex":0}}},{"from":[5.8285713,5.028571,-13.942856],"to":[8.0,9.3714285,-8.228569],"rotation":{"angle":0.0,"axis":"y","origin":[6.9142857,7.2,-11.085709]},"faces":{"south":{"uv":[4.1717877,10.730826,1.2343419,12.569295],"rotation":90,"texture":"#6","tintindex":0},"north":{"uv":[4.1717877,10.730826,1.2343419,12.569295],"rotation":90,"texture":"#6","tintindex":0},"down":{"uv":[4.1717877,10.730826,1.2343419,12.569295],"rotation":90,"texture":"#6","tintindex":0},"east":{"uv":[4.1717877,10.730826,1.2343419,12.569295],"rotation":90,"texture":"#6","tintindex":0},"west":{"uv":[9.8403015,12.5823345,6.260138,10.928358],"rotation":0,"texture":"#6","tintindex":0},"up":{"uv":[4.1717877,10.730826,1.2343419,12.569295],"rotation":90,"texture":"#6","tintindex":0}}},{"from":[5.8285713,7.0857143,-10.514282],"to":[8.0,12.8,-6.171425],"rotation":{"angle":0.0,"axis":"y","origin":[6.9142857,9.942858,-8.34285]},"faces":{"south":{"uv":[4.1717877,10.730826,1.2343419,12.569295],"rotation":90,"texture":"#6","tintindex":0},"north":{"uv":[4.1717877,10.730826,1.2343419,12.569295],"rotation":90,"texture":"#6","tintindex":0},"down":{"uv":[4.1717877,10.730826,1.2343419,12.569295],"rotation":90,"texture":"#6","tintindex":0},"east":{"uv":[4.1717877,10.730826,1.2343419,12.569295],"rotation":90,"texture":"#6","tintindex":0},"west":{"uv":[9.756006,11.051814,6.1630216,11.729789],"rotation":90,"texture":"#6","tintindex":0},"up":{"uv":[4.1717877,10.730826,1.2343419,12.569295],"rotation":90,"texture":"#6","tintindex":0}}},{"from":[5.8285713,7.0857143,-16.0],"to":[8.0,12.8,-11.657143],"rotation":{"angle":0.0,"axis":"y","origin":[6.9142857,9.942858,-13.8285675]},"faces":{"south":{"uv":[4.1717877,10.730826,1.2343419,12.569295],"rotation":90,"texture":"#6","tintindex":0},"north":{"uv":[4.1717877,10.730826,1.2343419,12.569295],"rotation":90,"texture":"#6","tintindex":0},"down":{"uv":[4.1717877,10.730826,1.2343419,12.569295],"rotation":90,"texture":"#6","tintindex":0},"east":{"uv":[4.1717877,10.730826,1.2343419,12.569295],"rotation":90,"texture":"#6","tintindex":0},"west":{"uv":[9.731727,11.729789,6.1387424,11.051814],"rotation":90,"texture":"#6","tintindex":0},"up":{"uv":[4.1717877,10.730826,1.2343419,12.569295],"rotation":90,"texture":"#6","tintindex":0}}},{"from":[5.8285713,6.857143,-13.942856],"to":[8.0,14.857143,-8.228569],"rotation":{"angle":0.0,"axis":"y","origin":[6.9142857,10.857143,-11.085709]},"faces":{"south":{"uv":[4.1717877,10.730826,1.2343419,12.569295],"rotation":90,"texture":"#6","tintindex":0},"north":{"uv":[4.1717877,10.730826,1.2343419,12.569295],"rotation":90,"texture":"#6","tintindex":0},"down":{"uv":[4.1717877,10.730826,1.2343419,12.569295],"rotation":90,"texture":"#6","tintindex":0},"east":{"uv":[4.1717877,10.730826,1.2343419,12.569295],"rotation":90,"texture":"#6","tintindex":0},"west":{"uv":[9.670347,10.360456,6.0901837,12.014433],"rotation":0,"texture":"#6","tintindex":0},"up":{"uv":[4.1717877,10.730826,1.2343419,12.569295],"rotation":90,"texture":"#6","tintindex":0}}}],"textures":{"6":"modelengine:entity/bloqueslizos"},"display":{"head":{"translation":[0.0,-6.4,-305.37146],"scale":[4.0,4.0,4.0]}}}