{"elements":[{"from":[-16.0,9.828571,-15.085712],"to":[-13.485714,17.828571,-7.0857124],"rotation":{"angle":0.0,"axis":"y","origin":[-14.742857,13.828571,-11.085712]},"faces":{"south":{"uv":[4.1717877,10.730826,1.2343419,12.569295],"rotation":90,"texture":"#6","tintindex":0},"north":{"uv":[4.1717877,10.730826,1.2343419,12.569295],"rotation":90,"texture":"#6","tintindex":0},"down":{"uv":[4.1717877,10.730826,1.2343419,12.569295],"rotation":90,"texture":"#6","tintindex":0},"east":{"uv":[5.292868,5.259259,10.658573,10.716049],"rotation":0,"texture":"#6","tintindex":0},"west":{"uv":[5.292868,5.259259,10.658573,10.716049],"rotation":0,"texture":"#6","tintindex":0},"up":{"uv":[4.1717877,10.730826,1.2343419,12.569295],"rotation":90,"texture":"#6","tintindex":0}}},{"from":[-15.8857155,8.914286,-13.942856],"to":[-13.714287,13.257143,-8.228569],"rotation":{"angle":0.0,"axis":"y","origin":[-14.799999,11.085714,-11.085712]},"faces":{"south":{"uv":[4.1717877,10.730826,1.2343419,12.569295],"rotation":90,"texture":"#6","tintindex":0},"north":{"uv":[4.1717877,10.730826,1.2343419,12.569295],"rotation":90,"texture":"#6","tintindex":0},"down":{"uv":[4.1717877,10.730826,1.2343419,12.569295],"rotation":90,"texture":"#6","tintindex":0},"east":{"uv":[9.8403015,12.5823345,6.260138,10.928358],"rotation":0,"texture":"#6","tintindex":0},"west":{"uv":[9.8403015,12.5823345,6.260138,10.928358],"rotation":0,"texture":"#6","tintindex":0},"up":{"uv":[4.1717877,10.730826,1.2343419,12.569295],"rotation":90,"texture":"#6","tintindex":0}}},{"from":[-15.8857155,10.971429,-10.514286],"to":[-13.714287,16.685715,-6.171427],"rotation":{"angle":0.0,"axis":"y","origin":[-14.799999,13.828571,-8.342854]},"faces":{"south":{"uv":[4.1717877,10.730826,1.2343419,12.569295],"rotation":90,"texture":"#6","tintindex":0},"north":{"uv":[4.1717877,10.730826,1.2343419,12.569295],"rotation":90,"texture":"#6","tintindex":0},"down":{"uv":[4.1717877,10.730826,1.2343419,12.569295],"rotation":90,"texture":"#6","tintindex":0},"east":{"uv":[9.756006,11.051814,6.1630216,11.729789],"rotation":90,"texture":"#6","tintindex":0},"west":{"uv":[9.756006,11.051814,6.1630216,11.729789],"rotation":90,"texture":"#6","tintindex":0},"up":{"uv":[4.1717877,10.730826,1.2343419,12.569295],"rotation":90,"texture":"#6","tintindex":0}}},{"from":[-15.8857155,10.971429,-16.0],"to":[-13.714287,16.685715,-11.657143],"rotation":{"angle":0.0,"axis":"y","origin":[-14.799999,13.828571,-13.8285675]},"faces":{"south":{"uv":[4.1717877,10.730826,1.2343419,12.569295],"rotation":90,"texture":"#6","tintindex":0},"north":{"uv":[4.1717877,10.730826,1.2343419,12.569295],"rotation":90,"texture":"#6","tintindex":0},"down":{"uv":[4.1717877,10.730826,1.2343419,12.569295],"rotation":90,"texture":"#6","tintindex":0},"east":{"uv":[4.1717877,10.730826,1.2343419,12.569295],"rotation":90,"texture":"#6","tintindex":0},"west":{"uv":[9.731727,11.729789,6.1387424,11.051814],"rotation":90,"texture":"#6","tintindex":0},"up":{"uv":[4.1717877,10.730826,1.2343419,12.569295],"rotation":90,"texture":"#6","tintindex":0}}},{"from":[-15.771429,10.742857,-14.171429],"to":[-13.6,18.742857,-8.457142],"rotation":{"angle":0.0,"axis":"y","origin":[-14.685715,14.742857,-11.314285]},"faces":{"south":{"uv":[4.1717877,10.730826,1.2343419,12.569295],"rotation":90,"texture":"#6","tintindex":0},"north":{"uv":[4.1717877,10.730826,1.2343419,12.569295],"rotation":90,"texture":"#6","tintindex":0},"down":{"uv":[4.1717877,10.730826,1.2343419,12.569295],"rotation":90,"texture":"#6","tintindex":0},"east":{"uv":[9.670347,10.360456,6.0901837,12.014433],"rotation":0,"texture":"#6","tintindex":0},"west":{"uv":[9.670347,10.360456,6.0901837,12.014433],"rotation":0,"texture":"#6","tintindex":0},"up":{"uv":[4.1717877,10.730826,1.2343419,12.569295],"rotation":90,"texture":"#6","tintindex":0}}}],"textures":{"6":"modelengine:entity/bloqueslizos"},"display":{"head":{"translation":[-30.171432,-6.4,-68.57144],"scale":[4.0,4.0,4.0]}}}