{"elements":[{"from":[6.7885714,4.365714,4.0],"to":[9.302857,12.365715,12.0],"rotation":{"angle":0.0,"axis":"y","origin":[8.045714,8.365714,8.0]},"faces":{"south":{"uv":[0.36418816,11.748162,5.2200255,9.556302],"rotation":90,"texture":"#1","tintindex":0},"north":{"uv":[0.24164139,11.684862,5.000362,9.423317],"rotation":270,"texture":"#1","tintindex":0},"down":{"uv":[0.34646773,9.498027,5.1634583,11.899966],"rotation":90,"texture":"#1","tintindex":0},"east":{"uv":[10.677997,5.2909946,5.1780305,10.812082],"rotation":0,"texture":"#1","tintindex":0},"west":{"uv":[10.715834,5.2233686,5.221875,10.840516],"rotation":0,"texture":"#1","tintindex":0},"up":{"uv":[5.1776004,9.583005,0.24164139,11.9368105],"rotation":90,"texture":"#1","tintindex":0}}},{"from":[6.902857,3.4514284,5.142857],"to":[9.0742855,7.794286,10.857143],"rotation":{"angle":0.0,"axis":"y","origin":[7.9885716,5.622857,8.0]},"faces":{"south":{"uv":[1.8120922,11.71378,5.0044956,9.6285095],"rotation":270,"texture":"#1","tintindex":0},"north":{"uv":[0.36841807,11.792413,5.1617603,9.451271],"rotation":90,"texture":"#1","tintindex":0},"down":{"uv":[0.30740705,9.510167,5.102551,11.756933],"rotation":90,"texture":"#1","tintindex":0},"east":{"uv":[9.628794,13.40625,6.317318,9.894604],"rotation":0,"texture":"#1","tintindex":0},"west":{"uv":[9.628794,13.40625,6.317318,9.894604],"rotation":0,"texture":"#1","tintindex":0},"up":{"uv":[5.227314,9.6437025,0.1966616,11.751764],"rotation":90,"texture":"#1","tintindex":0}}},{"from":[6.902857,5.508571,8.571428],"to":[9.0742855,11.222857,12.914286],"rotation":{"angle":0.0,"axis":"y","origin":[7.9885716,8.365714,10.742857]},"faces":{"south":{"uv":[0.21122913,11.609246,5.3862014,9.647486],"rotation":90,"texture":"#1","tintindex":0},"north":{"uv":[0.12139606,11.6990795,5.517309,9.623207],"rotation":90,"texture":"#1","tintindex":0},"down":{"uv":[0.12139606,11.6990795,5.517309,9.623207],"rotation":90,"texture":"#1","tintindex":0},"east":{"uv":[9.703964,9.863354,6.254818,13.3310795],"rotation":90,"texture":"#1","tintindex":0},"west":{"uv":[9.703964,9.863354,6.254818,13.3310795],"rotation":90,"texture":"#1","tintindex":0},"up":{"uv":[5.1763277,9.697117,0.30349013,11.805179],"rotation":90,"texture":"#1","tintindex":0}}},{"from":[6.902857,5.508571,3.0857139],"to":[9.0742855,11.222857,7.428571],"rotation":{"angle":0.0,"axis":"y","origin":[7.9885716,8.365714,5.2571425]},"faces":{"south":{"uv":[0.37147194,11.662661,5.2793727,9.7009],"rotation":90,"texture":"#1","tintindex":0},"north":{"uv":[0.12139606,11.6990795,5.517309,9.623207],"rotation":90,"texture":"#1","tintindex":0},"down":{"uv":[0.38846737,11.63217,5.576935,9.733536],"rotation":90,"texture":"#1","tintindex":0},"east":{"uv":[6.254818,13.3310795,9.703964,9.863354],"rotation":90,"texture":"#1","tintindex":0},"west":{"uv":[6.254818,13.3310795,9.703964,9.863354],"rotation":90,"texture":"#1","tintindex":0},"up":{"uv":[5.1763277,9.697117,0.30349013,11.805179],"rotation":90,"texture":"#1","tintindex":0}}},{"from":[6.902857,5.2799997,5.142857],"to":[9.0742855,13.280001,10.857143],"rotation":{"angle":0.0,"axis":"y","origin":[7.9885716,9.28,8.0]},"faces":{"south":{"uv":[0.15625,4.187538,4.840336,6.284949],"rotation":270,"texture":"#1","tintindex":0},"north":{"uv":[0.27435508,4.4206185,4.85404,6.3587255],"rotation":270,"texture":"#1","tintindex":0},"down":{"uv":[7.8582416,9.437329,13.329287,12.867982],"rotation":0,"texture":"#1","tintindex":0},"east":{"uv":[10.823672,5.2825303,5.117119,10.7921095],"rotation":0,"texture":"#1","tintindex":0},"west":{"uv":[9.628794,9.894604,6.317318,13.40625],"rotation":0,"texture":"#1","tintindex":0},"up":{"uv":[5.1763277,9.697117,0.30349013,11.805179],"rotation":90,"texture":"#1","tintindex":0}}}],"textures":{"1":"modelengine:entity/bloqueslizos"},"display":{"head":{"translation":[0.0,-6.4,0.0],"scale":[4.0,4.0,4.0]}}}