{"elements":[{"from":[5.2571425,7.542857,-2.742857],"to":[7.428571,15.542857,2.9714284],"rotation":{"angle":0.0,"axis":"y","origin":[6.342857,11.542857,0.11428547]},"faces":{"south":{"uv":[4.1717877,10.730826,1.2343419,12.569295],"rotation":90,"texture":"#6","tintindex":0},"north":{"uv":[4.1717877,10.730826,1.2343419,12.569295],"rotation":90,"texture":"#6","tintindex":0},"down":{"uv":[4.1717877,10.730826,1.2343419,12.569295],"rotation":90,"texture":"#6","tintindex":0},"east":{"uv":[9.670347,10.360456,6.0901837,12.014433],"rotation":0,"texture":"#6","tintindex":0},"west":{"uv":[9.670347,10.360456,6.0901837,12.014433],"rotation":0,"texture":"#6","tintindex":0},"up":{"uv":[4.1717877,10.730826,1.2343419,12.569295],"rotation":90,"texture":"#6","tintindex":0}}},{"from":[5.2571425,7.7714286,-4.8],"to":[7.428571,13.485715,-0.45714378],"rotation":{"angle":0.0,"axis":"y","origin":[6.342857,10.6285715,-2.6285725]},"faces":{"south":{"uv":[4.1717877,10.730826,1.2343419,12.569295],"rotation":90,"texture":"#6","tintindex":0},"north":{"uv":[4.1717877,10.730826,1.2343419,12.569295],"rotation":90,"texture":"#6","tintindex":0},"down":{"uv":[4.1717877,10.730826,1.2343419,12.569295],"rotation":90,"texture":"#6","tintindex":0},"east":{"uv":[9.756006,11.051814,6.1630216,11.729789],"rotation":90,"texture":"#6","tintindex":0},"west":{"uv":[9.756006,11.051814,6.1630216,11.729789],"rotation":90,"texture":"#6","tintindex":0},"up":{"uv":[4.1717877,10.730826,1.2343419,12.569295],"rotation":90,"texture":"#6","tintindex":0}}},{"from":[5.2571425,7.7714286,0.68571377],"to":[7.428571,13.485715,5.028571],"rotation":{"angle":0.0,"axis":"y","origin":[6.342857,10.6285715,2.8571424]},"faces":{"south":{"uv":[4.1717877,10.730826,1.2343419,12.569295],"rotation":90,"texture":"#6","tintindex":0},"north":{"uv":[4.1717877,10.730826,1.2343419,12.569295],"rotation":90,"texture":"#6","tintindex":0},"down":{"uv":[4.1717877,10.730826,1.2343419,12.569295],"rotation":90,"texture":"#6","tintindex":0},"east":{"uv":[9.756006,11.729789,6.1630216,11.051814],"rotation":90,"texture":"#6","tintindex":0},"west":{"uv":[9.756006,11.051814,6.1630216,11.729789],"rotation":90,"texture":"#6","tintindex":0},"up":{"uv":[4.1717877,10.730826,1.2343419,12.569295],"rotation":90,"texture":"#6","tintindex":0}}},{"from":[5.2571425,5.714286,-2.742857],"to":[7.428571,10.057143,2.9714284],"rotation":{"angle":0.0,"axis":"y","origin":[6.342857,7.885714,0.11428547]},"faces":{"south":{"uv":[4.1717877,10.730826,1.2343419,12.569295],"rotation":90,"texture":"#6","tintindex":0},"north":{"uv":[4.1717877,10.730826,1.2343419,12.569295],"rotation":90,"texture":"#6","tintindex":0},"down":{"uv":[4.1717877,10.730826,1.2343419,12.569295],"rotation":90,"texture":"#6","tintindex":0},"east":{"uv":[9.8403015,12.5823345,6.260138,10.928358],"rotation":0,"texture":"#6","tintindex":0},"west":{"uv":[9.8403015,12.5823345,6.260138,10.928358],"rotation":0,"texture":"#6","tintindex":0},"up":{"uv":[4.1717877,10.730826,1.2343419,12.569295],"rotation":90,"texture":"#6","tintindex":0}}},{"from":[5.028571,6.6285715,-3.8857145],"to":[7.542857,14.628572,4.1142855],"rotation":{"angle":0.0,"axis":"y","origin":[6.285714,10.6285715,0.11428547]},"faces":{"south":{"uv":[4.1717877,10.730826,1.2343419,12.569295],"rotation":90,"texture":"#6","tintindex":0},"north":{"uv":[4.1717877,10.730826,1.2343419,12.569295],"rotation":90,"texture":"#6","tintindex":0},"down":{"uv":[4.1717877,10.730826,1.2343419,12.569295],"rotation":90,"texture":"#6","tintindex":0},"east":{"uv":[5.292868,5.259259,10.658573,10.716049],"rotation":0,"texture":"#6","tintindex":0},"west":{"uv":[5.292868,5.259259,10.658573,10.716049],"rotation":0,"texture":"#6","tintindex":0},"up":{"uv":[4.1717877,10.730826,1.2343419,12.569295],"rotation":90,"texture":"#6","tintindex":0}}}],"textures":{"6":"modelengine:entity/bloqueslizos"},"display":{"head":{"translation":[0.0,-6.4,0.0],"scale":[4.0,4.0,4.0]}}}