{"elements":[{"from":[6.6971426,4.365714,4.0],"to":[9.211429,12.365715,12.0],"rotation":{"angle":0.0,"axis":"y","origin":[7.9542856,8.365714,8.0]},"faces":{"south":{"uv":[4.1717877,10.730826,1.2343419,12.569295],"rotation":90,"texture":"#5","tintindex":0},"north":{"uv":[4.1717877,10.730826,1.2343419,12.569295],"rotation":90,"texture":"#5","tintindex":0},"down":{"uv":[4.1717877,10.730826,1.2343419,12.569295],"rotation":90,"texture":"#5","tintindex":0},"east":{"uv":[5.292868,5.259259,10.658573,10.716049],"rotation":0,"texture":"#5","tintindex":0},"west":{"uv":[5.292868,5.259259,10.658573,10.716049],"rotation":0,"texture":"#5","tintindex":0},"up":{"uv":[4.1717877,10.730826,1.2343419,12.569295],"rotation":90,"texture":"#5","tintindex":0}}},{"from":[6.9257145,3.4514284,5.142857],"to":[9.097143,7.794286,10.857143],"rotation":{"angle":0.0,"axis":"y","origin":[8.011429,5.622857,8.0]},"faces":{"south":{"uv":[4.1717877,10.730826,1.2343419,12.569295],"rotation":90,"texture":"#5","tintindex":0},"north":{"uv":[4.1717877,10.730826,1.2343419,12.569295],"rotation":90,"texture":"#5","tintindex":0},"down":{"uv":[4.1717877,10.730826,1.2343419,12.569295],"rotation":90,"texture":"#5","tintindex":0},"east":{"uv":[9.8403015,12.5823345,6.260138,10.928358],"rotation":0,"texture":"#5","tintindex":0},"west":{"uv":[9.8403015,12.5823345,6.260138,10.928358],"rotation":0,"texture":"#5","tintindex":0},"up":{"uv":[4.1717877,10.730826,1.2343419,12.569295],"rotation":90,"texture":"#5","tintindex":0}}},{"from":[6.9257145,5.508571,8.571428],"to":[9.097143,11.222857,12.914286],"rotation":{"angle":0.0,"axis":"y","origin":[8.011429,8.365714,10.742857]},"faces":{"south":{"uv":[4.1717877,10.730826,1.2343419,12.569295],"rotation":90,"texture":"#5","tintindex":0},"north":{"uv":[4.1717877,10.730826,1.2343419,12.569295],"rotation":90,"texture":"#5","tintindex":0},"down":{"uv":[4.1717877,10.730826,1.2343419,12.569295],"rotation":90,"texture":"#5","tintindex":0},"east":{"uv":[9.756006,11.729789,6.1630216,11.051814],"rotation":90,"texture":"#5","tintindex":0},"west":{"uv":[9.756006,11.051814,6.1630216,11.729789],"rotation":90,"texture":"#5","tintindex":0},"up":{"uv":[4.1717877,10.730826,1.2343419,12.569295],"rotation":90,"texture":"#5","tintindex":0}}},{"from":[6.9257145,5.508571,3.0857139],"to":[9.097143,11.222857,7.428571],"rotation":{"angle":0.0,"axis":"y","origin":[8.011429,8.365714,5.2571425]},"faces":{"south":{"uv":[4.1717877,10.730826,1.2343419,12.569295],"rotation":90,"texture":"#5","tintindex":0},"north":{"uv":[4.1717877,10.730826,1.2343419,12.569295],"rotation":90,"texture":"#5","tintindex":0},"down":{"uv":[4.1717877,10.730826,1.2343419,12.569295],"rotation":90,"texture":"#5","tintindex":0},"east":{"uv":[9.731727,11.729789,6.1387424,11.051814],"rotation":90,"texture":"#5","tintindex":0},"west":{"uv":[9.731727,11.729789,6.1387424,11.051814],"rotation":90,"texture":"#5","tintindex":0},"up":{"uv":[4.1717877,10.730826,1.2343419,12.569295],"rotation":90,"texture":"#5","tintindex":0}}},{"from":[6.9257145,5.2799997,5.142857],"to":[9.097143,13.280001,10.857143],"rotation":{"angle":0.0,"axis":"y","origin":[8.011429,9.28,8.0]},"faces":{"south":{"uv":[4.1717877,10.730826,1.2343419,12.569295],"rotation":90,"texture":"#5","tintindex":0},"north":{"uv":[4.1717877,10.730826,1.2343419,12.569295],"rotation":90,"texture":"#5","tintindex":0},"down":{"uv":[4.1717877,10.730826,1.2343419,12.569295],"rotation":90,"texture":"#5","tintindex":0},"east":{"uv":[9.670347,10.360456,6.0901837,12.014433],"rotation":0,"texture":"#5","tintindex":0},"west":{"uv":[9.670347,10.360456,6.0901837,12.014433],"rotation":0,"texture":"#5","tintindex":0},"up":{"uv":[4.1717877,10.730826,1.2343419,12.569295],"rotation":90,"texture":"#5","tintindex":0}}}],"textures":{"5":"modelengine:entity/bloqueslizos"},"display":{"head":{"translation":[0.0,-6.4,0.0],"scale":[4.0,4.0,4.0]}}}