{"elements":[{"from":[-13.714285,-3.0171442,12.251427],"to":[-8.822855,2.1942854,14.8571415],"rotation":{"angle":0.0,"axis":"y","origin":[-11.268568,-0.4114294,13.554284]},"faces":{"south":{"uv":[0.0,0.0,11.2,16.0],"rotation":90,"texture":"#5","tintindex":0},"north":{"uv":[0.0,0.0,11.136,16.0],"rotation":270,"texture":"#5","tintindex":0},"down":{"uv":[0.0,0.0,11.264,16.0],"rotation":90,"texture":"#5","tintindex":0},"east":{"uv":[0.0,0.0,11.072,16.0],"rotation":0,"texture":"#5","tintindex":0},"west":{"uv":[0.0,0.0,11.072,16.0],"rotation":0,"texture":"#5","tintindex":0},"up":{"uv":[0.0,0.0,11.072,16.0],"rotation":90,"texture":"#5","tintindex":0}}},{"from":[-13.714285,-3.0171442,7.4514265],"to":[-8.822855,2.1942854,12.342855],"rotation":{"angle":0.0,"axis":"y","origin":[-11.268568,-0.4114294,9.8971405]},"faces":{"south":{"uv":[0.0,0.0,16.0,16.0],"rotation":90,"texture":"#5","tintindex":0},"north":{"uv":[0.0,0.0,16.0,16.0],"rotation":270,"texture":"#5","tintindex":0},"down":{"uv":[0.0,0.0,16.0,16.0],"rotation":90,"texture":"#5","tintindex":0},"east":{"uv":[0.0,0.0,16.0,16.0],"rotation":0,"texture":"#5","tintindex":0},"west":{"uv":[0.0,0.0,16.0,16.0],"rotation":0,"texture":"#5","tintindex":0},"up":{"uv":[0.0,0.0,16.0,16.0],"rotation":90,"texture":"#5","tintindex":0}}},{"from":[-13.714285,-3.0171442,19.794285],"to":[-8.822855,2.1942854,24.685715],"rotation":{"angle":0.0,"axis":"y","origin":[-11.268568,-0.4114294,22.239998]},"faces":{"south":{"uv":[0.0,0.0,16.0,16.0],"rotation":90,"texture":"#5","tintindex":0},"north":{"uv":[0.0,0.0,16.0,16.0],"rotation":270,"texture":"#5","tintindex":0},"down":{"uv":[0.0,0.0,16.0,16.0],"rotation":90,"texture":"#5","tintindex":0},"east":{"uv":[0.0,0.0,16.0,16.0],"rotation":0,"texture":"#5","tintindex":0},"west":{"uv":[0.0,0.0,16.0,16.0],"rotation":0,"texture":"#5","tintindex":0},"up":{"uv":[0.0,0.0,16.0,16.0],"rotation":90,"texture":"#5","tintindex":0}}},{"from":[-13.714285,-3.0171442,24.594284],"to":[-8.822855,2.1942854,27.199999],"rotation":{"angle":0.0,"axis":"y","origin":[-11.268568,-0.4114294,25.897142]},"faces":{"south":{"uv":[0.0,0.0,11.2,16.0],"rotation":90,"texture":"#5","tintindex":0},"north":{"uv":[0.0,0.0,11.136,16.0],"rotation":270,"texture":"#5","tintindex":0},"down":{"uv":[0.0,0.0,11.264,16.0],"rotation":90,"texture":"#5","tintindex":0},"east":{"uv":[0.0,0.0,11.072,16.0],"rotation":0,"texture":"#5","tintindex":0},"west":{"uv":[0.0,0.0,11.072,16.0],"rotation":0,"texture":"#5","tintindex":0},"up":{"uv":[0.0,0.0,11.072,16.0],"rotation":90,"texture":"#5","tintindex":0}}},{"from":[-16.0,-3.0171442,14.822855],"to":[-13.737141,2.1942854,19.89714],"rotation":{"angle":0.0,"axis":"y","origin":[-14.868568,-0.4114294,17.359999]},"faces":{"south":{"uv":[0.0,8.1024,16.0,16.0],"rotation":90,"texture":"#5","tintindex":0},"north":{"uv":[0.0,8.1024,16.0,16.0],"rotation":270,"texture":"#5","tintindex":0},"down":{"uv":[0.0,8.1024,16.0,16.0],"rotation":90,"texture":"#5","tintindex":0},"east":{"uv":[0.0,0.0,16.0,16.0],"rotation":0,"texture":"#5","tintindex":0},"west":{"uv":[0.0,0.0,16.0,16.0],"rotation":0,"texture":"#5","tintindex":0},"up":{"uv":[0.0,8.1024,16.0,16.0],"rotation":90,"texture":"#5","tintindex":0}}},{"from":[-16.0,-3.0171442,2.6514263],"to":[-13.737141,2.1942854,7.5428553],"rotation":{"angle":0.0,"axis":"y","origin":[-14.868568,-0.4114294,5.097141]},"faces":{"south":{"uv":[0.0,8.1024,16.0,16.0],"rotation":90,"texture":"#5","tintindex":0},"north":{"uv":[0.0,8.1024,16.0,16.0],"rotation":270,"texture":"#5","tintindex":0},"down":{"uv":[0.0,8.1024,16.0,16.0],"rotation":90,"texture":"#5","tintindex":0},"east":{"uv":[0.0,0.0,16.0,16.0],"rotation":0,"texture":"#5","tintindex":0},"west":{"uv":[0.0,0.0,16.0,16.0],"rotation":0,"texture":"#5","tintindex":0},"up":{"uv":[0.0,8.1024,16.0,16.0],"rotation":90,"texture":"#5","tintindex":0}}},{"from":[-16.0,-3.0171442,27.10857],"to":[-13.737141,2.1942854,32.0],"rotation":{"angle":0.0,"axis":"y","origin":[-14.868568,-0.4114294,29.554283]},"faces":{"south":{"uv":[0.0,8.1024,16.0,16.0],"rotation":90,"texture":"#5","tintindex":0},"north":{"uv":[0.0,8.1024,16.0,16.0],"rotation":270,"texture":"#5","tintindex":0},"down":{"uv":[0.0,8.1024,16.0,16.0],"rotation":90,"texture":"#5","tintindex":0},"east":{"uv":[0.0,0.0,16.0,16.0],"rotation":0,"texture":"#5","tintindex":0},"west":{"uv":[0.0,0.0,16.0,16.0],"rotation":0,"texture":"#5","tintindex":0},"up":{"uv":[0.0,8.1024,16.0,16.0],"rotation":90,"texture":"#5","tintindex":0}}}],"textures":{"5":"modelengine:entity/oak_wood"},"display":{"head":{"translation":[-13.897156,-6.4,15.725723],"scale":[4.0,4.0,4.0]}}}