{"elements":[{"from":[7.017143,5.508571,5.508571],"to":[7.794286,10.491428,10.491428],"rotation":{"angle":0.0,"axis":"y","origin":[7.222857,5.3714285,8.114285]},"faces":{"south":{"uv":[5.8051596,5.4962273,10.190604,6.123217],"rotation":0,"texture":"#1","tintindex":0},"north":{"uv":[5.8051596,5.4962273,10.190604,6.123217],"rotation":0,"texture":"#1","tintindex":0},"down":{"uv":[5.8458147,5.423976,10.231259,6.091031],"rotation":0,"texture":"#1","tintindex":0},"east":{"uv":[5.8051596,5.4962273,10.190604,6.123217],"rotation":0,"texture":"#1","tintindex":0},"west":{"uv":[5.3171473,5.3436036,10.595448,10.694992],"rotation":0,"texture":"#1","tintindex":0},"up":{"uv":[5.8051596,5.4962273,10.190604,6.123217],"rotation":0,"texture":"#1","tintindex":0}}},{"from":[7.4514284,5.142857,5.142857],"to":[9.737143,10.857143,10.857143],"rotation":{"angle":0.0,"axis":"y","origin":[8.594286,8.0,8.0]},"faces":{"south":{"uv":[0.25,0.0625,0.28125,0.140625],"rotation":0,"texture":"#1","tintindex":0},"north":{"uv":[0.15625,0.0625,0.1875,0.140625],"rotation":0,"texture":"#1","tintindex":0},"down":{"uv":[0.21875,0.0,0.25,0.078125],"rotation":0,"texture":"#1","tintindex":0},"east":{"uv":[0.328125,0.0625,0.40625,0.140625],"rotation":0,"texture":"#1","tintindex":0},"west":{"uv":[0.234375,0.0625,0.3125,0.140625],"rotation":0,"texture":"#1","tintindex":0},"up":{"uv":[0.1875,0.0625,0.21875,0.140625],"rotation":0,"texture":"#1","tintindex":0}}}],"textures":{"1":"modelengine:entity/bloqueslizos"},"display":{"head":{"translation":[0.0,-6.4,0.0],"scale":[4.0,4.0,4.0]}}}