{"elements":[{"from":[7.4628572,5.142857,5.142857],"to":[9.748571,10.857143,10.857143],"rotation":{"angle":0.0,"axis":"y","origin":[8.605714,8.0,8.0]},"faces":{"south":{"uv":[0.1875,0.0625,0.21875,0.140625],"rotation":0,"texture":"#1","tintindex":0},"north":{"uv":[0.09375,0.0625,0.125,0.140625],"rotation":0,"texture":"#1","tintindex":0},"down":{"uv":[0.15625,0.0,0.1875,0.078125],"rotation":0,"texture":"#1","tintindex":0},"east":{"uv":[0.171875,0.0625,0.25,0.140625],"rotation":0,"texture":"#1","tintindex":0},"west":{"uv":[0.078125,0.0625,0.15625,0.140625],"rotation":0,"texture":"#1","tintindex":0},"up":{"uv":[0.125,0.0625,0.15625,0.140625],"rotation":0,"texture":"#1","tintindex":0}}},{"from":[7.12,5.508571,5.508571],"to":[7.6685715,10.491428,10.491428],"rotation":{"angle":0.0,"axis":"y","origin":[41.291428,2.1714282,44.228573]},"faces":{"south":{"uv":[10.33628,5.4913716,5.9508348,6.118361],"rotation":0,"texture":"#1","tintindex":0},"north":{"uv":[10.190604,5.4962273,5.8051596,6.123217],"rotation":0,"texture":"#1","tintindex":0},"down":{"uv":[10.279818,5.4513054,5.894373,6.118361],"rotation":0,"texture":"#1","tintindex":0},"east":{"uv":[10.274962,5.494135,5.9484067,6.118361],"rotation":0,"texture":"#1","tintindex":0},"west":{"uv":[10.676188,5.253435,5.193323,10.796965],"rotation":0,"texture":"#1","tintindex":0},"up":{"uv":[10.263442,5.4913716,5.877997,6.118361],"rotation":0,"texture":"#1","tintindex":0}}}],"textures":{"1":"modelengine:entity/bloqueslizos"},"display":{"head":{"translation":[0.0,-6.4,0.0],"scale":[4.0,4.0,4.0]}}}