{"elements":[{"from":[8.148571,5.508571,5.508571],"to":[8.9257145,10.491428,10.491428],"rotation":{"angle":0.0,"axis":"y","origin":[8.834286,5.3714285,8.114285]},"faces":{"south":{"uv":[5.3600025,4.6627784,10.533913,5.3859167],"rotation":90,"texture":"#5","tintindex":0},"north":{"uv":[5.3600025,5.3859167,10.533913,4.6627784],"rotation":90,"texture":"#5","tintindex":0},"down":{"uv":[5.4170127,4.5572157,10.648483,5.2803535],"rotation":90,"texture":"#5","tintindex":0},"east":{"uv":[5.345037,5.357909,10.562776,10.598513],"rotation":0,"texture":"#5","tintindex":0},"west":{"uv":[5.345037,5.357909,10.562776,10.598513],"rotation":0,"texture":"#5","tintindex":0},"up":{"uv":[5.3600025,4.6627784,10.533913,5.3859167],"rotation":90,"texture":"#5","tintindex":0}}},{"from":[6.3199997,5.142857,5.142857],"to":[8.605714,10.857143,10.857143],"rotation":{"angle":0.0,"axis":"y","origin":[7.4628572,8.0,8.0]},"faces":{"south":{"uv":[7.4537177,7.580247,8.352049,8.3950615],"rotation":0,"texture":"#5","tintindex":0},"north":{"uv":[7.4537177,7.580247,8.352049,8.3950615],"rotation":0,"texture":"#5","tintindex":0},"down":{"uv":[7.4537177,7.580247,8.352049,8.3950615],"rotation":0,"texture":"#5","tintindex":0},"east":{"uv":[7.4537177,7.580247,8.352049,8.3950615],"rotation":0,"texture":"#5","tintindex":0},"west":{"uv":[7.4537177,7.580247,8.352049,8.3950615],"rotation":0,"texture":"#5","tintindex":0},"up":{"uv":[7.4537177,7.580247,8.352049,8.3950615],"rotation":0,"texture":"#5","tintindex":0}}}],"textures":{"5":"modelengine:entity/bloqueslizos"},"display":{"head":{"translation":[0.0,-6.4,0.0],"scale":[4.0,4.0,4.0]}}}