{"elements":[{"from":[31.222855,11.337143,-15.634281],"to":[32.0,16.32,-10.651428],"rotation":{"angle":0.0,"axis":"y","origin":[-2.3314323,8.0,23.085716]},"faces":{"south":{"uv":[5.3600025,4.6627784,10.533913,5.3859167],"rotation":90,"texture":"#6","tintindex":0},"north":{"uv":[5.3600025,5.3859167,10.533913,4.6627784],"rotation":90,"texture":"#6","tintindex":0},"down":{"uv":[5.4170127,4.5572157,10.648483,5.2803535],"rotation":90,"texture":"#6","tintindex":0},"east":{"uv":[5.345037,5.357909,10.562776,10.598513],"rotation":0,"texture":"#6","tintindex":0},"west":{"uv":[5.345037,5.357909,10.562776,10.598513],"rotation":0,"texture":"#6","tintindex":0},"up":{"uv":[5.3600025,4.6627784,10.533913,5.3859167],"rotation":90,"texture":"#6","tintindex":0}}},{"from":[29.439997,10.971429,-16.0],"to":[31.725712,16.685715,-10.285713],"rotation":{"angle":0.0,"axis":"y","origin":[30.582855,13.828571,-13.142857]},"faces":{"south":{"uv":[7.4537177,7.580247,8.352049,8.3950615],"rotation":0,"texture":"#6","tintindex":0},"north":{"uv":[7.4537177,7.580247,8.352049,8.3950615],"rotation":0,"texture":"#6","tintindex":0},"down":{"uv":[7.4537177,7.580247,8.352049,8.3950615],"rotation":0,"texture":"#6","tintindex":0},"east":{"uv":[7.4537177,7.580247,8.352049,8.3950615],"rotation":0,"texture":"#6","tintindex":0},"west":{"uv":[7.4537177,7.580247,8.352049,8.3950615],"rotation":0,"texture":"#6","tintindex":0},"up":{"uv":[7.4537177,7.580247,8.352049,8.3950615],"rotation":0,"texture":"#6","tintindex":0}}}],"textures":{"6":"modelengine:entity/bloqueslizos"},"display":{"head":{"translation":[41.32573,-6.4,-60.342865],"scale":[4.0,4.0,4.0]}}}