{"elements":[{"from":[1.2479997,6.208,-5.024002],"to":[4.672,9.792,32.0],"rotation":{"angle":0.0,"axis":"x","origin":[2.9599996,8.0,13.487998]},"faces":{"south":{"uv":[6.8170886,9.4733715,8.326232,11.010691],"rotation":270,"texture":"#3","tintindex":0},"north":{"uv":[6.817894,9.473997,8.325736,11.011022],"rotation":270,"texture":"#3","tintindex":0},"down":{"uv":[3.6003122,6.8982353,11.368831,8.39253],"rotation":270,"texture":"#3","tintindex":0},"east":{"uv":[3.6031013,6.9111238,11.379175,8.394114],"rotation":0,"texture":"#3","tintindex":0},"west":{"uv":[3.6005063,6.893905,11.366841,8.389015],"rotation":180,"texture":"#3","tintindex":0},"up":{"uv":[3.626437,6.8968873,11.370954,8.391114],"rotation":270,"texture":"#3","tintindex":0}}},{"from":[11.488,6.208,-5.024002],"to":[14.912001,9.792,31.839996],"rotation":{"angle":0.0,"axis":"x","origin":[13.200001,8.0,13.407998]},"faces":{"south":{"uv":[6.8170886,9.4733715,8.326232,11.010691],"rotation":270,"texture":"#3","tintindex":0},"north":{"uv":[6.817894,9.473997,8.325736,11.011022],"rotation":270,"texture":"#3","tintindex":0},"down":{"uv":[3.6003122,6.8982353,11.368831,8.39253],"rotation":270,"texture":"#3","tintindex":0},"east":{"uv":[3.6031013,6.9111238,11.379175,8.394114],"rotation":0,"texture":"#3","tintindex":0},"west":{"uv":[3.6005063,6.893905,11.366841,8.389015],"rotation":180,"texture":"#3","tintindex":0},"up":{"uv":[3.626437,6.8968873,11.370954,8.391114],"rotation":270,"texture":"#3","tintindex":0}}}],"textures":{"3":"modelengine:entity/madera"},"display":{"head":{"translation":[0.0,-6.4,40.28801],"scale":[4.0,4.0,4.0]}}}