{"elements":[{"from":[1.2479997,16.956024,-5.7000227],"to":[4.672,20.540024,31.323978],"rotation":{"angle":0.0,"axis":"x","origin":[2.9599996,18.748024,12.811977]},"faces":{"south":{"uv":[5.5047965,9.482894,6.7506466,11.02255],"rotation":270,"texture":"#3","tintindex":0},"north":{"uv":[5.5064955,9.484212,6.7496,11.023249],"rotation":270,"texture":"#3","tintindex":0},"down":{"uv":[2.9813845,6.894715,9.168628,8.359242],"rotation":270,"texture":"#3","tintindex":0},"east":{"uv":[2.987268,6.890651,9.190449,8.393833],"rotation":0,"texture":"#3","tintindex":0},"west":{"uv":[2.9817939,6.8855805,9.144072,8.35183],"rotation":180,"texture":"#3","tintindex":0},"up":{"uv":[2.9260874,6.891872,9.173105,8.4187565],"rotation":270,"texture":"#3","tintindex":0}}},{"from":[11.488,16.956024,-5.7000227],"to":[14.912001,20.540024,31.163977],"rotation":{"angle":0.0,"axis":"x","origin":[13.200001,18.748024,12.731977]},"faces":{"south":{"uv":[5.5047965,9.482894,6.7506466,11.02255],"rotation":270,"texture":"#3","tintindex":0},"north":{"uv":[5.5064955,9.484212,6.7496,11.023249],"rotation":270,"texture":"#3","tintindex":0},"down":{"uv":[2.9813845,6.894715,9.168628,8.359242],"rotation":270,"texture":"#3","tintindex":0},"east":{"uv":[2.987268,6.890651,9.190449,8.393833],"rotation":0,"texture":"#3","tintindex":0},"west":{"uv":[2.9817939,6.8855805,9.144072,8.35183],"rotation":180,"texture":"#3","tintindex":0},"up":{"uv":[2.9260874,6.891872,9.173105,8.4187565],"rotation":270,"texture":"#3","tintindex":0}}}],"textures":{"3":"modelengine:entity/madera"},"display":{"head":{"translation":[0.0,-6.4,0.0],"scale":[4.0,4.0,4.0]}}}