{"elements":[{"from":[1.2479997,6.208,-5.024002],"to":[4.672,9.792,32.0],"rotation":{"angle":0.0,"axis":"x","origin":[2.9599996,8.0,13.487998]},"faces":{"south":{"uv":[5.5108204,9.4733715,6.730787,11.010691],"rotation":270,"texture":"#4","tintindex":0},"north":{"uv":[5.5114717,9.473997,6.730386,11.011022],"rotation":270,"texture":"#4","tintindex":0},"down":{"uv":[2.910432,6.8982353,9.190372,8.39253],"rotation":270,"texture":"#4","tintindex":0},"east":{"uv":[2.9126868,6.9111238,9.198735,8.394114],"rotation":0,"texture":"#4","tintindex":0},"west":{"uv":[2.910589,6.893905,9.188765,8.389015],"rotation":180,"texture":"#4","tintindex":0},"up":{"uv":[2.931551,6.8968873,9.192088,8.391114],"rotation":270,"texture":"#4","tintindex":0}}},{"from":[11.488,6.208,-5.024002],"to":[14.912001,9.792,31.839996],"rotation":{"angle":0.0,"axis":"x","origin":[13.200001,8.0,13.407998]},"faces":{"south":{"uv":[5.5108204,9.4733715,6.730787,11.010691],"rotation":270,"texture":"#4","tintindex":0},"north":{"uv":[5.5114717,9.473997,6.730386,11.011022],"rotation":270,"texture":"#4","tintindex":0},"down":{"uv":[2.910432,6.8982353,9.190372,8.39253],"rotation":270,"texture":"#4","tintindex":0},"east":{"uv":[2.9126868,6.9111238,9.198735,8.394114],"rotation":0,"texture":"#4","tintindex":0},"west":{"uv":[2.910589,6.893905,9.188765,8.389015],"rotation":180,"texture":"#4","tintindex":0},"up":{"uv":[2.931551,6.8968873,9.192088,8.391114],"rotation":270,"texture":"#4","tintindex":0}}}],"textures":{"4":"modelengine:entity/madera"},"display":{"head":{"translation":[0.0,-6.4,40.28801],"scale":[4.0,4.0,4.0]}}}