{"elements":[{"from":[-12.640018,6.287984,-2.3520155],"to":[7.264017,9.712016,1.0720162],"rotation":{"angle":0.0,"axis":"y","origin":[-2.6879997,8.0,-0.64000034]},"faces":{"south":{"uv":[2.975292,6.921901,9.190449,8.344619],"rotation":0,"texture":"#3","tintindex":0},"north":{"uv":[2.999244,6.890651,9.190449,8.375869],"rotation":0,"texture":"#3","tintindex":0},"down":{"uv":[2.975292,6.921901,9.190449,8.344619],"rotation":0,"texture":"#3","tintindex":0},"east":{"uv":[5.501901,9.466811,6.745052,11.029874],"rotation":0,"texture":"#3","tintindex":0},"west":{"uv":[5.5167866,9.472407,6.720232,10.99876],"rotation":180,"texture":"#3","tintindex":0},"up":{"uv":[2.975292,6.921901,9.190449,8.344619],"rotation":0,"texture":"#3","tintindex":0}}},{"from":[-13.119999,6.288,14.9279995],"to":[7.4240017,9.712,18.352001],"rotation":{"angle":0.0,"axis":"y","origin":[-2.8479996,8.0,16.64]},"faces":{"south":{"uv":[2.975292,6.921901,9.166496,8.362583],"rotation":0,"texture":"#3","tintindex":0},"north":{"uv":[2.975292,6.890651,9.190449,8.331333],"rotation":0,"texture":"#3","tintindex":0},"down":{"uv":[2.975292,6.921901,9.190449,8.362583],"rotation":0,"texture":"#3","tintindex":0},"east":{"uv":[5.553398,9.521901,6.7402616,10.98676],"rotation":0,"texture":"#3","tintindex":0},"west":{"uv":[5.5191817,9.527497,6.713046,10.990377],"rotation":180,"texture":"#3","tintindex":0},"up":{"uv":[2.975292,6.921901,9.190449,8.362583],"rotation":0,"texture":"#3","tintindex":0}}},{"from":[7.200001,6.288,-2.1920004],"to":[17.824001,9.7136,1.2319999],"rotation":{"angle":0.0,"axis":"y","origin":[12.512001,8.0008,-0.4800005]},"faces":{"south":{"uv":[2.8911228,6.8943563,5.438465,8.369993],"rotation":0,"texture":"#3","tintindex":0},"north":{"uv":[2.8911228,6.8943563,5.438465,8.367373],"rotation":0,"texture":"#3","tintindex":0},"down":{"uv":[2.8911228,6.8943563,5.438465,8.369993],"rotation":0,"texture":"#3","tintindex":0},"east":{"uv":[5.553398,9.521901,6.7402616,10.98676],"rotation":0,"texture":"#3","tintindex":0},"west":{"uv":[5.5191817,9.527497,6.713046,10.990377],"rotation":180,"texture":"#3","tintindex":0},"up":{"uv":[2.8911228,6.8943563,5.4648123,8.369993],"rotation":0,"texture":"#3","tintindex":0}}},{"from":[5.6000004,6.288,6.288],"to":[17.824001,9.712,9.712],"rotation":{"angle":0.0,"axis":"y","origin":[11.712001,8.0,8.0]},"faces":{"south":{"uv":[2.975292,6.921901,7.6084127,8.362583],"rotation":0,"texture":"#3","tintindex":0},"north":{"uv":[2.975292,6.890651,7.6709127,8.331333],"rotation":0,"texture":"#3","tintindex":0},"down":{"uv":[2.975292,6.921901,7.6084127,8.362583],"rotation":0,"texture":"#3","tintindex":0},"east":{"uv":[5.553398,9.521901,6.7402616,10.98676],"rotation":0,"texture":"#3","tintindex":0},"west":{"uv":[5.553398,9.521901,6.7402616,10.98676],"rotation":0,"texture":"#3","tintindex":0},"up":{"uv":[2.975292,6.921901,7.6084127,8.362583],"rotation":0,"texture":"#3","tintindex":0}}},{"from":[7.200001,6.288,14.9279995],"to":[17.825602,9.712,18.352001],"rotation":{"angle":0.0,"axis":"y","origin":[12.512802,8.0,16.64]},"faces":{"south":{"uv":[2.8911228,6.8943563,5.438465,8.44185],"rotation":0,"texture":"#3","tintindex":0},"north":{"uv":[2.8911228,6.8943563,5.438465,8.369993],"rotation":0,"texture":"#3","tintindex":0},"down":{"uv":[2.8911228,6.8943563,5.438465,8.369993],"rotation":0,"texture":"#3","tintindex":0},"east":{"uv":[5.553398,9.521901,6.7402616,10.98676],"rotation":0,"texture":"#3","tintindex":0},"west":{"uv":[5.5191817,9.527497,6.713046,10.990377],"rotation":180,"texture":"#3","tintindex":0},"up":{"uv":[2.8911228,6.8943563,5.4648123,8.369993],"rotation":0,"texture":"#3","tintindex":0}}},{"from":[21.760002,6.288,6.288],"to":[27.384,9.712,9.712],"rotation":{"angle":0.0,"axis":"y","origin":[25.872002,8.0,8.0]},"faces":{"south":{"uv":[2.9223728,6.8943563,6.0577393,8.369993],"rotation":0,"texture":"#3","tintindex":0},"north":{"uv":[2.9223728,6.8943563,6.0577393,8.369993],"rotation":0,"texture":"#3","tintindex":0},"down":{"uv":[2.9223728,6.8943563,6.0577393,8.369993],"rotation":0,"texture":"#3","tintindex":0},"east":{"uv":[5.553398,9.521901,6.7402616,10.98676],"rotation":0,"texture":"#3","tintindex":0},"west":{"uv":[5.5191817,9.527497,6.713046,10.990377],"rotation":180,"texture":"#3","tintindex":0},"up":{"uv":[2.9223728,6.8943563,6.0577393,8.369993],"rotation":0,"texture":"#3","tintindex":0}}},{"from":[-6.239998,6.288,6.288],"to":[5.8240013,9.712,9.712],"rotation":{"angle":0.0,"axis":"y","origin":[-0.20799828,8.0,8.0]},"faces":{"south":{"uv":[2.975292,6.921901,7.6084127,8.362583],"rotation":0,"texture":"#3","tintindex":0},"north":{"uv":[2.975292,6.890651,7.6709127,8.331333],"rotation":0,"texture":"#3","tintindex":0},"down":{"uv":[2.975292,6.921901,7.6084127,8.362583],"rotation":0,"texture":"#3","tintindex":0},"east":{"uv":[5.553398,9.521901,6.7402616,10.98676],"rotation":0,"texture":"#3","tintindex":0},"west":{"uv":[5.553398,9.521901,6.7402616,10.98676],"rotation":0,"texture":"#3","tintindex":0},"up":{"uv":[2.975292,6.921901,7.6084127,8.362583],"rotation":0,"texture":"#3","tintindex":0}}},{"from":[-16.0,6.288,6.288],"to":[-5.696001,9.712,9.712],"rotation":{"angle":0.0,"axis":"y","origin":[-10.848,8.0,8.0]},"faces":{"south":{"uv":[2.975292,6.921901,7.6084127,8.362583],"rotation":0,"texture":"#3","tintindex":0},"north":{"uv":[2.975292,6.890651,7.6709127,8.331333],"rotation":0,"texture":"#3","tintindex":0},"down":{"uv":[2.975292,6.921901,7.6084127,8.362583],"rotation":0,"texture":"#3","tintindex":0},"east":{"uv":[5.553398,9.521901,6.7402616,10.98676],"rotation":0,"texture":"#3","tintindex":0},"west":{"uv":[5.553398,9.521901,6.7402616,10.98676],"rotation":0,"texture":"#3","tintindex":0},"up":{"uv":[2.975292,6.921901,7.6084127,8.362583],"rotation":0,"texture":"#3","tintindex":0}}}],"textures":{"3":"modelengine:entity/madera"},"display":{"head":{"translation":[-71.48801,-6.4,0.0],"scale":[4.0,4.0,4.0]}}}