{"elements":[{"from":[5.592381,5.592381,13.600002],"to":[10.255239,10.026667,29.005718],"rotation":{"angle":0.0,"axis":"y","origin":[7.9238095,7.8095236,43.017147]},"faces":{"south":{"uv":[5.5047965,9.482894,6.7506466,11.02255],"rotation":270,"texture":"#3","tintindex":0},"north":{"uv":[5.5064955,9.484212,6.7496,11.023249],"rotation":270,"texture":"#3","tintindex":0},"down":{"uv":[2.9694083,6.894715,8.161442,8.359242],"rotation":270,"texture":"#3","tintindex":0},"east":{"uv":[2.975292,6.890651,8.245763,8.331333],"rotation":0,"texture":"#3","tintindex":0},"west":{"uv":[2.9698179,6.8855805,8.157246,8.35183],"rotation":180,"texture":"#3","tintindex":0},"up":{"uv":[2.9766114,6.891872,8.165919,8.3562565],"rotation":270,"texture":"#3","tintindex":0}}},{"from":[-6.750477,5.592381,-15.885714],"to":[-1.8590469,10.712381,29.46286],"rotation":{"angle":0.0,"axis":"y","origin":[-4.304762,8.152381,28.50286]},"faces":{"south":{"uv":[5.5064955,9.484212,6.7496,11.0044985],"rotation":270,"texture":"#3","tintindex":0},"north":{"uv":[5.5064955,9.484212,6.7496,11.0044985],"rotation":270,"texture":"#3","tintindex":0},"down":{"uv":[2.9694083,6.894715,9.168628,8.359242],"rotation":270,"texture":"#3","tintindex":0},"east":{"uv":[2.975292,6.890651,9.190449,8.331333],"rotation":0,"texture":"#3","tintindex":0},"west":{"uv":[2.9698179,6.8855805,9.164431,8.35183],"rotation":180,"texture":"#3","tintindex":0},"up":{"uv":[2.9620156,6.891872,9.173105,8.4187565],"rotation":270,"texture":"#3","tintindex":0}}},{"from":[17.935238,5.478095,-16.0],"to":[22.826668,10.598095,29.577147],"rotation":{"angle":0.0,"axis":"y","origin":[20.380953,8.038095,28.50286]},"faces":{"south":{"uv":[5.5064955,9.484212,6.7496,11.0044985],"rotation":270,"texture":"#3","tintindex":0},"north":{"uv":[5.5064955,9.484212,6.7496,11.0044985],"rotation":270,"texture":"#3","tintindex":0},"down":{"uv":[2.9694083,6.894715,9.168628,8.359242],"rotation":270,"texture":"#3","tintindex":0},"east":{"uv":[2.975292,6.890651,9.190449,8.331333],"rotation":0,"texture":"#3","tintindex":0},"west":{"uv":[2.9698179,6.8855805,9.164431,8.35183],"rotation":180,"texture":"#3","tintindex":0},"up":{"uv":[2.9620156,6.891872,9.173105,8.4187565],"rotation":270,"texture":"#3","tintindex":0}}}],"textures":{"3":"modelengine:entity/madera"},"display":{"head":{"translation":[0.0,-6.4,-14.506676],"scale":[4.0,4.0,4.0]}}}