{"elements":[{"from":[18.55663,6.287943,6.262857],"to":[30.780628,9.711943,9.686857],"rotation":{"angle":0.0,"axis":"y","origin":[24.668629,7.999943,7.9748573]},"faces":{"south":{"uv":[2.975292,6.921901,7.6084127,8.362583],"rotation":0,"texture":"#3","tintindex":0},"north":{"uv":[2.975292,6.890651,7.6709127,8.331333],"rotation":0,"texture":"#3","tintindex":0},"down":{"uv":[2.975292,6.921901,7.6084127,8.362583],"rotation":0,"texture":"#3","tintindex":0},"east":{"uv":[5.553398,9.521901,6.7402616,10.98676],"rotation":0,"texture":"#3","tintindex":0},"west":{"uv":[5.553398,9.521901,6.7402616,10.98676],"rotation":0,"texture":"#3","tintindex":0},"up":{"uv":[2.975292,6.921901,7.6084127,8.362583],"rotation":0,"texture":"#3","tintindex":0}}},{"from":[6.716629,6.287943,6.262857],"to":[18.78063,9.711943,9.686857],"rotation":{"angle":0.0,"axis":"y","origin":[12.748629,7.999943,7.9748573]},"faces":{"south":{"uv":[2.975292,6.921901,7.6084127,8.362583],"rotation":0,"texture":"#3","tintindex":0},"north":{"uv":[2.975292,6.890651,7.6709127,8.331333],"rotation":0,"texture":"#3","tintindex":0},"down":{"uv":[2.975292,6.921901,7.6084127,8.362583],"rotation":0,"texture":"#3","tintindex":0},"east":{"uv":[5.553398,9.521901,6.7402616,10.98676],"rotation":0,"texture":"#3","tintindex":0},"west":{"uv":[5.553398,9.521901,6.7402616,10.98676],"rotation":0,"texture":"#3","tintindex":0},"up":{"uv":[2.975292,6.921901,7.6084127,8.362583],"rotation":0,"texture":"#3","tintindex":0}}},{"from":[-3.0433702,6.287943,6.262857],"to":[7.260629,9.711943,9.686857],"rotation":{"angle":0.0,"axis":"y","origin":[2.1086292,7.999943,7.9748573]},"faces":{"south":{"uv":[2.975292,6.921901,7.6084127,8.362583],"rotation":0,"texture":"#3","tintindex":0},"north":{"uv":[2.975292,6.890651,7.6709127,8.331333],"rotation":0,"texture":"#3","tintindex":0},"down":{"uv":[2.975292,6.921901,7.6084127,8.362583],"rotation":0,"texture":"#3","tintindex":0},"east":{"uv":[5.553398,9.521901,6.7402616,10.98676],"rotation":0,"texture":"#3","tintindex":0},"west":{"uv":[5.553398,9.521901,6.7402616,10.98676],"rotation":0,"texture":"#3","tintindex":0},"up":{"uv":[2.975292,6.921901,7.6084127,8.362583],"rotation":0,"texture":"#3","tintindex":0}}},{"from":[0.3166132,6.2879267,-2.377159],"to":[20.220646,9.711959,1.0468736],"rotation":{"angle":0.0,"axis":"y","origin":[10.268629,7.999943,-0.665143]},"faces":{"south":{"uv":[2.975292,6.921901,9.190449,8.344619],"rotation":0,"texture":"#3","tintindex":0},"north":{"uv":[2.999244,6.890651,9.190449,8.375869],"rotation":0,"texture":"#3","tintindex":0},"down":{"uv":[2.975292,6.921901,9.190449,8.344619],"rotation":0,"texture":"#3","tintindex":0},"east":{"uv":[5.501901,9.466811,6.745052,11.029874],"rotation":0,"texture":"#3","tintindex":0},"west":{"uv":[5.5167866,9.472407,6.720232,10.99876],"rotation":180,"texture":"#3","tintindex":0},"up":{"uv":[2.975292,6.921901,9.190449,8.344619],"rotation":0,"texture":"#3","tintindex":0}}},{"from":[-14.56337,6.287943,-2.3451433],"to":[0.5406294,9.711943,1.0788574],"rotation":{"angle":0.0,"axis":"y","origin":[-7.0113716,7.999943,-0.6331434]},"faces":{"south":{"uv":[2.975292,6.921901,9.190449,8.344619],"rotation":0,"texture":"#3","tintindex":0},"north":{"uv":[2.999244,6.890651,9.190449,8.375869],"rotation":0,"texture":"#3","tintindex":0},"down":{"uv":[2.975292,6.921901,9.190449,8.344619],"rotation":0,"texture":"#3","tintindex":0},"east":{"uv":[5.501901,9.466811,6.745052,11.029874],"rotation":0,"texture":"#3","tintindex":0},"west":{"uv":[5.5167866,9.472407,6.720232,10.99876],"rotation":180,"texture":"#3","tintindex":0},"up":{"uv":[2.975292,6.921901,9.190449,8.344619],"rotation":0,"texture":"#3","tintindex":0}}},{"from":[20.156628,6.287943,14.902857],"to":[30.78223,9.711943,18.326859],"rotation":{"angle":0.0,"axis":"y","origin":[25.469429,7.999943,16.614857]},"faces":{"south":{"uv":[2.8911228,6.8943563,5.438465,8.44185],"rotation":0,"texture":"#3","tintindex":0},"north":{"uv":[2.8911228,6.8943563,5.438465,8.369993],"rotation":0,"texture":"#3","tintindex":0},"down":{"uv":[2.8911228,6.8943563,5.438465,8.369993],"rotation":0,"texture":"#3","tintindex":0},"east":{"uv":[5.553398,9.521901,6.7402616,10.98676],"rotation":0,"texture":"#3","tintindex":0},"west":{"uv":[5.5191817,9.527497,6.713046,10.990377],"rotation":180,"texture":"#3","tintindex":0},"up":{"uv":[2.8911228,6.8943563,5.4648123,8.369993],"rotation":0,"texture":"#3","tintindex":0}}},{"from":[34.71663,6.287943,14.902857],"to":[38.46063,9.711943,18.326859],"rotation":{"angle":0.0,"axis":"y","origin":[36.58863,7.999943,16.614857]},"faces":{"south":{"uv":[2.8911228,6.8943563,4.245651,8.369993],"rotation":0,"texture":"#3","tintindex":0},"north":{"uv":[2.8911228,6.8943563,4.245651,8.369993],"rotation":0,"texture":"#3","tintindex":0},"down":{"uv":[2.8911228,6.8943563,4.245651,8.369993],"rotation":0,"texture":"#3","tintindex":0},"east":{"uv":[5.553398,9.521901,6.7402616,10.98676],"rotation":0,"texture":"#3","tintindex":0},"west":{"uv":[5.5191817,9.527497,6.713046,10.990377],"rotation":180,"texture":"#3","tintindex":0},"up":{"uv":[2.8911228,6.8943563,4.245651,8.369993],"rotation":0,"texture":"#3","tintindex":0}}},{"from":[20.156628,6.287943,-2.217143],"to":[30.780628,9.713543,1.2068572],"rotation":{"angle":0.0,"axis":"y","origin":[25.468628,8.000743,-0.50514317]},"faces":{"south":{"uv":[2.8911228,6.8943563,5.438465,8.369993],"rotation":0,"texture":"#3","tintindex":0},"north":{"uv":[2.8911228,6.8943563,5.438465,8.367373],"rotation":0,"texture":"#3","tintindex":0},"down":{"uv":[2.8911228,6.8943563,5.438465,8.369993],"rotation":0,"texture":"#3","tintindex":0},"east":{"uv":[5.553398,9.521901,6.7402616,10.98676],"rotation":0,"texture":"#3","tintindex":0},"west":{"uv":[5.5191817,9.527497,6.713046,10.990377],"rotation":180,"texture":"#3","tintindex":0},"up":{"uv":[2.8911228,6.8943563,5.4648123,8.369993],"rotation":0,"texture":"#3","tintindex":0}}},{"from":[34.71663,6.287943,-2.217143],"to":[38.46063,9.711943,1.2068572],"rotation":{"angle":0.0,"axis":"y","origin":[36.58863,7.999943,-0.50514317]},"faces":{"south":{"uv":[2.8911228,6.8943563,4.245651,8.369993],"rotation":0,"texture":"#3","tintindex":0},"north":{"uv":[2.8911228,6.8943563,4.245651,8.369993],"rotation":0,"texture":"#3","tintindex":0},"down":{"uv":[2.8911228,6.8943563,4.245651,8.369993],"rotation":0,"texture":"#3","tintindex":0},"east":{"uv":[5.553398,9.521901,6.7402616,10.98676],"rotation":0,"texture":"#3","tintindex":0},"west":{"uv":[5.5191817,9.527497,6.713046,10.990377],"rotation":180,"texture":"#3","tintindex":0},"up":{"uv":[2.8911228,6.8943563,4.245651,8.369993],"rotation":0,"texture":"#3","tintindex":0}}},{"from":[-20.243372,6.287943,14.902857],"to":[-18.099373,9.711943,18.326859],"rotation":{"angle":0.0,"axis":"y","origin":[-19.571371,7.999943,16.614857]},"faces":{"south":{"uv":[2.8911228,6.8943563,4.245651,8.369993],"rotation":0,"texture":"#3","tintindex":0},"north":{"uv":[2.8911228,6.8943563,4.245651,8.369993],"rotation":0,"texture":"#3","tintindex":0},"down":{"uv":[2.8911228,6.8943563,4.245651,8.369993],"rotation":0,"texture":"#3","tintindex":0},"east":{"uv":[5.553398,9.521901,6.7402616,10.98676],"rotation":0,"texture":"#3","tintindex":0},"west":{"uv":[5.5191817,9.527497,6.713046,10.990377],"rotation":180,"texture":"#3","tintindex":0},"up":{"uv":[2.8911228,6.8943563,4.245651,8.369993],"rotation":0,"texture":"#3","tintindex":0}}},{"from":[-20.243372,6.287943,-2.377143],"to":[-18.099373,9.711943,1.0468574],"rotation":{"angle":0.0,"axis":"y","origin":[-19.571371,7.999943,-0.665143]},"faces":{"south":{"uv":[2.8911228,6.8943563,4.245651,8.369993],"rotation":0,"texture":"#3","tintindex":0},"north":{"uv":[2.8911228,6.8943563,4.245651,8.369993],"rotation":0,"texture":"#3","tintindex":0},"down":{"uv":[2.8911228,6.8943563,4.245651,8.369993],"rotation":0,"texture":"#3","tintindex":0},"east":{"uv":[5.553398,9.521901,6.7402616,10.98676],"rotation":0,"texture":"#3","tintindex":0},"west":{"uv":[5.5191817,9.527497,6.713046,10.990377],"rotation":180,"texture":"#3",