{"elements":[{"from":[11.487999,10.368,-2.592],"to":[23.712,13.792,0.8319998],"rotation":{"angle":0.0,"axis":"y","origin":[-0.6400013,8.0,8.0]},"faces":{"south":{"uv":[5.4820776,6.8659644,9.183027,8.39733],"rotation":180,"texture":"#4","tintindex":0},"north":{"uv":[5.485363,6.8666444,9.185115,8.396594],"rotation":180,"texture":"#4","tintindex":0},"down":{"uv":[5.480492,6.897161,9.172288,8.432679],"rotation":0,"texture":"#4","tintindex":0},"east":{"uv":[5.5055013,9.518531,6.7556214,11.023743],"rotation":0,"texture":"#4","tintindex":0},"west":{"uv":[5.5034037,9.501312,6.7456503,11.018645],"rotation":180,"texture":"#4","tintindex":0},"up":{"uv":[5.5016108,6.9191093,9.193352,8.427533],"rotation":0,"texture":"#4","tintindex":0}}},{"from":[-0.3520012,10.368,-2.592],"to":[11.711999,13.792,0.8319998],"rotation":{"angle":0.0,"axis":"y","origin":[-0.6400013,8.0,8.0]},"faces":{"south":{"uv":[5.4820776,6.8659644,9.183027,8.39733],"rotation":180,"texture":"#4","tintindex":0},"north":{"uv":[5.485363,6.8666444,9.185115,8.396594],"rotation":180,"texture":"#4","tintindex":0},"down":{"uv":[5.480492,6.897161,9.172288,8.432679],"rotation":0,"texture":"#4","tintindex":0},"east":{"uv":[5.5055013,9.518531,6.7556214,11.023743],"rotation":0,"texture":"#4","tintindex":0},"west":{"uv":[5.5034037,9.501312,6.7456503,11.018645],"rotation":180,"texture":"#4","tintindex":0},"up":{"uv":[5.5016108,6.9191093,9.193352,8.427533],"rotation":0,"texture":"#4","tintindex":0}}},{"from":[-10.112001,10.368,-2.592],"to":[0.19199848,13.792,0.8319998],"rotation":{"angle":0.0,"axis":"y","origin":[-0.6400013,8.0,8.0]},"faces":{"south":{"uv":[2.9120178,6.8659644,5.7698536,8.39733],"rotation":180,"texture":"#4","tintindex":0},"north":{"uv":[2.915303,6.8666444,5.7719407,8.396594],"rotation":180,"texture":"#4","tintindex":0},"down":{"uv":[2.910432,6.897161,5.83097,8.432679],"rotation":0,"texture":"#4","tintindex":0},"east":{"uv":[5.5055013,9.518531,6.7556214,11.023743],"rotation":0,"texture":"#4","tintindex":0},"west":{"uv":[5.5034037,9.501312,6.7456503,11.018645],"rotation":180,"texture":"#4","tintindex":0},"up":{"uv":[2.931551,6.9191093,5.8520336,8.427533],"rotation":0,"texture":"#4","tintindex":0}}},{"from":[-6.752018,10.367984,-11.2320175],"to":[13.152016,13.792016,-7.8079834],"rotation":{"angle":0.0,"axis":"y","origin":[-0.80000114,8.0,8.0]},"faces":{"south":{"uv":[2.9120178,6.8659644,9.183027,8.39733],"rotation":180,"texture":"#4","tintindex":0},"north":{"uv":[2.915303,6.8666444,9.185115,8.396594],"rotation":180,"texture":"#4","tintindex":0},"down":{"uv":[2.910432,6.897161,9.2441435,8.432679],"rotation":0,"texture":"#4","tintindex":0},"east":{"uv":[5.5055013,9.518531,6.7556214,11.023743],"rotation":0,"texture":"#4","tintindex":0},"west":{"uv":[5.5034037,9.501312,6.7456503,11.018645],"rotation":180,"texture":"#4","tintindex":0},"up":{"uv":[2.931551,6.9191093,9.265208,8.427533],"rotation":0,"texture":"#4","tintindex":0}}},{"from":[-21.632002,10.368,-11.200001],"to":[-6.528002,13.792,-7.776],"rotation":{"angle":0.0,"axis":"y","origin":[-0.6400013,8.0,8.0]},"faces":{"south":{"uv":[5.4820776,6.8659644,9.183027,8.39733],"rotation":180,"texture":"#4","tintindex":0},"north":{"uv":[5.485363,6.8666444,9.185115,8.396594],"rotation":180,"texture":"#4","tintindex":0},"down":{"uv":[5.480492,6.897161,9.172288,8.432679],"rotation":0,"texture":"#4","tintindex":0},"east":{"uv":[5.5055013,9.518531,6.7556214,11.023743],"rotation":0,"texture":"#4","tintindex":0},"west":{"uv":[5.5034037,9.501312,6.7456503,11.018645],"rotation":180,"texture":"#4","tintindex":0},"up":{"uv":[5.5016108,6.9191093,9.193352,8.427533],"rotation":0,"texture":"#4","tintindex":0}}},{"from":[13.087998,10.368,6.048],"to":[23.713598,13.792,9.472],"rotation":{"angle":0.0,"axis":"y","origin":[-0.6400013,8.0,8.0]},"faces":{"south":{"uv":[5.4820776,6.8659644,9.183027,8.39733],"rotation":180,"texture":"#4","tintindex":0},"north":{"uv":[5.485363,6.8666444,9.185115,8.396594],"rotation":180,"texture":"#4","tintindex":0},"down":{"uv":[5.480492,6.897161,9.2441435,8.432679],"rotation":0,"texture":"#4","tintindex":0},"east":{"uv":[5.5055013,9.518531,6.7556214,11.023743],"rotation":0,"texture":"#4","tintindex":0},"west":{"uv":[5.5034037,9.501312,6.7456503,11.018645],"rotation":180,"texture":"#4","tintindex":0},"up":{"uv":[5.5016108,6.9191093,9.265208,8.427533],"rotation":0,"texture":"#4","tintindex":0}}},{"from":[27.647999,10.368,6.048],"to":[31.391996,13.792,9.472],"rotation":{"angle":0.0,"axis":"y","origin":[-0.6400013,8.0,8.0]},"faces":{"south":{"uv":[0.0,0.0,16.0,16.0],"rotation":90,"texture":"#7","tintindex":0},"north":{"uv":[0.0,0.0,16.0,16.0],"rotation":270,"texture":"#7","tintindex":0},"down":{"uv":[0.0,0.0,16.0,16.0],"rotation":90,"texture":"#7","tintindex":0},"east":{"uv":[0.0,0.0,16.0,16.0],"rotation":0,"texture":"#7","tintindex":0},"west":{"uv":[0.0,0.0,16.0,16.0],"rotation":0,"texture":"#7","tintindex":0},"up":{"uv":[0.0,0.0,16.0,16.0],"rotation":90,"texture":"#7","tintindex":0}}},{"from":[13.087998,10.368,-11.0720005],"to":[23.712,13.7936,-7.648],"rotation":{"angle":0.0,"axis":"y","origin":[-0.6400013,8.0,8.0]},"faces":{"south":{"uv":[5.4820776,6.8659644,9.183027,8.39733],"rotation":180,"texture":"#4","tintindex":0},"north":{"uv":[5.485363,6.8666444,9.185115,8.396594],"rotation":180,"texture":"#4","tintindex":0},"down":{"uv":[5.480492,6.897161,9.2441435,8.432679],"rotation":0,"texture":"#4","tintindex":0},"east":{"uv":[5.5055013,9.518531,6.7556214,11.023743],"rotation":0,"texture":"#4","tintindex":0},"west":{"uv":[5.5034037,9.501312,6.7456503,11.018645],"rotation":180,"texture":"#4","tintindex":0},"up":{"uv":[5.5016108,6.9191093,9.265208,8.427533],"rotation":0,"texture":"#4","tintindex":0}}},{"from":[27.647999,10.368,-11.0720005],"to":[31.391996,13.792,-7.648],"rotation":{"angle":0.0,"axis":"y","origin":[-0.6400013,8.0,8.0]},"faces":{"south":{"uv":[0.0,0.0,16.0,16.0],"rotation":90,"texture":"#7","tintindex":0},"north":{"uv":[0.0,0.0,16.0,16.0],"rotation":270,"texture":"#7","tintindex":0},"down":{"uv":[0.0,0.0,16.0,16.0],"rotation":90,"texture":"#7","tintindex":0},"east":{"uv":[0.0,0.0,16.0,16.0],"rotation":0,"texture":"#7","tintindex":0},"west":{"uv":[0.0,0.0,16.0,16.0],"rotation":0,"texture":"#7","tintindex":0},"up":{"uv":[0.0,0.0,16.0,16.0],"rotation":90,"texture":"#7","tintindex":0}}},{"from":[-28.512001,10.368,6.048],"to":[-24.768002,13.792,9.472],"rotation":{"angle":0.0,"axis":"y","origin":[-0.6400013,8.0,8.0]},"faces":{"south":{"uv":[8.042557,6.8659644,9.183027,8.39733],"rotation":180,"texture":"#4","tintindex":0},"north":{"uv":[8.045842,6.8666444,9.185115,8.396594],"rotation":180,"texture":"#4","tintindex":0},"down":{"uv":[8.040972,6.897161,9.172288,8.432679],"rotation":0,"texture":"#4","tintindex":0},"east":{"uv":[5.5055013,9.518531,6.7556214,11.023743],"rotation":0,"texture":"#4","tintindex":0},"west":{"uv":[5.5034037,9.501312,6.7456503,11.018645],"rotation":180,"texture":"#4","tintindex":0},"up":{"uv":[8.06209,6.9191093,9.193352,8.427533],"rotation":0,"texture":"#4","tintindex":0}}},{"from":[-28.512001,10.368,-11.232],"to":[-24.768002,13.792,-7.8080006],"rotation":{"angle":0.0,"axis":"y","origin":[-0.6400013,8.0,8.0]},"faces":{"south":{"uv":[8.042557,6.8659644,9.183027,8.39733],"rotation":180,"texture":"#4","tintindex":0},"north":{"uv":[8.045842,6.8666444,9.185115,8.396594],"rotation":180,"texture":"#4","tintindex":0},"down":{"uv":[8.040972,6.897161,9.172288,8.432679],"rotation":0,"texture":"#4","tintindex":0},"east":{"uv":[5.5055013,9.518531,6.7556214,11.023743],"rotation":0,"texture":"#4","tintindex":0},"west":{"uv":[5.5034037,9.501312,6.7456503,11.018645],"rotation":180,"texture":"#4","tintindex":0},"up":{"uv":[8.06209,6.9191093,9.193352,8.427533],"rotation":0,"texture":"#4","tintindex":0}}},{"from":[-7.2320013,10.368,6.048],"to":[13.311999,13.792,9.472],"rotation":{"angle":0.0,"axis":"y","origin":[-0.6400013,8.0,8.0]},"faces":{"south":{"uv":[5.4820776,6.8659644,9.183027,8.39733],"rotation":180,"texture":"#4","tintindex":0},