{"elements":[{"from":[17.15663,6.287943,6.262857],"to":[29.380629,9.711943,9.686857],"rotation":{"angle":0.0,"axis":"y","origin":[5.0286293,3.9199429,16.854858]},"faces":{"south":{"uv":[5.4820776,6.8659644,9.183027,8.39733],"rotation":180,"texture":"#4","tintindex":0},"north":{"uv":[5.485363,6.8666444,9.185115,8.396594],"rotation":180,"texture":"#4","tintindex":0},"down":{"uv":[5.480492,6.897161,9.172288,8.432679],"rotation":0,"texture":"#4","tintindex":0},"east":{"uv":[5.5055013,9.518531,6.7556214,11.023743],"rotation":0,"texture":"#4","tintindex":0},"west":{"uv":[5.5034037,9.501312,6.7456503,11.018645],"rotation":180,"texture":"#4","tintindex":0},"up":{"uv":[5.5016108,6.9191093,9.193352,8.427533],"rotation":0,"texture":"#4","tintindex":0}}},{"from":[5.3166294,6.287943,6.262857],"to":[17.38063,9.711943,9.686857],"rotation":{"angle":0.0,"axis":"y","origin":[5.0286293,3.9199429,16.854858]},"faces":{"south":{"uv":[5.4820776,6.8659644,9.183027,8.39733],"rotation":180,"texture":"#4","tintindex":0},"north":{"uv":[5.485363,6.8666444,9.185115,8.396594],"rotation":180,"texture":"#4","tintindex":0},"down":{"uv":[5.480492,6.897161,9.172288,8.432679],"rotation":0,"texture":"#4","tintindex":0},"east":{"uv":[5.5055013,9.518531,6.7556214,11.023743],"rotation":0,"texture":"#4","tintindex":0},"west":{"uv":[5.5034037,9.501312,6.7456503,11.018645],"rotation":180,"texture":"#4","tintindex":0},"up":{"uv":[5.5016108,6.9191093,9.193352,8.427533],"rotation":0,"texture":"#4","tintindex":0}}},{"from":[-4.44337,6.287943,6.262857],"to":[5.8606296,9.711943,9.686857],"rotation":{"angle":0.0,"axis":"y","origin":[5.0286293,3.9199429,16.854858]},"faces":{"south":{"uv":[2.9120178,6.8659644,5.7698536,8.39733],"rotation":180,"texture":"#4","tintindex":0},"north":{"uv":[2.915303,6.8666444,5.7719407,8.396594],"rotation":180,"texture":"#4","tintindex":0},"down":{"uv":[2.910432,6.897161,5.83097,8.432679],"rotation":0,"texture":"#4","tintindex":0},"east":{"uv":[5.5055013,9.518531,6.7556214,11.023743],"rotation":0,"texture":"#4","tintindex":0},"west":{"uv":[5.5034037,9.501312,6.7456503,11.018645],"rotation":180,"texture":"#4","tintindex":0},"up":{"uv":[2.931551,6.9191093,5.8520336,8.427533],"rotation":0,"texture":"#4","tintindex":0}}},{"from":[-1.0833864,6.2879267,-2.377159],"to":[18.820644,9.711959,1.0468736],"rotation":{"angle":0.0,"axis":"y","origin":[4.8686295,3.9199429,16.854858]},"faces":{"south":{"uv":[2.9120178,6.8659644,9.183027,8.39733],"rotation":180,"texture":"#4","tintindex":0},"north":{"uv":[2.915303,6.8666444,9.185115,8.396594],"rotation":180,"texture":"#4","tintindex":0},"down":{"uv":[2.910432,6.897161,9.2441435,8.432679],"rotation":0,"texture":"#4","tintindex":0},"east":{"uv":[5.5055013,9.518531,6.7556214,11.023743],"rotation":0,"texture":"#4","tintindex":0},"west":{"uv":[5.5034037,9.501312,6.7456503,11.018645],"rotation":180,"texture":"#4","tintindex":0},"up":{"uv":[2.931551,6.9191093,9.265208,8.427533],"rotation":0,"texture":"#4","tintindex":0}}},{"from":[-15.963369,6.287943,-2.3451433],"to":[-0.85937023,9.711943,1.0788574],"rotation":{"angle":0.0,"axis":"y","origin":[5.0286293,3.9199429,16.854858]},"faces":{"south":{"uv":[5.4820776,6.8659644,9.183027,8.39733],"rotation":180,"texture":"#4","tintindex":0},"north":{"uv":[5.485363,6.8666444,9.185115,8.396594],"rotation":180,"texture":"#4","tintindex":0},"down":{"uv":[5.480492,6.897161,9.172288,8.432679],"rotation":0,"texture":"#4","tintindex":0},"east":{"uv":[5.5055013,9.518531,6.7556214,11.023743],"rotation":0,"texture":"#4","tintindex":0},"west":{"uv":[5.5034037,9.501312,6.7456503,11.018645],"rotation":180,"texture":"#4","tintindex":0},"up":{"uv":[5.5016108,6.9191093,9.193352,8.427533],"rotation":0,"texture":"#4","tintindex":0}}},{"from":[18.75663,6.287943,14.902857],"to":[29.38223,9.711943,18.326859],"rotation":{"angle":0.0,"axis":"y","origin":[5.0286293,3.9199429,16.854858]},"faces":{"south":{"uv":[5.4820776,6.8659644,9.183027,8.39733],"rotation":180,"texture":"#4","tintindex":0},"north":{"uv":[5.485363,6.8666444,9.185115,8.396594],"rotation":180,"texture":"#4","tintindex":0},"down":{"uv":[5.480492,6.897161,9.2441435,8.432679],"rotation":0,"texture":"#4","tintindex":0},"east":{"uv":[5.5055013,9.518531,6.7556214,11.023743],"rotation":0,"texture":"#4","tintindex":0},"west":{"uv":[5.5034037,9.501312,6.7456503,11.018645],"rotation":180,"texture":"#4","tintindex":0},"up":{"uv":[5.5016108,6.9191093,9.265208,8.427533],"rotation":0,"texture":"#4","tintindex":0}}},{"from":[33.316628,6.287943,14.902857],"to":[37.06063,9.711943,18.326859],"rotation":{"angle":0.0,"axis":"y","origin":[5.0286293,3.9199429,16.854858]},"faces":{"south":{"uv":[0.0,0.0,16.0,16.0],"rotation":0,"texture":"#7","tintindex":0},"north":{"uv":[0.0,0.0,16.0,16.0],"rotation":0,"texture":"#7","tintindex":0},"down":{"uv":[0.0,0.0,16.0,16.0],"rotation":90,"texture":"#7","tintindex":0},"east":{"uv":[0.0,0.0,16.0,16.0],"rotation":0,"texture":"#7","tintindex":0},"west":{"uv":[0.0,0.0,16.0,16.0],"rotation":0,"texture":"#7","tintindex":0},"up":{"uv":[0.0,0.0,16.0,16.0],"rotation":90,"texture":"#7","tintindex":0}}},{"from":[18.75663,6.287943,-2.217143],"to":[29.380629,9.713543,1.2068572],"rotation":{"angle":0.0,"axis":"y","origin":[5.0286293,3.9199429,16.854858]},"faces":{"south":{"uv":[5.4820776,6.8659644,9.183027,8.39733],"rotation":180,"texture":"#4","tintindex":0},"north":{"uv":[5.485363,6.8666444,9.185115,8.396594],"rotation":180,"texture":"#4","tintindex":0},"down":{"uv":[5.480492,6.897161,9.2441435,8.432679],"rotation":0,"texture":"#4","tintindex":0},"east":{"uv":[5.5055013,9.518531,6.7556214,11.023743],"rotation":0,"texture":"#4","tintindex":0},"west":{"uv":[5.5034037,9.501312,6.7456503,11.018645],"rotation":180,"texture":"#4","tintindex":0},"up":{"uv":[5.5016108,6.9191093,9.265208,8.427533],"rotation":0,"texture":"#4","tintindex":0}}},{"from":[33.316628,6.287943,-2.217143],"to":[37.06063,9.711943,1.2068572],"rotation":{"angle":0.0,"axis":"y","origin":[5.0286293,3.9199429,16.854858]},"faces":{"south":{"uv":[0.0,0.0,16.0,16.0],"rotation":0,"texture":"#7","tintindex":0},"north":{"uv":[0.0,0.0,16.0,16.0],"rotation":0,"texture":"#7","tintindex":0},"down":{"uv":[0.0,0.0,16.0,16.0],"rotation":90,"texture":"#7","tintindex":0},"east":{"uv":[0.0,0.0,16.0,16.0],"rotation":0,"texture":"#7","tintindex":0},"west":{"uv":[0.0,0.0,16.0,16.0],"rotation":0,"texture":"#7","tintindex":0},"up":{"uv":[0.0,0.0,16.0,16.0],"rotation":90,"texture":"#7","tintindex":0}}},{"from":[-22.843372,6.287943,14.902857],"to":[-19.099373,9.711943,18.326859],"rotation":{"angle":0.0,"axis":"y","origin":[5.0286293,3.9199429,16.854858]},"faces":{"south":{"uv":[8.042557,6.8659644,9.183027,8.39733],"rotation":180,"texture":"#4","tintindex":0},"north":{"uv":[8.045842,6.8666444,9.185115,8.396594],"rotation":180,"texture":"#4","tintindex":0},"down":{"uv":[8.040972,6.897161,9.172288,8.432679],"rotation":0,"texture":"#4","tintindex":0},"east":{"uv":[5.5055013,9.518531,6.7556214,11.023743],"rotation":0,"texture":"#4","tintindex":0},"west":{"uv":[5.5034037,9.501312,6.7456503,11.018645],"rotation":180,"texture":"#4","tintindex":0},"up":{"uv":[8.06209,6.9191093,9.193352,8.427533],"rotation":0,"texture":"#4","tintindex":0}}},{"from":[-22.843372,6.287943,-2.377143],"to":[-19.099373,9.711943,1.0468574],"rotation":{"angle":0.0,"axis":"y","origin":[5.0286293,3.9199429,16.854858]},"faces":{"south":{"uv":[8.042557,6.8659644,9.183027,8.39733],"rotation":180,"texture":"#4","tintindex":0},"north":{"uv":[8.045842,6.8666444,9.185115,8.396594],"rotation":180,"texture":"#4","tintindex":0},"down":{"uv":[8.040972,6.897161,9.172288,8.432679],"rotation":0,"texture":"#4","tintindex":0},"east":{"uv":[5.5055013,9.518531,6.7556214,11.023743],"rotation":0,"texture":"#4","tintindex":0},"west":{"uv":[5.5034037,9.501312,6.7456503,11.018645],"rotation":180,"texture":"#4","tintindex":0},"up":{"uv":[8.06209,6.9191093,9.193352,8.427533],"rotation":0,"texture":"#4","tintindex":0}}},{"from":[-1.5633707,6.287943,14.902857],