{"elements":[{"from":[8.411428,27.108574,16.465126],"to":[28.16,32.0,21.356556],"rotation":{"angle":0.0,"axis":"y","origin":[17.828571,29.481106,18.97143]},"faces":{"south":{"uv":[2.9788847,6.890651,9.092358,8.316438],"rotation":0,"texture":"#3","tintindex":0},"north":{"uv":[2.936744,6.890651,9.092358,8.378938],"rotation":0,"texture":"#3","tintindex":0},"down":{"uv":[2.9788847,6.890651,9.092358,8.316438],"rotation":0,"texture":"#3","tintindex":0},"east":{"uv":[5.553398,9.521901,6.7402616,10.98676],"rotation":0,"texture":"#3","tintindex":0},"west":{"uv":[5.5191817,9.527497,6.713046,10.990377],"rotation":180,"texture":"#3","tintindex":0},"up":{"uv":[2.9788847,6.890651,9.092358,8.316438],"rotation":0,"texture":"#3","tintindex":0}}}],"textures":{"3":"modelengine:entity/madera"},"display":{"head":{"translation":[0.0,98.7613,0.0],"scale":[4.0,4.0,4.0]}}}