{"elements":[{"from":[15.556627,6.287943,6.262857],"to":[27.780626,9.711943,9.686857],"rotation":{"angle":0.0,"axis":"y","origin":[3.428627,3.9199429,16.854858]},"faces":{"south":{"uv":[6.781533,6.8659644,11.359744,8.39733],"rotation":180,"texture":"#3","tintindex":0},"north":{"uv":[6.785597,6.8666444,11.362327,8.396594],"rotation":180,"texture":"#3","tintindex":0},"down":{"uv":[6.779571,6.897161,11.346458,8.432679],"rotation":0,"texture":"#3","tintindex":0},"east":{"uv":[6.8105087,9.518531,8.356954,11.023743],"rotation":0,"texture":"#3","tintindex":0},"west":{"uv":[6.807914,9.501312,8.344619,11.018645],"rotation":180,"texture":"#3","tintindex":0},"up":{"uv":[6.805696,6.9191093,11.372516,8.427533],"rotation":0,"texture":"#3","tintindex":0}}},{"from":[3.7166271,6.287943,6.262857],"to":[15.780628,9.711943,9.686857],"rotation":{"angle":0.0,"axis":"y","origin":[3.428627,3.9199429,16.854858]},"faces":{"south":{"uv":[6.781533,6.8659644,11.359744,8.39733],"rotation":180,"texture":"#3","tintindex":0},"north":{"uv":[6.785597,6.8666444,11.362327,8.396594],"rotation":180,"texture":"#3","tintindex":0},"down":{"uv":[6.779571,6.897161,11.346458,8.432679],"rotation":0,"texture":"#3","tintindex":0},"east":{"uv":[6.8105087,9.518531,8.356954,11.023743],"rotation":0,"texture":"#3","tintindex":0},"west":{"uv":[6.807914,9.501312,8.344619,11.018645],"rotation":180,"texture":"#3","tintindex":0},"up":{"uv":[6.805696,6.9191093,11.372516,8.427533],"rotation":0,"texture":"#3","tintindex":0}}},{"from":[-6.043372,6.287943,6.262857],"to":[4.2606273,9.711943,9.686857],"rotation":{"angle":0.0,"axis":"y","origin":[3.428627,3.9199429,16.854858]},"faces":{"south":{"uv":[2.889282,6.8659644,9.090065,8.351404],"rotation":180,"texture":"#3","tintindex":0},"north":{"uv":[2.8925185,6.8666444,9.092121,8.350668],"rotation":180,"texture":"#3","tintindex":0},"down":{"uv":[2.8877194,6.897161,9.15028,8.386754],"rotation":0,"texture":"#3","tintindex":0},"east":{"uv":[5.4904575,9.496308,6.7458515,11.023743],"rotation":0,"texture":"#3","tintindex":0},"west":{"uv":[5.4883904,9.47909,6.7360277,11.018645],"rotation":180,"texture":"#3","tintindex":0},"up":{"uv":[2.908527,6.9191093,9.171034,8.381608],"rotation":0,"texture":"#3","tintindex":0}}},{"from":[-2.6833887,6.2879267,-2.377159],"to":[17.220642,9.711959,1.0468736],"rotation":{"angle":0.0,"axis":"y","origin":[3.2686272,3.9199429,16.854858]},"faces":{"south":{"uv":[2.889282,6.8659644,9.090065,8.351404],"rotation":180,"texture":"#3","tintindex":0},"north":{"uv":[2.8925185,6.8666444,9.092121,8.350668],"rotation":180,"texture":"#3","tintindex":0},"down":{"uv":[2.8877194,6.897161,9.15028,8.386754],"rotation":0,"texture":"#3","tintindex":0},"east":{"uv":[5.4904575,9.496308,6.7458515,11.023743],"rotation":0,"texture":"#3","tintindex":0},"west":{"uv":[5.4883904,9.47909,6.7360277,11.018645],"rotation":180,"texture":"#3","tintindex":0},"up":{"uv":[2.908527,6.9191093,9.171034,8.381608],"rotation":0,"texture":"#3","tintindex":0}}},{"from":[-17.563372,6.287943,-2.3451433],"to":[-2.4593725,9.711943,1.0788574],"rotation":{"angle":0.0,"axis":"y","origin":[3.428627,3.9199429,16.854858]},"faces":{"south":{"uv":[6.781533,6.8659644,11.359744,8.39733],"rotation":180,"texture":"#3","tintindex":0},"north":{"uv":[6.785597,6.8666444,11.362327,8.396594],"rotation":180,"texture":"#3","tintindex":0},"down":{"uv":[6.779571,6.897161,11.346458,8.432679],"rotation":0,"texture":"#3","tintindex":0},"east":{"uv":[6.8105087,9.518531,8.356954,11.023743],"rotation":0,"texture":"#3","tintindex":0},"west":{"uv":[6.807914,9.501312,8.344619,11.018645],"rotation":180,"texture":"#3","tintindex":0},"up":{"uv":[6.805696,6.9191093,11.372516,8.427533],"rotation":0,"texture":"#3","tintindex":0}}},{"from":[17.156628,6.287943,14.902857],"to":[27.782228,9.711943,18.326859],"rotation":{"angle":0.0,"axis":"y","origin":[3.428627,3.9199429,16.854858]},"faces":{"south":{"uv":[6.781533,6.8659644,11.359744,8.39733],"rotation":180,"texture":"#3","tintindex":0},"north":{"uv":[6.785597,6.8666444,11.362327,8.396594],"rotation":180,"texture":"#3","tintindex":0},"down":{"uv":[6.779571,6.897161,11.435348,8.432679],"rotation":0,"texture":"#3","tintindex":0},"east":{"uv":[6.8105087,9.518531,8.356954,11.023743],"rotation":0,"texture":"#3","tintindex":0},"west":{"uv":[6.807914,9.501312,8.344619,11.018645],"rotation":180,"texture":"#3","tintindex":0},"up":{"uv":[6.805696,6.9191093,11.461405,8.427533],"rotation":0,"texture":"#3","tintindex":0}}},{"from":[31.716627,6.287943,14.902857],"to":[35.460625,9.711943,18.326859],"rotation":{"angle":0.0,"axis":"y","origin":[3.428627,3.9199429,16.854858]},"faces":{"south":{"uv":[0.0,0.0,16.0,16.0],"rotation":0,"texture":"#6","tintindex":0},"north":{"uv":[0.0,0.0,16.0,16.0],"rotation":0,"texture":"#6","tintindex":0},"down":{"uv":[0.0,0.0,16.0,16.0],"rotation":90,"texture":"#6","tintindex":0},"east":{"uv":[0.0,0.0,16.0,16.0],"rotation":0,"texture":"#6","tintindex":0},"west":{"uv":[0.0,0.0,16.0,16.0],"rotation":0,"texture":"#6","tintindex":0},"up":{"uv":[0.0,0.0,16.0,16.0],"rotation":90,"texture":"#6","tintindex":0}}},{"from":[17.156628,6.287943,-2.217143],"to":[27.780626,9.713543,1.2068572],"rotation":{"angle":0.0,"axis":"y","origin":[3.428627,3.9199429,16.854858]},"faces":{"south":{"uv":[6.781533,6.8659644,11.359744,8.39733],"rotation":180,"texture":"#3","tintindex":0},"north":{"uv":[6.785597,6.8666444,11.362327,8.396594],"rotation":180,"texture":"#3","tintindex":0},"down":{"uv":[6.779571,6.897161,11.435348,8.432679],"rotation":0,"texture":"#3","tintindex":0},"east":{"uv":[6.8105087,9.518531,8.356954,11.023743],"rotation":0,"texture":"#3","tintindex":0},"west":{"uv":[6.807914,9.501312,8.344619,11.018645],"rotation":180,"texture":"#3","tintindex":0},"up":{"uv":[6.805696,6.9191093,11.461405,8.427533],"rotation":0,"texture":"#3","tintindex":0}}},{"from":[31.716627,6.287943,-2.217143],"to":[35.460625,9.711943,1.2068572],"rotation":{"angle":0.0,"axis":"y","origin":[3.428627,3.9199429,16.854858]},"faces":{"south":{"uv":[0.0,0.0,16.0,16.0],"rotation":0,"texture":"#6","tintindex":0},"north":{"uv":[0.0,0.0,16.0,16.0],"rotation":0,"texture":"#6","tintindex":0},"down":{"uv":[0.0,0.0,16.0,16.0],"rotation":90,"texture":"#6","tintindex":0},"east":{"uv":[0.0,0.0,16.0,16.0],"rotation":0,"texture":"#6","tintindex":0},"west":{"uv":[0.0,0.0,16.0,16.0],"rotation":0,"texture":"#6","tintindex":0},"up":{"uv":[0.0,0.0,16.0,16.0],"rotation":90,"texture":"#6","tintindex":0}}},{"from":[-22.843372,6.287943,14.902857],"to":[-20.699375,9.711943,18.326859],"rotation":{"angle":0.0,"axis":"y","origin":[3.428627,3.9199429,16.854858]},"faces":{"south":{"uv":[9.94894,6.8659644,11.359744,8.39733],"rotation":180,"texture":"#3","tintindex":0},"north":{"uv":[9.953004,6.8666444,11.362327,8.396594],"rotation":180,"texture":"#3","tintindex":0},"down":{"uv":[9.946979,6.897161,11.346458,8.432679],"rotation":0,"texture":"#3","tintindex":0},"east":{"uv":[6.8105087,9.518531,8.356954,11.023743],"rotation":0,"texture":"#3","tintindex":0},"west":{"uv":[6.807914,9.501312,8.344619,11.018645],"rotation":180,"texture":"#3","tintindex":0},"up":{"uv":[9.973104,6.9191093,11.372516,8.427533],"rotation":0,"texture":"#3","tintindex":0}}},{"from":[-22.76337,6.287943,-2.377143],"to":[-20.699375,9.711943,1.0468574],"rotation":{"angle":0.0,"axis":"y","origin":[3.428627,3.9199429,16.854858]},"faces":{"south":{"uv":[9.94894,6.8659644,11.359744,8.39733],"rotation":180,"texture":"#3","tintindex":0},"north":{"uv":[9.953004,6.8666444,11.362327,8.396594],"rotation":180,"texture":"#3","tintindex":0},"down":{"uv":[9.946979,6.897161,11.346458,8.432679],"rotation":0,"texture":"#3","tintindex":0},"east":{"uv":[6.8105087,9.518531,8.356954,11.023743],"rotation":0,"texture":"#3","tintindex":0},"west":{"uv":[6.807914,9.501312,8.344619,11.018645],"rotation":180,"texture":"#3","tintindex":0},"up":{"uv":[9.973104,6.9191093,11.372516,8.427533],"rotation":0,"texture":"#3","tintindex":0}}},{"from":[-3.163373,6.287943,14.902857],"to":[17.380627,9.711943,18.326859],