{"elements":[{"from":[-7.1314287,5.782857,-15.771427],"to":[-2.2400007,10.902857,18.834286],"rotation":{"angle":0.0,"axis":"y","origin":[27.06289,23.428572,8.996364]},"faces":{"south":{"uv":[5.5064955,9.484212,6.7496,11.0044985],"rotation":270,"texture":"#3","tintindex":0},"north":{"uv":[5.5064955,9.484212,6.7496,11.0044985],"rotation":270,"texture":"#3","tintindex":0},"down":{"uv":[2.9444084,6.875965,9.168628,8.421742],"rotation":270,"texture":"#3","tintindex":0},"east":{"uv":[2.994042,6.8719015,9.190449,8.393833],"rotation":0,"texture":"#3","tintindex":0},"west":{"uv":[2.9448178,6.866831,9.164431,8.41433],"rotation":180,"texture":"#3","tintindex":0},"up":{"uv":[2.9620156,6.8731217,9.173105,8.4187565],"rotation":270,"texture":"#3","tintindex":0}}},{"from":[17.554287,5.0971427,-16.0],"to":[22.445715,10.217143,18.834286],"rotation":{"angle":0.0,"axis":"y","origin":[51.748608,23.428572,8.767793]},"faces":{"south":{"uv":[5.5064955,9.484212,6.7496,11.0044985],"rotation":270,"texture":"#3","tintindex":0},"north":{"uv":[5.5064955,9.484212,6.7496,11.0044985],"rotation":270,"texture":"#3","tintindex":0},"down":{"uv":[2.9444084,6.875965,9.168628,8.421742],"rotation":270,"texture":"#3","tintindex":0},"east":{"uv":[2.994042,6.8719015,9.190449,8.393833],"rotation":0,"texture":"#3","tintindex":0},"west":{"uv":[2.9448178,6.866831,9.164431,8.41433],"rotation":180,"texture":"#3","tintindex":0},"up":{"uv":[2.9620156,6.8731217,9.173105,8.4187565],"rotation":270,"texture":"#3","tintindex":0}}}],"textures":{"3":"modelengine:entity/madera"},"display":{"head":{"translation":[0.0,-6.4,-57.55429],"scale":[4.0,4.0,4.0]}}}