{"elements":[{"from":[5.5161905,11.306667,14.849524],"to":[10.179048,15.740953,30.25524],"rotation":{"angle":0.0,"axis":"y","origin":[7.847619,13.523809,22.552382]},"faces":{"south":{"uv":[5.5108204,9.4733715,6.730787,11.010691],"rotation":270,"texture":"#4","tintindex":0},"north":{"uv":[5.5114717,9.473997,6.730386,11.011022],"rotation":270,"texture":"#4","tintindex":0},"down":{"uv":[2.910432,6.8982353,6.7652225,8.39253],"rotation":270,"texture":"#4","tintindex":0},"east":{"uv":[2.9126868,6.9111238,6.7735853,8.394114],"rotation":0,"texture":"#4","tintindex":0},"west":{"uv":[2.910589,6.893905,6.763614,8.389015],"rotation":180,"texture":"#4","tintindex":0},"up":{"uv":[2.931551,6.8968873,6.7669387,8.391114],"rotation":270,"texture":"#4","tintindex":0}}},{"from":[-6.826668,11.306667,-14.636192],"to":[-1.9352379,16.426666,30.712381],"rotation":{"angle":0.0,"axis":"y","origin":[-4.380953,13.866667,8.038095]},"faces":{"south":{"uv":[5.5108204,9.4733715,6.730787,11.010691],"rotation":270,"texture":"#4","tintindex":0},"north":{"uv":[5.5114717,9.473997,6.730386,11.011022],"rotation":270,"texture":"#4","tintindex":0},"down":{"uv":[2.910432,6.8982353,9.190372,8.39253],"rotation":270,"texture":"#4","tintindex":0},"east":{"uv":[2.9126868,6.9111238,9.198735,8.394114],"rotation":0,"texture":"#4","tintindex":0},"west":{"uv":[2.910589,6.893905,9.188765,8.389015],"rotation":180,"texture":"#4","tintindex":0},"up":{"uv":[2.931551,6.8968873,9.192088,8.391114],"rotation":270,"texture":"#4","tintindex":0}}},{"from":[17.859047,11.192381,-14.750479],"to":[22.750477,16.312382,30.826668],"rotation":{"angle":0.0,"axis":"y","origin":[20.304762,13.752381,8.038095]},"faces":{"south":{"uv":[5.5108204,9.4733715,6.730787,11.010691],"rotation":270,"texture":"#4","tintindex":0},"north":{"uv":[5.5114717,9.473997,6.730386,11.011022],"rotation":270,"texture":"#4","tintindex":0},"down":{"uv":[2.910432,6.8982353,9.190372,8.39253],"rotation":270,"texture":"#4","tintindex":0},"east":{"uv":[2.9126868,6.9111238,9.198735,8.394114],"rotation":0,"texture":"#4","tintindex":0},"west":{"uv":[2.910589,6.893905,9.188765,8.389015],"rotation":180,"texture":"#4","tintindex":0},"up":{"uv":[2.931551,6.8968873,9.192088,8.391114],"rotation":270,"texture":"#4","tintindex":0}}}],"textures":{"4":"modelengine:entity/madera"},"display":{"head":{"translation":[0.0,-6.4,0.0],"scale":[4.0,4.0,4.0]}}}