{"elements":[{"from":[2.1942825,2.925714,17.097143],"to":[32.0,7.817143,21.988571],"rotation":{"angle":0.0,"axis":"y","origin":[-7.8171463,8.0,8.685715]},"faces":{"south":{"uv":[2.9120178,6.8659644,8.12674,8.39733],"rotation":180,"texture":"#4","tintindex":0},"north":{"uv":[2.915303,6.8666444,8.128827,8.396594],"rotation":180,"texture":"#4","tintindex":0},"down":{"uv":[2.910432,6.897161,8.149532,8.432679],"rotation":0,"texture":"#4","tintindex":0},"east":{"uv":[5.5055013,9.518531,6.7556214,11.023743],"rotation":0,"texture":"#4","tintindex":0},"west":{"uv":[5.5034037,9.501312,6.7456503,11.018645],"rotation":180,"texture":"#4","tintindex":0},"up":{"uv":[2.931551,6.9191093,8.1334715,8.427533],"rotation":0,"texture":"#4","tintindex":0}}}],"textures":{"4":"modelengine:entity/madera"},"display":{"head":{"translation":[63.268585,-6.4,0.0],"scale":[4.0,4.0,4.0]}}}