{"elements":[{"from":[8.1828575,2.925714,3.3828564],"to":[28.617146,7.817143,8.274285],"rotation":{"angle":0.0,"axis":"y","origin":[8.0,8.0,8.0]},"faces":{"south":{"uv":[3.602274,6.8659644,9.168633,8.39733],"rotation":180,"texture":"#3","tintindex":0},"north":{"uv":[3.6063375,6.8666444,9.171215,8.396594],"rotation":180,"texture":"#3","tintindex":0},"down":{"uv":[3.6003122,6.897161,9.196829,8.432679],"rotation":0,"texture":"#3","tintindex":0},"east":{"uv":[6.8105087,9.518531,8.356954,11.023743],"rotation":0,"texture":"#3","tintindex":0},"west":{"uv":[6.807914,9.501312,8.344619,11.018645],"rotation":180,"texture":"#3","tintindex":0},"up":{"uv":[3.626437,6.9191093,9.17696,8.427533],"rotation":0,"texture":"#3","tintindex":0}}}],"textures":{"3":"modelengine:entity/madera"},"display":{"head":{"translation":[0.0,-6.4,0.0],"scale":[4.0,4.0,4.0]}}}