{"elements":[{"from":[-7.1314287,5.782857,-8.445715],"to":[-2.2400007,10.902857,26.160002],"rotation":{"angle":0.0,"axis":"y","origin":[27.06289,23.428572,-5.392209]},"faces":{"south":{"uv":[6.8170886,9.4733715,8.326232,11.010691],"rotation":270,"texture":"#3","tintindex":0},"north":{"uv":[6.817894,9.473997,8.325736,11.011022],"rotation":270,"texture":"#3","tintindex":0},"down":{"uv":[3.6003122,6.8982353,11.368831,8.39253],"rotation":270,"texture":"#3","tintindex":0},"east":{"uv":[3.6031013,6.9111238,11.379175,8.394114],"rotation":0,"texture":"#3","tintindex":0},"west":{"uv":[3.6005063,6.893905,11.366841,8.389015],"rotation":180,"texture":"#3","tintindex":0},"up":{"uv":[3.626437,6.8968873,11.370954,8.391114],"rotation":270,"texture":"#3","tintindex":0}}},{"from":[17.554287,5.0971427,-8.674286],"to":[22.445715,10.217143,26.160002],"rotation":{"angle":0.0,"axis":"y","origin":[51.748608,23.428572,-5.62078]},"faces":{"south":{"uv":[6.8170886,9.4733715,8.326232,11.010691],"rotation":270,"texture":"#3","tintindex":0},"north":{"uv":[6.817894,9.473997,8.325736,11.011022],"rotation":270,"texture":"#3","tintindex":0},"down":{"uv":[3.6003122,6.8982353,11.368831,8.39253],"rotation":270,"texture":"#3","tintindex":0},"east":{"uv":[3.6031013,6.9111238,11.379175,8.394114],"rotation":0,"texture":"#3","tintindex":0},"west":{"uv":[3.6005063,6.893905,11.366841,8.389015],"rotation":180,"texture":"#3","tintindex":0},"up":{"uv":[3.626437,6.8968873,11.370954,8.391114],"rotation":270,"texture":"#3","tintindex":0}}}],"textures":{"3":"modelengine:entity/madera"},"display":{"head":{"translation":[0.0,-6.4,0.0],"scale":[4.0,4.0,4.0]}}}