{"elements":[{"from":[5.5161905,11.306667,14.849524],"to":[10.179048,15.740953,30.25524],"rotation":{"angle":0.0,"axis":"y","origin":[7.847619,13.523809,22.552382]},"faces":{"south":{"uv":[6.8170886,9.4733715,8.326232,11.010691],"rotation":270,"texture":"#3","tintindex":0},"north":{"uv":[6.817894,9.473997,8.325736,11.011022],"rotation":270,"texture":"#3","tintindex":0},"down":{"uv":[3.6003122,6.8982353,8.368831,8.39253],"rotation":270,"texture":"#3","tintindex":0},"east":{"uv":[3.6031013,6.9111238,8.379175,8.394114],"rotation":0,"texture":"#3","tintindex":0},"west":{"uv":[3.6005063,6.893905,8.366841,8.389015],"rotation":180,"texture":"#3","tintindex":0},"up":{"uv":[3.626437,6.8968873,8.370954,8.391114],"rotation":270,"texture":"#3","tintindex":0}}},{"from":[-6.826668,11.306667,-14.636192],"to":[-1.9352379,16.426666,30.712381],"rotation":{"angle":0.0,"axis":"y","origin":[-4.380953,13.866667,8.038095]},"faces":{"south":{"uv":[6.8170886,9.4733715,8.326232,11.010691],"rotation":270,"texture":"#3","tintindex":0},"north":{"uv":[6.817894,9.473997,8.325736,11.011022],"rotation":270,"texture":"#3","tintindex":0},"down":{"uv":[3.6003122,6.8982353,11.368831,8.39253],"rotation":270,"texture":"#3","tintindex":0},"east":{"uv":[3.6031013,6.9111238,11.379175,8.394114],"rotation":0,"texture":"#3","tintindex":0},"west":{"uv":[3.6005063,6.893905,11.366841,8.389015],"rotation":180,"texture":"#3","tintindex":0},"up":{"uv":[3.626437,6.8968873,11.370954,8.391114],"rotation":270,"texture":"#3","tintindex":0}}},{"from":[17.859047,11.192381,-14.750479],"to":[22.750477,16.312382,30.826668],"rotation":{"angle":0.0,"axis":"y","origin":[20.304762,13.752381,8.038095]},"faces":{"south":{"uv":[6.8170886,9.4733715,8.326232,11.010691],"rotation":270,"texture":"#3","tintindex":0},"north":{"uv":[6.817894,9.473997,8.325736,11.011022],"rotation":270,"texture":"#3","tintindex":0},"down":{"uv":[3.6003122,6.8982353,11.368831,8.39253],"rotation":270,"texture":"#3","tintindex":0},"east":{"uv":[3.6031013,6.9111238,11.379175,8.394114],"rotation":0,"texture":"#3","tintindex":0},"west":{"uv":[3.6005063,6.893905,11.366841,8.389015],"rotation":180,"texture":"#3","tintindex":0},"up":{"uv":[3.626437,6.8968873,11.370954,8.391114],"rotation":270,"texture":"#3","tintindex":0}}}],"textures":{"3":"modelengine:entity/madera"},"display":{"head":{"translation":[0.0,-6.4,0.0],"scale":[4.0,4.0,4.0]}}}