{"elements":[{"from":[-7.1314287,5.782857,-8.445715],"to":[-2.2400007,10.902857,26.160002],"rotation":{"angle":0.0,"axis":"y","origin":[27.06289,23.428572,-5.392209]},"faces":{"south":{"uv":[5.5108204,9.4733715,6.730787,11.010691],"rotation":270,"texture":"#4","tintindex":0},"north":{"uv":[5.5114717,9.473997,6.730386,11.011022],"rotation":270,"texture":"#4","tintindex":0},"down":{"uv":[2.910432,6.8982353,9.190372,8.39253],"rotation":270,"texture":"#4","tintindex":0},"east":{"uv":[2.9126868,6.9111238,9.198735,8.394114],"rotation":0,"texture":"#4","tintindex":0},"west":{"uv":[2.910589,6.893905,9.188765,8.389015],"rotation":180,"texture":"#4","tintindex":0},"up":{"uv":[2.931551,6.8968873,9.192088,8.391114],"rotation":270,"texture":"#4","tintindex":0}}},{"from":[17.554287,5.0971427,-8.674286],"to":[22.445715,10.217143,26.160002],"rotation":{"angle":0.0,"axis":"y","origin":[51.748608,23.428572,-5.62078]},"faces":{"south":{"uv":[5.5108204,9.4733715,6.730787,11.010691],"rotation":270,"texture":"#4","tintindex":0},"north":{"uv":[5.5114717,9.473997,6.730386,11.011022],"rotation":270,"texture":"#4","tintindex":0},"down":{"uv":[2.910432,6.8982353,9.190372,8.39253],"rotation":270,"texture":"#4","tintindex":0},"east":{"uv":[2.9126868,6.9111238,9.198735,8.394114],"rotation":0,"texture":"#4","tintindex":0},"west":{"uv":[2.910589,6.893905,9.188765,8.389015],"rotation":180,"texture":"#4","tintindex":0},"up":{"uv":[2.931551,6.8968873,9.192088,8.391114],"rotation":270,"texture":"#4","tintindex":0}}}],"textures":{"4":"modelengine:entity/madera"},"display":{"head":{"translation":[0.0,-6.4,0.0],"scale":[4.0,4.0,4.0]}}}