{"elements":[{"from":[8.354286,27.10857,16.465126],"to":[28.217144,32.0,21.356556],"rotation":{"angle":0.0,"axis":"y","origin":[17.828571,29.481104,18.97143]},"faces":{"south":{"uv":[2.9120178,6.8659644,7.41177,8.39733],"rotation":180,"texture":"#4","tintindex":0},"north":{"uv":[2.915303,6.8666444,7.4138565,8.396594],"rotation":180,"texture":"#4","tintindex":0},"down":{"uv":[2.910432,6.897161,7.4345627,8.432679],"rotation":0,"texture":"#4","tintindex":0},"east":{"uv":[5.5055013,9.518531,6.7556214,11.023743],"rotation":0,"texture":"#4","tintindex":0},"west":{"uv":[5.5034037,9.501312,6.7456503,11.018645],"rotation":180,"texture":"#4","tintindex":0},"up":{"uv":[2.931551,6.9191093,7.4185014,8.427533],"rotation":0,"texture":"#4","tintindex":0}}}],"textures":{"4":"modelengine:entity/madera"},"display":{"head":{"translation":[0.0,11.904154,0.0],"scale":[4.0,4.0,4.0]}}}