{"elements":[{"from":[5.5161905,11.306667,13.6],"to":[10.179048,15.740953,29.005716],"rotation":{"angle":0.0,"axis":"y","origin":[7.847619,13.523809,43.017143]},"faces":{"south":{"uv":[5.5047965,9.482894,6.7506466,11.02255],"rotation":270,"texture":"#3","tintindex":0},"north":{"uv":[5.5064955,9.484212,6.7496,11.023249],"rotation":270,"texture":"#3","tintindex":0},"down":{"uv":[2.9694083,6.894715,8.161442,8.359242],"rotation":270,"texture":"#3","tintindex":0},"east":{"uv":[2.975292,6.890651,8.245763,8.331333],"rotation":0,"texture":"#3","tintindex":0},"west":{"uv":[2.9698179,6.8855805,8.157246,8.35183],"rotation":180,"texture":"#3","tintindex":0},"up":{"uv":[2.9766114,6.891872,8.165919,8.3562565],"rotation":270,"texture":"#3","tintindex":0}}},{"from":[-6.826668,11.306667,-15.885712],"to":[-1.9352379,16.426666,29.462858],"rotation":{"angle":0.0,"axis":"y","origin":[-4.380953,13.866667,28.50286]},"faces":{"south":{"uv":[5.5064955,9.484212,6.7496,11.0044985],"rotation":270,"texture":"#3","tintindex":0},"north":{"uv":[5.5064955,9.484212,6.7496,11.0044985],"rotation":270,"texture":"#3","tintindex":0},"down":{"uv":[2.9694083,6.894715,9.168628,8.359242],"rotation":270,"texture":"#3","tintindex":0},"east":{"uv":[2.975292,6.890651,9.190449,8.331333],"rotation":0,"texture":"#3","tintindex":0},"west":{"uv":[2.9698179,6.8855805,9.164431,8.35183],"rotation":180,"texture":"#3","tintindex":0},"up":{"uv":[2.9620156,6.891872,9.173105,8.4187565],"rotation":270,"texture":"#3","tintindex":0}}},{"from":[17.859047,11.192381,-16.0],"to":[22.750477,16.312382,29.577145],"rotation":{"angle":0.0,"axis":"y","origin":[20.304762,13.752381,28.50286]},"faces":{"south":{"uv":[5.5064955,9.484212,6.7496,11.0044985],"rotation":270,"texture":"#3","tintindex":0},"north":{"uv":[5.5064955,9.484212,6.7496,11.0044985],"rotation":270,"texture":"#3","tintindex":0},"down":{"uv":[2.9694083,6.894715,9.168628,8.359242],"rotation":270,"texture":"#3","tintindex":0},"east":{"uv":[2.975292,6.890651,9.190449,8.331333],"rotation":0,"texture":"#3","tintindex":0},"west":{"uv":[2.9698179,6.8855805,9.164431,8.35183],"rotation":180,"texture":"#3","tintindex":0},"up":{"uv":[2.9620156,6.891872,9.173105,8.4187565],"rotation":270,"texture":"#3","tintindex":0}}}],"textures":{"3":"modelengine:entity/madera"},"display":{"head":{"translation":[0.0,-6.4,-81.859055],"scale":[4.0,4.0,4.0]}}}