{"elements":[{"from":[-11.360001,5.5542855,5.5542855],"to":[27.36,10.445715,10.445715],"rotation":{"angle":0.0,"axis":"y","origin":[8.0,8.0,8.0]},"faces":{"south":{"uv":[3.0091004,6.9451694,9.156915,8.369463],"rotation":0,"texture":"#3","tintindex":0},"north":{"uv":[3.001443,6.878112,9.148414,8.391875],"rotation":180,"texture":"#3","tintindex":0},"down":{"uv":[2.9813845,6.894715,9.173831,8.389967],"rotation":0,"texture":"#3","tintindex":0},"east":{"uv":[5.4923205,9.468009,6.729634,11.0069685],"rotation":90,"texture":"#3","tintindex":0},"west":{"uv":[5.5107985,9.502347,6.7353554,11.01717],"rotation":270,"texture":"#3","tintindex":0},"up":{"uv":[2.9260874,6.891872,9.180891,8.402587],"rotation":0,"texture":"#3","tintindex":0}}}],"textures":{"3":"modelengine:entity/madera"},"display":{"head":{"translation":[0.0,-6.4,0.0],"scale":[4.0,4.0,4.0]}}}