{"elements":[{"from":[-2.3314285,5.5542855,-15.954287],"to":[19.245716,10.445715,-11.062857],"rotation":{"angle":0.0,"axis":"y","origin":[8.457143,8.0,-13.508572]},"faces":{"south":{"uv":[2.975292,6.921901,9.190449,8.344619],"rotation":0,"texture":"#3","tintindex":0},"north":{"uv":[2.999244,6.890651,9.190449,8.375869],"rotation":0,"texture":"#3","tintindex":0},"down":{"uv":[2.975292,6.921901,9.190449,8.344619],"rotation":0,"texture":"#3","tintindex":0},"east":{"uv":[5.501901,9.466811,6.745052,11.029874],"rotation":0,"texture":"#3","tintindex":0},"west":{"uv":[5.5167866,9.472407,6.720232,10.99876],"rotation":180,"texture":"#3","tintindex":0},"up":{"uv":[2.975292,6.921901,9.190449,8.344619],"rotation":0,"texture":"#3","tintindex":0}}},{"from":[-10.445715,5.5542855,8.685715],"to":[-7.3828583,10.445715,13.577145],"rotation":{"angle":0.0,"axis":"y","origin":[-9.485716,8.0,11.13143]},"faces":{"south":{"uv":[2.8911228,6.8943563,4.245651,8.369993],"rotation":0,"texture":"#3","tintindex":0},"north":{"uv":[2.8911228,6.8943563,4.245651,8.369993],"rotation":0,"texture":"#3","tintindex":0},"down":{"uv":[2.8911228,6.8943563,4.245651,8.369993],"rotation":0,"texture":"#3","tintindex":0},"east":{"uv":[5.553398,9.521901,6.7402616,10.98676],"rotation":0,"texture":"#3","tintindex":0},"west":{"uv":[5.5191817,9.527497,6.713046,10.990377],"rotation":180,"texture":"#3","tintindex":0},"up":{"uv":[2.8911228,6.8943563,4.245651,8.369993],"rotation":0,"texture":"#3","tintindex":0}}},{"from":[-10.445715,5.5542855,-16.0],"to":[-7.3828583,10.445715,-11.10857],"rotation":{"angle":0.0,"axis":"y","origin":[-9.485716,8.0,-13.554287]},"faces":{"south":{"uv":[2.8911228,6.8943563,4.245651,8.369993],"rotation":0,"texture":"#3","tintindex":0},"north":{"uv":[2.8911228,6.8943563,4.245651,8.369993],"rotation":0,"texture":"#3","tintindex":0},"down":{"uv":[2.8911228,6.8943563,4.245651,8.369993],"rotation":0,"texture":"#3","tintindex":0},"east":{"uv":[5.553398,9.521901,6.7402616,10.98676],"rotation":0,"texture":"#3","tintindex":0},"west":{"uv":[5.5191817,9.527497,6.713046,10.990377],"rotation":180,"texture":"#3","tintindex":0},"up":{"uv":[2.8911228,6.8943563,4.245651,8.369993],"rotation":0,"texture":"#3","tintindex":0}}},{"from":[-2.3314285,5.5542855,8.685715],"to":[18.331429,10.445715,13.577145],"rotation":{"angle":0.0,"axis":"y","origin":[8.0,8.0,11.13143]},"faces":{"south":{"uv":[2.975292,6.921901,9.166496,8.362583],"rotation":0,"texture":"#3","tintindex":0},"north":{"uv":[2.975292,6.890651,9.190449,8.331333],"rotation":0,"texture":"#3","tintindex":0},"down":{"uv":[2.975292,6.921901,9.190449,8.362583],"rotation":0,"texture":"#3","tintindex":0},"east":{"uv":[5.553398,9.521901,6.7402616,10.98676],"rotation":0,"texture":"#3","tintindex":0},"west":{"uv":[5.5191817,9.527497,6.713046,10.990377],"rotation":180,"texture":"#3","tintindex":0},"up":{"uv":[2.975292,6.921901,9.190449,8.362583],"rotation":0,"texture":"#3","tintindex":0}}}],"textures":{"3":"modelengine:entity/madera"},"display":{"head":{"translation":[0.0,-6.4,-12.525719],"scale":[4.0,4.0,4.0]}}}