{"elements":[{"from":[-21.024,6.288,-10.960001],"to":[-5.92,9.712,-7.5360003],"rotation":{"angle":0.0,"axis":"y","origin":[-13.472,8.0,-9.247999]},"faces":{"south":{"uv":[2.975292,6.921901,9.190449,8.344619],"rotation":0,"texture":"#3","tintindex":0},"north":{"uv":[2.999244,6.890651,9.190449,8.375869],"rotation":0,"texture":"#3","tintindex":0},"down":{"uv":[2.975292,6.921901,9.190449,8.344619],"rotation":0,"texture":"#3","tintindex":0},"east":{"uv":[5.501901,9.466811,6.745052,11.029874],"rotation":0,"texture":"#3","tintindex":0},"west":{"uv":[5.5167866,9.472407,6.720232,10.99876],"rotation":180,"texture":"#3","tintindex":0},"up":{"uv":[2.975292,6.921901,9.190449,8.344619],"rotation":0,"texture":"#3","tintindex":0}}},{"from":[28.256,6.288,6.288],"to":[32.0,9.712,9.712],"rotation":{"angle":0.0,"axis":"y","origin":[30.128002,8.0,8.0]},"faces":{"south":{"uv":[2.8911228,6.8943563,4.245651,8.369993],"rotation":0,"texture":"#3","tintindex":0},"north":{"uv":[2.8911228,6.8943563,4.245651,8.369993],"rotation":0,"texture":"#3","tintindex":0},"down":{"uv":[2.8911228,6.8943563,4.245651,8.369993],"rotation":0,"texture":"#3","tintindex":0},"east":{"uv":[5.553398,9.521901,6.7402616,10.98676],"rotation":0,"texture":"#3","tintindex":0},"west":{"uv":[5.5191817,9.527497,6.713046,10.990377],"rotation":180,"texture":"#3","tintindex":0},"up":{"uv":[2.8911228,6.8943563,4.245651,8.369993],"rotation":0,"texture":"#3","tintindex":0}}},{"from":[28.256,6.288,-10.832001],"to":[32.0,9.712,-7.408],"rotation":{"angle":0.0,"axis":"y","origin":[30.128002,8.0,-9.120001]},"faces":{"south":{"uv":[2.8911228,6.8943563,4.245651,8.369993],"rotation":0,"texture":"#3","tintindex":0},"north":{"uv":[2.8911228,6.8943563,4.245651,8.369993],"rotation":0,"texture":"#3","tintindex":0},"down":{"uv":[2.8911228,6.8943563,4.245651,8.369993],"rotation":0,"texture":"#3","tintindex":0},"east":{"uv":[5.553398,9.521901,6.7402616,10.98676],"rotation":0,"texture":"#3","tintindex":0},"west":{"uv":[5.5191817,9.527497,6.713046,10.990377],"rotation":180,"texture":"#3","tintindex":0},"up":{"uv":[2.8911228,6.8943563,4.245651,8.369993],"rotation":0,"texture":"#3","tintindex":0}}},{"from":[-26.703999,6.288,6.288],"to":[-24.560001,9.712,9.712],"rotation":{"angle":0.0,"axis":"y","origin":[-26.032001,8.0,8.0]},"faces":{"south":{"uv":[2.8911228,6.8943563,4.245651,8.369993],"rotation":0,"texture":"#3","tintindex":0},"north":{"uv":[2.8911228,6.8943563,4.245651,8.369993],"rotation":0,"texture":"#3","tintindex":0},"down":{"uv":[2.8911228,6.8943563,4.245651,8.369993],"rotation":0,"texture":"#3","tintindex":0},"east":{"uv":[5.553398,9.521901,6.7402616,10.98676],"rotation":0,"texture":"#3","tintindex":0},"west":{"uv":[5.5191817,9.527497,6.713046,10.990377],"rotation":180,"texture":"#3","tintindex":0},"up":{"uv":[2.8911228,6.8943563,4.245651,8.369993],"rotation":0,"texture":"#3","tintindex":0}}},{"from":[-26.703999,6.288,-10.992001],"to":[-24.560001,9.712,-7.568],"rotation":{"angle":0.0,"axis":"y","origin":[-26.032001,8.0,-9.280001]},"faces":{"south":{"uv":[2.8911228,6.8943563,4.245651,8.369993],"rotation":0,"texture":"#3","tintindex":0},"north":{"uv":[2.8911228,6.8943563,4.245651,8.369993],"rotation":0,"texture":"#3","tintindex":0},"down":{"uv":[2.8911228,6.8943563,4.245651,8.369993],"rotation":0,"texture":"#3","tintindex":0},"east":{"uv":[5.553398,9.521901,6.7402616,10.98676],"rotation":0,"texture":"#3","tintindex":0},"west":{"uv":[5.5191817,9.527497,6.713046,10.990377],"rotation":180,"texture":"#3","tintindex":0},"up":{"uv":[2.8911228,6.8943563,4.245651,8.369993],"rotation":0,"texture":"#3","tintindex":0}}},{"from":[-21.024,6.288,6.288],"to":[-6.5599995,9.712,9.712],"rotation":{"angle":0.0,"axis":"y","origin":[-13.792,8.0,8.0]},"faces":{"south":{"uv":[2.975292,6.921901,9.166496,8.362583],"rotation":0,"texture":"#3","tintindex":0},"north":{"uv":[2.975292,6.890651,9.190449,8.331333],"rotation":0,"texture":"#3","tintindex":0},"down":{"uv":[2.975292,6.921901,9.190449,8.362583],"rotation":0,"texture":"#3","tintindex":0},"east":{"uv":[5.553398,9.521901,6.7402616,10.98676],"rotation":0,"texture":"#3","tintindex":0},"west":{"uv":[5.5191817,9.527497,6.713046,10.990377],"rotation":180,"texture":"#3","tintindex":0},"up":{"uv":[2.975292,6.921901,9.190449,8.362583],"rotation":0,"texture":"#3","tintindex":0}}}],"textures":{"3":"modelengine:entity/madera"},"display":{"head":{"translation":[87.168,-6.4,0.0],"scale":[4.0,4.0,4.0]}}}