{"textures":{"4":"modelengine:entity/ladrillo_piedra_liza"},"elements":[{"from":[7.85,7.8500004,5.254999],"to":[8.15,8.15,10.745001],"faces":{"east":{"uv":[8.10025,8.749875,16.0,8.10025],"tintindex":0,"rotation":0,"texture":"#4"},"south":{"uv":[8.10025,8.749875,16.0,8.10025],"tintindex":0,"rotation":0,"texture":"#4"},"north":{"uv":[8.10025,8.749875,16.0,8.10025],"tintindex":0,"rotation":0,"texture":"#4"},"west":{"uv":[8.10025,8.749875,16.0,8.10025],"tintindex":0,"rotation":0,"texture":"#4"},"up":{"uv":[8.10025,8.749875,16.0,8.10025],"tintindex":0,"rotation":0,"texture":"#4"},"down":{"uv":[8.10025,8.749875,16.0,8.10025],"tintindex":0,"rotation":0,"texture":"#4"}}}],"display":{"gui":{"rotation":[30,225,0]}}}