{"textures":{"1":"modelengine:entity/bloqueslizos"},"elements":[{"from":[7.3999977,6.799999,6.649994],"to":[8.599998,9.200001,9.349998],"faces":{"east":{"uv":[5.227314,10.391502,10.731771,15.971226],"tintindex":0,"rotation":0,"texture":"#1"},"south":{"uv":[9.468892,11.462215,10.696386,15.004552],"tintindex":0,"rotation":0,"texture":"#1"},"north":{"uv":[9.444613,11.510774,10.744945,15.004552],"tintindex":0,"rotation":0,"texture":"#1"},"west":{"uv":[5.227314,10.391502,10.731771,15.971226],"tintindex":0,"rotation":0,"texture":"#1"},"up":{"uv":[5.195751,11.443826,6.4742317,15.005946],"tintindex":0,"rotation":180,"texture":"#1"},"down":{"uv":[9.633991,10.775114,9.938875,11.093532],"tintindex":0,"rotation":0,"texture":"#1"}}}],"display":{"gui":{"rotation":[30,225,0]}}}