{"textures":{"4":"modelengine:entity/ladrillo_piedra_liza"},"elements":[{"from":[6.9545,7.1966934,7.8467026],"to":[7.5545,8.996693,8.146698],"faces":{"east":{"uv":[0.0,0.0125,13.465664,1.0345864],"tintindex":0,"rotation":0,"texture":"#4"},"south":{"uv":[0.120300755,0.0125,13.465664,1.0345864],"tintindex":0,"rotation":0,"texture":"#4"},"north":{"uv":[0.0,0.0125,13.465664,1.0345864],"tintindex":0,"rotation":0,"texture":"#4"},"west":{"uv":[0.0,0.0125,13.465664,1.0345864],"tintindex":0,"rotation":0,"texture":"#4"},"up":{"uv":[0.0,0.003125,13.465664,1.0345864],"tintindex":0,"rotation":0,"texture":"#4"},"down":{"uv":[0.0,0.003125,13.465664,1.0345864],"tintindex":0,"rotation":0,"texture":"#4"}}},{"from":[6.9515,8.503311,7.8599014],"to":[9.0515,9.10331,8.1599045],"faces":{"east":{"uv":[0.0,0.20498121,13.465664,1.0345864],"tintindex":0,"rotation":0,"texture":"#4"},"south":{"uv":[0.0,0.20498121,13.465664,1.0345864],"tintindex":0,"rotation":0,"texture":"#4"},"north":{"uv":[0.0,0.20498121,13.465664,1.0345864],"tintindex":0,"rotation":0,"texture":"#4"},"west":{"uv":[0.0,0.20498121,13.465664,1.0345864],"tintindex":0,"rotation":0,"texture":"#4"},"up":{"uv":[0.0,0.1956062,13.465664,1.0345864],"tintindex":0,"rotation":0,"texture":"#4"},"down":{"uv":[0.0,0.1956062,13.465664,1.0345864],"tintindex":0,"rotation":0,"texture":"#4"}}},{"from":[8.4545,7.1966934,7.8467026],"to":[9.0545,8.996693,8.146698],"faces":{"east":{"uv":[0.0,0.2531015,13.465664,1.275188],"tintindex":0,"rotation":0,"texture":"#4"},"south":{"uv":[0.0,0.0125,13.465664,1.0345864],"tintindex":0,"rotation":0,"texture":"#4"},"north":{"uv":[0.0,0.0125,13.465664,1.0345864],"tintindex":0,"rotation":0,"texture":"#4"},"west":{"uv":[0.0,0.0125,13.465664,1.0345864],"tintindex":0,"rotation":0,"texture":"#4"},"up":{"uv":[0.0,0.003125,13.465664,1.0345864],"tintindex":0,"rotation":0,"texture":"#4"},"down":{"uv":[0.0,0.003125,13.465664,1.0345864],"tintindex":0,"rotation":0,"texture":"#4"}}},{"from":[6.9395,6.703308,7.8467026],"to":[9.0395,7.3033104,8.146698],"faces":{"east":{"uv":[0.0,0.20498121,13.465664,1.0345864],"tintindex":0,"rotation":0,"texture":"#4"},"south":{"uv":[0.0,0.20498121,13.465664,1.0345864],"tintindex":0,"rotation":0,"texture":"#4"},"north":{"uv":[0.0,0.20498121,13.465664,1.0345864],"tintindex":0,"rotation":0,"texture":"#4"},"west":{"uv":[0.0,0.20498121,13.465664,1.0345864],"tintindex":0,"rotation":0,"texture":"#4"},"up":{"uv":[0.0,0.1956062,13.465664,1.0345864],"tintindex":0,"rotation":0,"texture":"#4"},"down":{"uv":[0.0,0.1956062,13.465664,1.0345864],"tintindex":0,"rotation":0,"texture":"#4"}}}],"display":{"gui":{"rotation":[30,225,0]}}}