{"textures":{"4":"modelengine:entity/ladrillo_piedra_liza"},"elements":[{"from":[7.85,8.149998,7.6624985],"to":[8.15,8.449997,8.472496],"faces":{"east":{"uv":[8.10025,8.10025,16.0,8.749875],"tintindex":0,"rotation":0,"texture":"#4"},"south":{"uv":[8.10025,8.10025,16.0,8.749875],"tintindex":0,"rotation":0,"texture":"#4"},"north":{"uv":[8.10025,8.10025,16.0,8.749875],"tintindex":0,"rotation":0,"texture":"#4"},"west":{"uv":[8.10025,8.10025,16.0,8.749875],"tintindex":0,"rotation":0,"texture":"#4"},"up":{"uv":[8.10025,8.10025,16.0,8.749875],"tintindex":0,"rotation":0,"texture":"#4"},"down":{"uv":[8.10025,8.10025,16.0,8.749875],"tintindex":0,"rotation":0,"texture":"#4"}}},{"from":[7.85,7.549999,7.6624985],"to":[8.15,7.8499985,8.202499],"faces":{"east":{"uv":[8.10025,8.10025,16.0,8.749875],"tintindex":0,"rotation":0,"texture":"#4"},"south":{"uv":[8.10025,8.10025,16.0,8.749875],"tintindex":0,"rotation":0,"texture":"#4"},"north":{"uv":[8.10025,8.10025,16.0,8.749875],"tintindex":0,"rotation":0,"texture":"#4"},"west":{"uv":[8.10025,8.10025,16.0,8.749875],"tintindex":0,"rotation":0,"texture":"#4"},"up":{"uv":[8.10025,8.10025,16.0,8.749875],"tintindex":0,"rotation":0,"texture":"#4"},"down":{"uv":[8.10025,8.10025,16.0,8.749875],"tintindex":0,"rotation":0,"texture":"#4"}}}],"display":{"gui":{"rotation":[30,225,0]}}}