{"textures":{"4":"modelengine:entity/ladrillo_piedra_liza"},"elements":[{"from":[2.7292457,-6.77,-8.654213],"to":[14.369246,8.470001,25.185787],"faces":{"east":{"uv":[0.0,0.0,16.0,7.93985],"tintindex":0,"rotation":0,"texture":"#4"},"south":{"uv":[0.0,0.0,16.0,7.93985],"tintindex":0,"rotation":0,"texture":"#4"},"north":{"uv":[0.0,1.0827068,16.0,7.93985],"tintindex":0,"rotation":0,"texture":"#4"},"west":{"uv":[5.9670424,14.926144,2.90625,14.008537],"tintindex":0,"rotation":0,"texture":"#4"},"up":{"uv":[6.817043,14.957394,0.0,13.977287],"tintindex":0,"rotation":0,"texture":"#4"},"down":{"uv":[0.0,0.120300755,16.0,7.93985],"tintindex":0,"rotation":0,"texture":"#4"}},"rotation":{"origin":[71.4026,-6.049999,25.249237],"angle":0.0,"axis":"x"}},{"from":[2.7292457,8.23,-8.654213],"to":[14.369246,24.07,25.185787],"faces":{"east":{"uv":[0.0,0.0,16.0,7.93985],"tintindex":0,"rotation":0,"texture":"#4"},"south":{"uv":[0.0,0.160401,16.0,7.93985],"tintindex":0,"rotation":0,"texture":"#4"},"north":{"uv":[0.0,0.0,16.0,7.93985],"tintindex":0,"rotation":0,"texture":"#4"},"west":{"uv":[5.9670424,14.96875,2.90625,14.008537],"tintindex":0,"rotation":0,"texture":"#4"},"up":{"uv":[0.0,0.0,16.0,8.10025],"tintindex":0,"rotation":270,"texture":"#4"},"down":{"uv":[6.817043,14.957394,0.0,13.977287],"tintindex":0,"rotation":0,"texture":"#4"}},"rotation":{"origin":[71.4026,11.950001,25.249237],"angle":0.0,"axis":"x"}},{"from":[0.48159644,-9.77,-9.45155],"to":[8.521597,0.06999923,26.18845],"faces":{"east":{"uv":[0.0,0.0,16.0,7.93985],"tintindex":0,"rotation":0,"texture":"#4"},"south":{"uv":[0.0,0.0,16.0,7.93985],"tintindex":0,"rotation":0,"texture":"#4"},"north":{"uv":[0.0,0.0,16.0,7.93985],"tintindex":0,"rotation":0,"texture":"#4"},"west":{"uv":[14.756892,7.418546,0.0,0.0],"tintindex":0,"rotation":0,"texture":"#4"},"up":{"uv":[0.0,0.0,16.0,8.10025],"tintindex":0,"rotation":270,"texture":"#4"},"down":{"uv":[1.0025063,7.859649,14.917294,1.1629072],"tintindex":0,"rotation":90,"texture":"#4"}},"rotation":{"origin":[68.4026,16.75,21.649231],"angle":0.0,"axis":"x"}},{"from":[0.48142192,15.43,-9.451607],"to":[8.521422,25.269997,24.988392],"faces":{"east":{"uv":[0.0,0.0,16.0,7.93985],"tintindex":0,"rotation":0,"texture":"#4"},"south":{"uv":[0.0,0.0,16.0,7.93985],"tintindex":0,"rotation":0,"texture":"#4"},"north":{"uv":[0.0,0.0,16.0,7.93985],"tintindex":0,"rotation":0,"texture":"#4"},"west":{"uv":[15.037594,0.0,1.0025063,7.5789475],"tintindex":0,"rotation":0,"texture":"#4"},"up":{"uv":[0.0,0.0,16.0,8.10025],"tintindex":0,"rotation":270,"texture":"#4"},"down":{"uv":[0.0,0.0,16.0,7.93985],"tintindex":0,"rotation":0,"texture":"#4"}},"rotation":{"origin":[71.4026,11.349998,24.049232],"angle":0.0,"axis":"x"}},{"from":[9.929245,-4.9700007,-5.05421],"to":[16.769245,20.470001,20.385792],"faces":{"east":{"uv":[0.0,0.0,16.0,7.93985],"tintindex":0,"rotation":0,"texture":"#4"},"south":{"uv":[0.0,0.160401,16.0,7.93985],"tintindex":0,"rotation":0,"texture":"#4"},"north":{"uv":[0.0,0.0,16.0,7.93985],"tintindex":0,"rotation":0,"texture":"#4"},"west":{"uv":[0.0,6.857143,16.0,7.93985],"tintindex":0,"rotation":0,"texture":"#4"},"up":{"uv":[0.0,0.160401,16.0,8.10025],"tintindex":0,"rotation":270,"texture":"#4"},"down":{"uv":[0.0,0.0802005,16.0,7.93985],"tintindex":0,"rotation":0,"texture":"#4"}},"rotation":{"origin":[71.4026,11.950001,25.249237],"angle":0.0,"axis":"x"}},{"from":[5.1292453,-4.9700007,-5.05421],"to":[11.969246,20.470001,20.385792],"faces":{"east":{"uv":[0.0,0.0,16.0,7.93985],"tintindex":0,"rotation":0,"texture":"#4"},"south":{"uv":[0.0,0.0,16.0,7.93985],"tintindex":0,"rotation":0,"texture":"#4"},"north":{"uv":[0.0,0.0,16.0,7.93985],"tintindex":0,"rotation":0,"texture":"#4"},"west":{"uv":[7.7794485,9.223058,7.378446,11.749373],"tintindex":0,"rotation":0,"texture":"#4"},"up":{"uv":[0.0,0.0,16.0,8.10025],"tintindex":0,"rotation":270,"texture":"#4"},"down":{"uv":[0.0,0.0,16.0,7.93985],"tintindex":0,"rotation":0,"texture":"#4"}},"rotation":{"origin":[71.4026,11.950001,25.249237],"angle":0.0,"axis":"x"}}],"display":{"gui":{"rotation":[30,225,0]}}}