{"textures":{"5":"modelengine:entity/oak_wood"},"elements":[{"from":[-8.466715,-11.404591,-0.77767754],"to":[-8.391716,-2.4045906,3.722323],"faces":{"east":{"uv":[0.0,11.5,8.875,13.875],"tintindex":0,"rotation":270,"texture":"#5"},"south":{"uv":[0.0,11.5,8.875,13.875],"tintindex":0,"rotation":270,"texture":"#5"},"north":{"uv":[0.0,11.5,8.875,13.875],"tintindex":0,"rotation":270,"texture":"#5"},"west":{"uv":[0.0,11.5,8.875,13.875],"tintindex":0,"rotation":270,"texture":"#5"},"up":{"uv":[0.0,11.5,8.344512,13.875],"tintindex":0,"rotation":270,"texture":"#5"},"down":{"uv":[0.0,11.5,8.344512,13.875],"tintindex":0,"rotation":270,"texture":"#5"}}}],"display":{"gui":{"rotation":[30,225,0]}}}