{"textures":{"5":"modelengine:entity/oak_wood"},"elements":[{"from":[-8.091715,-14.254593,-2.2776775],"to":[-8.016716,2.245407,2.222323],"faces":{"east":{"uv":[0.0,10.6875,8.875,15.6875],"tintindex":0,"rotation":270,"texture":"#5"},"south":{"uv":[0.0,10.6875,8.875,15.6875],"tintindex":0,"rotation":270,"texture":"#5"},"north":{"uv":[0.0,10.6875,8.875,15.6875],"tintindex":0,"rotation":270,"texture":"#5"},"west":{"uv":[0.0,10.6875,8.875,15.6875],"tintindex":0,"rotation":270,"texture":"#5"},"up":{"uv":[0.0,10.6875,8.344512,15.6875],"tintindex":0,"rotation":270,"texture":"#5"},"down":{"uv":[0.0,10.6875,8.344512,15.6875],"tintindex":0,"rotation":270,"texture":"#5"}}}],"display":{"gui":{"rotation":[30,225,0]}}}