{"textures":{"5":"modelengine:entity/oak_wood"},"elements":[{"from":[4.48375,4.715,11.390001],"to":[5.35375,11.285,11.960001],"faces":{"east":{"uv":[0.0109375,0.0625,0.021875,0.13125],"tintindex":0,"rotation":0,"texture":"#5"},"south":{"uv":[0.0859375,0.0625,0.103125,0.13125],"tintindex":0,"rotation":0,"texture":"#5"},"north":{"uv":[0.7421875,0.0625,0.759375,0.13125],"tintindex":0,"rotation":0,"texture":"#5"},"west":{"uv":[0.6671875,0.0625,0.678125,0.13125],"tintindex":0,"rotation":0,"texture":"#5"},"up":{"uv":[0.65625,0.0734375,0.6734375,0.084375],"tintindex":0,"rotation":0,"texture":"#5"},"down":{"uv":[1.25,0.0109375,1.2671875,0.021875],"tintindex":0,"rotation":0,"texture":"#5"}}},{"from":[4.48375,4.715,4.039999],"to":[5.65375,11.285,4.6100025],"faces":{"east":{"uv":[0.0109375,0.0625,0.021875,0.13125],"tintindex":0,"rotation":0,"texture":"#5"},"south":{"uv":[0.0859375,0.0625,0.103125,0.13125],"tintindex":0,"rotation":0,"texture":"#5"},"north":{"uv":[0.7421875,0.0625,0.759375,0.13125],"tintindex":0,"rotation":0,"texture":"#5"},"west":{"uv":[0.6671875,0.0625,0.678125,0.13125],"tintindex":0,"rotation":0,"texture":"#5"},"up":{"uv":[0.65625,0.0734375,0.6734375,0.084375],"tintindex":0,"rotation":0,"texture":"#5"},"down":{"uv":[1.25,0.0109375,1.2671875,0.021875],"tintindex":0,"rotation":0,"texture":"#5"}}},{"from":[26.683748,4.715,4.039999],"to":[27.85375,11.285,4.6100025],"faces":{"east":{"uv":[0.0109375,0.0625,0.021875,0.13125],"tintindex":0,"rotation":0,"texture":"#5"},"south":{"uv":[0.0859375,0.0625,0.103125,0.13125],"tintindex":0,"rotation":0,"texture":"#5"},"north":{"uv":[0.7421875,0.0625,0.759375,0.13125],"tintindex":0,"rotation":0,"texture":"#5"},"west":{"uv":[0.6671875,0.0625,0.678125,0.13125],"tintindex":0,"rotation":0,"texture":"#5"},"up":{"uv":[0.65625,0.0734375,0.6734375,0.084375],"tintindex":0,"rotation":0,"texture":"#5"},"down":{"uv":[1.25,0.0109375,1.2671875,0.021875],"tintindex":0,"rotation":0,"texture":"#5"}}},{"from":[-11.716251,4.715,11.390001],"to":[-10.846251,11.285,11.960001],"faces":{"east":{"uv":[0.0109375,0.0625,0.021875,0.13125],"tintindex":0,"rotation":0,"texture":"#5"},"south":{"uv":[0.0859375,0.0625,0.103125,0.13125],"tintindex":0,"rotation":0,"texture":"#5"},"north":{"uv":[0.7421875,0.0625,0.759375,0.13125],"tintindex":0,"rotation":0,"texture":"#5"},"west":{"uv":[0.6671875,0.0625,0.678125,0.13125],"tintindex":0,"rotation":0,"texture":"#5"},"up":{"uv":[0.65625,0.0734375,0.6734375,0.084375],"tintindex":0,"rotation":0,"texture":"#5"},"down":{"uv":[1.25,0.0109375,1.2671875,0.021875],"tintindex":0,"rotation":0,"texture":"#5"}}},{"from":[10.40875,4.715,4.039999],"to":[11.578751,11.285,4.6100025],"faces":{"east":{"uv":[0.0109375,0.0625,0.021875,0.13125],"tintindex":0,"rotation":0,"texture":"#5"},"south":{"uv":[0.0859375,0.0625,0.103125,0.13125],"tintindex":0,"rotation":0,"texture":"#5"},"north":{"uv":[0.7421875,0.0625,0.759375,0.13125],"tintindex":0,"rotation":0,"texture":"#5"},"west":{"uv":[0.6671875,0.0625,0.678125,0.13125],"tintindex":0,"rotation":0,"texture":"#5"},"up":{"uv":[0.65625,0.0734375,0.6734375,0.084375],"tintindex":0,"rotation":0,"texture":"#5"},"down":{"uv":[1.25,0.0109375,1.2671875,0.021875],"tintindex":0,"rotation":0,"texture":"#5"}}},{"from":[-5.7162504,4.715,4.039999],"to":[-4.5462494,11.285,4.6100025],"faces":{"east":{"uv":[0.0109375,0.0625,0.021875,0.13125],"tintindex":0,"rotation":0,"texture":"#5"},"south":{"uv":[0.0859375,0.0625,0.103125,0.13125],"tintindex":0,"rotation":0,"texture":"#5"},"north":{"uv":[0.7421875,0.0625,0.759375,0.13125],"tintindex":0,"rotation":0,"texture":"#5"},"west":{"uv":[0.6671875,0.0625,0.678125,0.13125],"tintindex":0,"rotation":0,"texture":"#5"},"up":{"uv":[0.65625,0.0734375,0.6734375,0.084375],"tintindex":0,"rotation":0,"texture":"#5"},"down":{"uv":[1.25,0.0109375,1.2671875,0.021875],"tintindex":0,"rotation":0,"texture":"#5"}}},{"from":[20.45875,4.715,4.039999],"to":[21.628752,11.285,4.6100025],"faces":{"east":{"uv":[0.0109375,0.0625,0.021875,0.13125],"tintindex":0,"rotation":0,"texture":"#5"},"south":{"uv":[0.0859375,0.0625,0.103125,0.13125],"tintindex":0,"rotation":0,"texture":"#5"},"north":{"uv":[0.7421875,0.0625,0.759375,0.13125],"tintindex":0,"rotation":0,"texture":"#5"},"west":{"uv":[0.6671875,0.0625,0.678125,0.13125],"tintindex":0,"rotation":0,"texture":"#5"},"up":{"uv":[0.65625,0.0734375,0.6734375,0.084375],"tintindex":0,"rotation":0,"texture":"#5"},"down":{"uv":[1.25,0.0109375,1.2671875,0.021875],"tintindex":0,"rotation":0,"texture":"#5"}}},{"from":[-5.41625,4.715,11.390001],"to":[-4.5462494,11.285,11.960001],"faces":{"east":{"uv":[0.0109375,0.0625,0.021875,0.13125],"tintindex":0,"rotation":0,"texture":"#5"},"south":{"uv":[0.0859375,0.0625,0.103125,0.13125],"tintindex":0,"rotation":0,"texture":"#5"},"north":{"uv":[0.7421875,0.0625,0.759375,0.13125],"tintindex":0,"rotation":0,"texture":"#5"},"west":{"uv":[0.6671875,0.0625,0.678125,0.13125],"tintindex":0,"rotation":0,"texture":"#5"},"up":{"uv":[0.65625,0.0734375,0.6734375,0.084375],"tintindex":0,"rotation":0,"texture":"#5"},"down":{"uv":[1.25,0.0109375,1.2671875,0.021875],"tintindex":0,"rotation":0,"texture":"#5"}}},{"from":[10.63375,4.715,11.390001],"to":[11.50375,11.285,11.960001],"faces":{"east":{"uv":[0.0109375,0.0625,0.021875,0.13125],"tintindex":0,"rotation":0,"texture":"#5"},"south":{"uv":[0.0859375,0.0625,0.103125,0.13125],"tintindex":0,"rotation":0,"texture":"#5"},"north":{"uv":[0.7421875,0.0625,0.759375,0.13125],"tintindex":0,"rotation":0,"texture":"#5"},"west":{"uv":[0.6671875,0.0625,0.678125,0.13125],"tintindex":0,"rotation":0,"texture":"#5"},"up":{"uv":[0.65625,0.0734375,0.6734375,0.084375],"tintindex":0,"rotation":0,"texture":"#5"},"down":{"uv":[1.25,0.0109375,1.2671875,0.021875],"tintindex":0,"rotation":0,"texture":"#5"}}},{"from":[26.83375,4.715,11.390001],"to":[27.703749,11.285,11.960001],"faces":{"east":{"uv":[0.0109375,0.0625,0.021875,0.13125],"tintindex":0,"rotation":0,"texture":"#5"},"south":{"uv":[0.0859375,0.0625,0.103125,0.13125],"tintindex":0,"rotation":0,"texture":"#5"},"north":{"uv":[0.7421875,0.0625,0.759375,0.13125],"tintindex":0,"rotation":0,"texture":"#5"},"west":{"uv":[0.6671875,0.0625,0.678125,0.13125],"tintindex":0,"rotation":0,"texture":"#5"},"up":{"uv":[0.65625,0.0734375,0.6734375,0.084375],"tintindex":0,"rotation":0,"texture":"#5"},"down":{"uv":[1.25,0.0109375,1.2671875,0.021875],"tintindex":0,"rotation":0,"texture":"#5"}}},{"from":[20.45875,4.715,11.390001],"to":[21.32875,11.285,11.960001],"faces":{"east":{"uv":[0.0109375,0.0625,0.021875,0.13125],"tintindex":0,"rotation":0,"texture":"#5"},"south":{"uv":[0.0859375,0.0625,0.103125,0.13125],"tintindex":0,"rotation":0,"texture":"#5"},"north":{"uv":[0.7421875,0.0625,0.759375,0.13125],"tintindex":0,"rotation":0,"texture":"#5"},"west":{"uv":[0.6671875,0.0625,0.678125,0.13125],"tintindex":0,"rotation":0,"texture":"#5"},"up":{"uv":[0.65625,0.0734375,0.6734375,0.084375],"tintindex":0,"rotation":0,"texture":"#5"},"down":{"uv":[1.25,0.0109375,1.2671875,0.021875],"tintindex":0,"rotation":0,"texture":"#5"}}},{"from":[-11.716251,4.715,4.039999],"to":[-10.546251,11.285,4.6100025],"faces":{"east":{"uv":[0.0109375,0.0625,0.021875,0.13125],"tintindex":0,"rotation":0,"texture":"#5"},"south":{"uv":[0.0859375,0.0625,0.103125,0.13125],"tintindex":0,"rotation":0,"texture":"#5"},"north":{"uv":[0.7421875,0.0625,0.759375,0.13125],"tintindex":0,"rotation":0,"texture":"#5"},"west":{"uv":[0.6671875,0.0625,0.678125,0.13125],"tintindex":0,"rotation":0,"texture":"#5"},"up":{"uv":[0.65625,0.0734375,0.6734375,0.084375],"tintindex":0,"rotation":0,"texture":"#5"},"down":{"uv":[1.25,0.0109375,1.2671875,0.021875],"tintindex":0,"rotation":0,"texture":"#5"}}}],"display":{"gui":{"rotation":[30,225,0]}}}