{"textures":{"2":"modelengine:entity/bloque_tronco","4":"modelengine:entity/ladrillo_piedra_liza"},"elements":[{"from":[-11.188749,7.7,5.237299],"to":[-10.903749,8.299999,7.937298],"faces":{"east":{"uv":[0.0,0.9546961,16.0,15.385635],"tintindex":0,"rotation":0,"texture":"#4"},"south":{"uv":[0.0,0.9546961,16.0,15.385635],"tintindex":0,"rotation":0,"texture":"#4"},"north":{"uv":[0.160401,0.9546961,0.8822055,6.683881],"tintindex":0,"rotation":0,"texture":"#4"},"west":{"uv":[0.24060151,0.9546961,1.0426065,6.6036806],"tintindex":0,"rotation":0,"texture":"#4"},"up":{"uv":[0.160401,0.9546961,0.8822055,6.683881],"tintindex":0,"rotation":0,"texture":"#4"},"down":{"uv":[0.160401,0.9546961,0.8822055,6.683881],"tintindex":0,"rotation":0,"texture":"#4"}}},{"from":[-11.50375,7.4,7.4627],"to":[-10.60375,8.6,11.3626995],"faces":{"east":{"uv":[4.5,5.86875,8.2,10.60625],"tintindex":0,"rotation":90,"texture":"#2"},"south":{"uv":[4.5,5.86875,8.8625,8.63125],"tintindex":0,"rotation":0,"texture":"#2"},"north":{"uv":[4.5,5.86875,8.8625,8.63125],"tintindex":0,"rotation":0,"texture":"#2"},"west":{"uv":[4.5,5.86875,8.2,10.60625],"tintindex":0,"rotation":90,"texture":"#2"},"up":{"uv":[4.5,5.86875,8.8625,8.66875],"tintindex":0,"rotation":0,"texture":"#2"},"down":{"uv":[4.5,5.86875,8.55,8.66875],"tintindex":0,"rotation":0,"texture":"#2"}}},{"from":[26.59625,7.4,7.4627],"to":[27.49625,8.6,11.3626995],"faces":{"east":{"uv":[4.5,5.86875,8.2,10.60625],"tintindex":0,"rotation":90,"texture":"#2"},"south":{"uv":[4.5,5.86875,8.8625,8.63125],"tintindex":0,"rotation":0,"texture":"#2"},"north":{"uv":[4.5,5.86875,8.8625,8.63125],"tintindex":0,"rotation":0,"texture":"#2"},"west":{"uv":[4.5,5.86875,8.325,10.60625],"tintindex":0,"rotation":90,"texture":"#2"},"up":{"uv":[4.5,5.86875,8.8625,8.66875],"tintindex":0,"rotation":0,"texture":"#2"},"down":{"uv":[4.5,5.86875,8.55,8.66875],"tintindex":0,"rotation":0,"texture":"#2"}}}],"display":{"gui":{"rotation":[30,225,0]}}}