{"textures":{"2":"modelengine:entity/bloque_tronco"},"elements":[{"from":[5.4125,-1.5573639,1.4060761],"to":[10.2125,19.742636,9.656076],"faces":{"east":{"uv":[6.909541,12.259617,5.536703,13.867679],"tintindex":0,"rotation":90,"texture":"#2"},"south":{"uv":[6.909541,12.259617,5.536703,13.867679],"tintindex":0,"rotation":90,"texture":"#2"},"north":{"uv":[6.909541,12.259617,5.536703,13.867679],"tintindex":0,"rotation":90,"texture":"#2"},"west":{"uv":[6.909541,12.259617,5.536703,13.867679],"tintindex":0,"rotation":90,"texture":"#2"},"up":{"uv":[6.909541,12.259617,5.536703,13.867679],"tintindex":0,"rotation":90,"texture":"#2"},"down":{"uv":[6.909541,12.259617,5.536703,13.867679],"tintindex":0,"rotation":90,"texture":"#2"}},"rotation":{"origin":[7.8125,11.642639,7.556076],"angle":-45.0,"axis":"x"}},{"from":[5.4125,-4.1073594,4.8560767],"to":[10.2125,17.042639,13.106077],"faces":{"east":{"uv":[6.909541,12.259617,5.536703,13.867679],"tintindex":0,"rotation":90,"texture":"#2"},"south":{"uv":[6.909541,12.259617,5.536703,13.867679],"tintindex":0,"rotation":90,"texture":"#2"},"north":{"uv":[6.909541,12.259617,5.536703,13.867679],"tintindex":0,"rotation":90,"texture":"#2"},"west":{"uv":[6.909541,12.259617,5.536703,13.867679],"tintindex":0,"rotation":90,"texture":"#2"},"up":{"uv":[6.909541,12.259617,5.536703,13.867679],"tintindex":0,"rotation":90,"texture":"#2"},"down":{"uv":[6.909541,12.259617,5.536703,13.867679],"tintindex":0,"rotation":90,"texture":"#2"}},"rotation":{"origin":[7.8125,8.642639,11.006077],"angle":45.0,"axis":"x"}},{"from":[6.6124997,3.542642,2.906076],"to":[10.8125,13.742636,13.106077],"faces":{"east":{"uv":[0.15625,0.0625,0.234375,0.140625],"tintindex":0,"rotation":0,"texture":"#2"},"south":{"uv":[0.21875,0.0625,0.25,0.140625],"tintindex":0,"rotation":0,"texture":"#2"},"north":{"uv":[0.125,0.0625,0.15625,0.140625],"tintindex":0,"rotation":0,"texture":"#2"},"west":{"uv":[0.25,0.0625,0.328125,0.140625],"tintindex":0,"rotation":0,"texture":"#2"},"up":{"uv":[0.15625,0.0625,0.1875,0.140625],"tintindex":0,"rotation":0,"texture":"#2"},"down":{"uv":[0.1875,0.0,0.21875,0.078125],"tintindex":0,"rotation":0,"texture":"#2"}}},{"from":[6.0125,2.942636,2.906076],"to":[9.912499,19.142637,13.106077],"faces":{"east":{"uv":[15.9248295,12.488354,12.613354,16.0],"tintindex":0,"rotation":0,"texture":"#2"},"south":{"uv":[6.909541,12.259617,5.536703,13.867679],"tintindex":0,"rotation":90,"texture":"#2"},"north":{"uv":[6.909541,12.259617,5.536703,13.867679],"tintindex":0,"rotation":90,"texture":"#2"},"west":{"uv":[15.9248295,12.488354,12.613354,16.0],"tintindex":0,"rotation":0,"texture":"#2"},"up":{"uv":[6.909541,12.259617,5.536703,13.867679],"tintindex":0,"rotation":90,"texture":"#2"},"down":{"uv":[6.909541,12.259617,5.536703,13.867679],"tintindex":0,"rotation":90,"texture":"#2"}}},{"from":[5.4125,0.54264224,-0.09392393],"to":[10.2125,16.742636,16.106077],"faces":{"east":{"uv":[15.886547,5.3483686,10.392589,10.965516],"tintindex":0,"rotation":0,"texture":"#2"},"south":{"uv":[6.909541,12.259617,5.536703,13.867679],"tintindex":0,"rotation":90,"texture":"#2"},"north":{"uv":[6.909541,12.259617,5.536703,13.867679],"tintindex":0,"rotation":90,"texture":"#2"},"west":{"uv":[10.348743,5.4159946,15.84871,10.937082],"tintindex":0,"rotation":0,"texture":"#2"},"up":{"uv":[6.909541,12.259617,5.536703,13.867679],"tintindex":0,"rotation":90,"texture":"#2"},"down":{"uv":[6.909541,12.259617,5.536703,13.867679],"tintindex":0,"rotation":90,"texture":"#2"}}},{"from":[6.0125,-1.8573593,2.906076],"to":[9.912499,4.742636,13.106077],"faces":{"east":{"uv":[15.9248295,16.0,12.613354,12.488354],"tintindex":0,"rotation":0,"texture":"#2"},"south":{"uv":[6.909541,12.259617,5.536703,13.867679],"tintindex":0,"rotation":90,"texture":"#2"},"north":{"uv":[6.909541,12.259617,5.536703,13.867679],"tintindex":0,"rotation":90,"texture":"#2"},"west":{"uv":[15.9248295,16.0,12.613354,12.488354],"tintindex":0,"rotation":0,"texture":"#2"},"up":{"uv":[6.909541,12.259617,5.536703,13.867679],"tintindex":0,"rotation":90,"texture":"#2"},"down":{"uv":[6.909541,12.259617,5.536703,13.867679],"tintindex":0,"rotation":90,"texture":"#2"}}},{"from":[6.0125,3.542642,11.906078],"to":[9.912499,13.742636,18.506077],"faces":{"east":{"uv":[12.550854,15.9248295,16.0,12.457104],"tintindex":0,"rotation":90,"texture":"#2"},"south":{"uv":[6.909541,12.259617,5.536703,13.867679],"tintindex":0,"rotation":90,"texture":"#2"},"north":{"uv":[2.7921093,12.7615795,8.188023,10.685707],"tintindex":0,"rotation":90,"texture":"#2"},"west":{"uv":[12.550854,15.9248295,16.0,12.457104],"tintindex":0,"rotation":90,"texture":"#2"},"up":{"uv":[6.909541,12.259617,5.536703,13.867679],"tintindex":0,"rotation":90,"texture":"#2"},"down":{"uv":[6.909541,12.259617,5.536703,13.867679],"tintindex":0,"rotation":90,"texture":"#2"}}},{"from":[6.0125,3.542642,-2.4939218],"to":[9.912499,13.742636,4.1060777],"faces":{"east":{"uv":[16.0,12.457104,12.550854,15.9248295],"tintindex":0,"rotation":90,"texture":"#2"},"south":{"uv":[2.8819423,12.671746,8.056914,10.709986],"tintindex":0,"rotation":90,"texture":"#2"},"north":{"uv":[6.909541,12.259617,5.536703,13.867679],"tintindex":0,"rotation":90,"texture":"#2"},"west":{"uv":[16.0,12.457104,12.550854,15.9248295],"tintindex":0,"rotation":90,"texture":"#2"},"up":{"uv":[7.847041,10.759617,2.9742033,12.867679],"tintindex":0,"rotation":90,"texture":"#2"},"down":{"uv":[2.7921093,12.7615795,8.188023,10.685707],"tintindex":0,"rotation":90,"texture":"#2"}}}],"display":{"gui":{"rotation":[30,225,0]}}}