{"textures":{"2":"modelengine:entity/bloque_tronco"},"elements":[{"from":[5.4125,0.51612246,-0.12043989],"to":[10.2125,16.716116,16.079561],"faces":{"east":{"uv":[15.886547,5.3483686,10.392589,10.965516],"tintindex":0,"rotation":0,"texture":"#2"},"south":{"uv":[6.909541,12.259617,5.536703,13.867679],"tintindex":0,"rotation":90,"texture":"#2"},"north":{"uv":[6.909541,12.259617,5.536703,13.867679],"tintindex":0,"rotation":90,"texture":"#2"},"west":{"uv":[10.348743,5.4159946,15.84871,10.937082],"tintindex":0,"rotation":0,"texture":"#2"},"up":{"uv":[6.909541,12.259617,5.536703,13.867679],"tintindex":0,"rotation":90,"texture":"#2"},"down":{"uv":[6.909541,12.259617,5.536703,13.867679],"tintindex":0,"rotation":90,"texture":"#2"}}},{"from":[6.0125003,-1.8838791,2.87956],"to":[9.912499,4.7161164,13.079561],"faces":{"east":{"uv":[15.9248295,16.0,12.613354,12.488354],"tintindex":0,"rotation":0,"texture":"#2"},"south":{"uv":[6.909541,12.259617,5.536703,13.867679],"tintindex":0,"rotation":90,"texture":"#2"},"north":{"uv":[6.909541,12.259617,5.536703,13.867679],"tintindex":0,"rotation":90,"texture":"#2"},"west":{"uv":[15.9248295,16.0,12.613354,12.488354],"tintindex":0,"rotation":0,"texture":"#2"},"up":{"uv":[6.909541,12.259617,5.536703,13.867679],"tintindex":0,"rotation":90,"texture":"#2"},"down":{"uv":[6.909541,12.259617,5.536703,13.867679],"tintindex":0,"rotation":90,"texture":"#2"}}},{"from":[5.4125,-4.133879,4.8295608],"to":[10.2125,17.016119,13.079561],"faces":{"east":{"uv":[6.909541,12.259617,5.536703,13.867679],"tintindex":0,"rotation":90,"texture":"#2"},"south":{"uv":[6.909541,12.259617,5.536703,13.867679],"tintindex":0,"rotation":90,"texture":"#2"},"north":{"uv":[6.909541,12.259617,5.536703,13.867679],"tintindex":0,"rotation":90,"texture":"#2"},"west":{"uv":[6.909541,12.259617,5.536703,13.867679],"tintindex":0,"rotation":90,"texture":"#2"},"up":{"uv":[6.909541,12.259617,5.536703,13.867679],"tintindex":0,"rotation":90,"texture":"#2"},"down":{"uv":[6.909541,12.259617,5.536703,13.867679],"tintindex":0,"rotation":90,"texture":"#2"}},"rotation":{"origin":[7.8125,8.616119,10.979561],"angle":45.0,"axis":"x"}},{"from":[6.0125003,3.5161223,-2.5204377],"to":[9.912499,13.716116,4.0795617],"faces":{"east":{"uv":[16.0,12.457104,12.550854,15.9248295],"tintindex":0,"rotation":90,"texture":"#2"},"south":{"uv":[2.8819423,12.671746,8.056914,10.709986],"tintindex":0,"rotation":90,"texture":"#2"},"north":{"uv":[6.909541,12.259617,5.536703,13.867679],"tintindex":0,"rotation":90,"texture":"#2"},"west":{"uv":[16.0,12.457104,12.550854,15.9248295],"tintindex":0,"rotation":90,"texture":"#2"},"up":{"uv":[7.847041,10.759617,2.9742033,12.867679],"tintindex":0,"rotation":90,"texture":"#2"},"down":{"uv":[2.7921093,12.7615795,8.188023,10.685707],"tintindex":0,"rotation":90,"texture":"#2"}}},{"from":[5.4125,-1.5838836,1.9795624],"to":[10.2125,19.716116,9.62956],"faces":{"east":{"uv":[6.909541,12.259617,5.536703,13.867679],"tintindex":0,"rotation":90,"texture":"#2"},"south":{"uv":[6.909541,12.259617,5.536703,13.867679],"tintindex":0,"rotation":90,"texture":"#2"},"north":{"uv":[2.9123547,10.699473,7.6710753,12.8007765],"tintindex":0,"rotation":270,"texture":"#2"},"west":{"uv":[6.909541,12.259617,5.536703,13.867679],"tintindex":0,"rotation":90,"texture":"#2"},"up":{"uv":[6.909541,12.259617,5.536703,13.867679],"tintindex":0,"rotation":90,"texture":"#2"},"down":{"uv":[6.909541,12.259617,5.536703,13.867679],"tintindex":0,"rotation":90,"texture":"#2"}},"rotation":{"origin":[7.8125,11.616119,7.52956],"angle":-45.0,"axis":"x"}},{"from":[6.6124997,3.5161223,2.87956],"to":[10.8125,13.716116,13.079561],"faces":{"east":{"uv":[0.15625,0.0625,0.234375,0.140625],"tintindex":0,"rotation":0,"texture":"#2"},"south":{"uv":[0.21875,0.0625,0.25,0.140625],"tintindex":0,"rotation":0,"texture":"#2"},"north":{"uv":[0.125,0.0625,0.15625,0.140625],"tintindex":0,"rotation":0,"texture":"#2"},"west":{"uv":[0.25,0.0625,0.328125,0.140625],"tintindex":0,"rotation":0,"texture":"#2"},"up":{"uv":[0.15625,0.0625,0.1875,0.140625],"tintindex":0,"rotation":0,"texture":"#2"},"down":{"uv":[0.1875,0.0,0.21875,0.078125],"tintindex":0,"rotation":0,"texture":"#2"}}},{"from":[6.0125003,3.5161223,11.879562],"to":[9.912499,13.716116,18.47956],"faces":{"east":{"uv":[12.550854,15.9248295,16.0,12.457104],"tintindex":0,"rotation":90,"texture":"#2"},"south":{"uv":[6.909541,12.259617,5.536703,13.867679],"tintindex":0,"rotation":90,"texture":"#2"},"north":{"uv":[2.7921093,12.7615795,8.188023,10.685707],"tintindex":0,"rotation":90,"texture":"#2"},"west":{"uv":[12.550854,15.9248295,16.0,12.457104],"tintindex":0,"rotation":90,"texture":"#2"},"up":{"uv":[6.909541,12.259617,5.536703,13.867679],"tintindex":0,"rotation":90,"texture":"#2"},"down":{"uv":[6.909541,12.259617,5.536703,13.867679],"tintindex":0,"rotation":90,"texture":"#2"}}},{"from":[6.0125003,2.9161162,2.87956],"to":[9.912499,19.116117,13.079561],"faces":{"east":{"uv":[15.9248295,12.488354,12.613354,16.0],"tintindex":0,"rotation":0,"texture":"#2"},"south":{"uv":[6.909541,12.259617,5.536703,13.867679],"tintindex":0,"rotation":90,"texture":"#2"},"north":{"uv":[6.909541,12.259617,5.536703,13.867679],"tintindex":0,"rotation":90,"texture":"#2"},"west":{"uv":[15.9248295,12.488354,12.613354,16.0],"tintindex":0,"rotation":0,"texture":"#2"},"up":{"uv":[6.909541,12.259617,5.536703,13.867679],"tintindex":0,"rotation":90,"texture":"#2"},"down":{"uv":[6.909541,12.259617,5.536703,13.867679],"tintindex":0,"rotation":90,"texture":"#2"}}}],"display":{"gui":{"rotation":[30,225,0]}}}