{"textures":{"1":"modelengine:entity/bloqueslizos"},"elements":[{"from":[6.9750004,-2.4249969,2.9750009],"to":[9.225,4.025003,13.025002],"faces":{"east":{"uv":[6.317318,13.40625,9.628794,9.894604],"tintindex":0,"rotation":0,"texture":"#1"},"south":{"uv":[1.8120922,9.6285095,5.0044956,11.71378],"tintindex":0,"rotation":270,"texture":"#1"},"north":{"uv":[0.36841807,9.451271,5.1617603,11.792413],"tintindex":0,"rotation":90,"texture":"#1"},"west":{"uv":[6.317318,13.40625,9.628794,9.894604],"tintindex":0,"rotation":0,"texture":"#1"},"up":{"uv":[5.227314,11.751764,0.1966616,9.6437025],"tintindex":0,"rotation":90,"texture":"#1"},"down":{"uv":[0.30740705,11.756933,5.102551,9.510167],"tintindex":0,"rotation":90,"texture":"#1"}}},{"from":[6.9750004,2.974997,11.975],"to":[9.225,13.025003,18.425001],"faces":{"east":{"uv":[6.254818,9.863354,9.703964,13.3310795],"tintindex":0,"rotation":90,"texture":"#1"},"south":{"uv":[0.37147194,9.7009,5.2793727,11.662661],"tintindex":0,"rotation":90,"texture":"#1"},"north":{"uv":[0.12139606,9.623207,5.517309,11.6990795],"tintindex":0,"rotation":90,"texture":"#1"},"west":{"uv":[6.254818,9.863354,9.703964,13.3310795],"tintindex":0,"rotation":90,"texture":"#1"},"up":{"uv":[5.1763277,11.805179,0.30349013,9.697117],"tintindex":0,"rotation":90,"texture":"#1"},"down":{"uv":[0.38846737,9.733536,5.576935,11.63217],"tintindex":0,"rotation":90,"texture":"#1"}}},{"from":[6.9750004,2.3749986,2.9750009],"to":[9.225,18.424997,13.025002],"faces":{"east":{"uv":[6.317318,9.894604,9.628794,13.40625],"tintindex":0,"rotation":0,"texture":"#1"},"south":{"uv":[0.15625,6.284949,4.840336,4.187538],"tintindex":0,"rotation":270,"texture":"#1"},"north":{"uv":[0.27435508,6.3587255,4.85404,4.4206185],"tintindex":0,"rotation":270,"texture":"#1"},"west":{"uv":[6.317318,9.894604,9.628794,13.40625],"tintindex":0,"rotation":0,"texture":"#1"},"up":{"uv":[5.1763277,11.805179,0.30349013,9.697117],"tintindex":0,"rotation":90,"texture":"#1"},"down":{"uv":[13.329287,9.437329,7.8582416,12.867982],"tintindex":0,"rotation":0,"texture":"#1"}}},{"from":[6.0750003,2.974997,2.9750009],"to":[8.625,13.025003,13.025002],"faces":{"east":{"uv":[0.328125,0.0625,0.25,0.140625],"tintindex":0,"rotation":0,"texture":"#1"},"south":{"uv":[0.25,0.0625,0.21875,0.140625],"tintindex":0,"rotation":0,"texture":"#1"},"north":{"uv":[0.15625,0.0625,0.125,0.140625],"tintindex":0,"rotation":0,"texture":"#1"},"west":{"uv":[0.234375,0.0625,0.15625,0.140625],"tintindex":0,"rotation":0,"texture":"#1"},"up":{"uv":[0.1875,0.0625,0.15625,0.140625],"tintindex":0,"rotation":0,"texture":"#1"},"down":{"uv":[0.21875,0.0,0.1875,0.078125],"tintindex":0,"rotation":0,"texture":"#1"}}},{"from":[6.675,-0.025003076,-0.02499926],"to":[9.825001,16.025003,16.025002],"faces":{"east":{"uv":[10.677997,5.2909946,5.1780305,10.812082],"tintindex":0,"rotation":0,"texture":"#1"},"south":{"uv":[0.2670713,11.806433,5.1229086,9.614573],"tintindex":0,"rotation":90,"texture":"#1"},"north":{"uv":[0.24164139,11.7382765,5.000362,9.636973],"tintindex":0,"rotation":270,"texture":"#1"},"west":{"uv":[5.221875,5.2233686,10.715834,10.840516],"tintindex":0,"rotation":0,"texture":"#1"},"up":{"uv":[5.1776004,9.689833,0.24164139,11.725582],"tintindex":0,"rotation":90,"texture":"#1"},"down":{"uv":[0.32218853,9.784522,5.139179,11.579481],"tintindex":0,"rotation":90,"texture":"#1"}}},{"from":[6.9750004,2.974997,-2.4250007],"to":[9.225,13.025003,4.024999],"faces":{"east":{"uv":[9.703964,13.3310795,6.254818,9.863354],"tintindex":0,"rotation":90,"texture":"#1"},"south":{"uv":[0.21122913,9.647486,5.3862014,11.609246],"tintindex":0,"rotation":90,"texture":"#1"},"north":{"uv":[0.12139606,9.623207,5.517309,11.6990795],"tintindex":0,"rotation":90,"texture":"#1"},"west":{"uv":[9.703964,13.3310795,6.254818,9.863354],"tintindex":0,"rotation":90,"texture":"#1"},"up":{"uv":[5.1763277,11.805179,0.30349013,9.697117],"tintindex":0,"rotation":90,"texture":"#1"},"down":{"uv":[0.12139606,9.623207,5.517309,11.6990795],"tintindex":0,"rotation":90,"texture":"#1"}}}],"display":{"gui":{"rotation":[30,225,0]}}}