{"textures":{"11":"modelengine:entity/tablones_pila","9":"modelengine:entity/vaya_pila","10":"modelengine:entity/estandarte"},"elements":[{"from":[7.5270004,0.6769991,7.9045005],"to":[9.122999,1.6729989,8.3005],"faces":{"east":{"uv":[0.0,0.0,1.3525,0.95875],"tintindex":0,"rotation":0,"texture":"#11"},"south":{"uv":[0.0,0.0,1.3525,0.95875],"tintindex":0,"rotation":0,"texture":"#11"},"north":{"uv":[0.0,0.0,1.3525,0.95875],"tintindex":0,"rotation":0,"texture":"#11"},"west":{"uv":[0.0,0.0,1.3525,0.95875],"tintindex":0,"rotation":0,"texture":"#11"},"up":{"uv":[0.0,0.0,1.3525,0.95875],"tintindex":0,"rotation":0,"texture":"#11"},"down":{"uv":[0.0,0.0,1.3525,0.95875],"tintindex":0,"rotation":0,"texture":"#11"}}},{"from":[7.5270004,-0.7229996,7.9045005],"to":[9.122999,0.27299976,8.3005],"faces":{"east":{"uv":[0.0,0.0,1.3525,0.95875],"tintindex":0,"rotation":0,"texture":"#11"},"south":{"uv":[0.0,0.0,1.3525,0.95875],"tintindex":0,"rotation":0,"texture":"#11"},"north":{"uv":[0.0,0.0,1.3525,0.95875],"tintindex":0,"rotation":0,"texture":"#11"},"west":{"uv":[0.0,0.0,1.3525,0.95875],"tintindex":0,"rotation":0,"texture":"#11"},"up":{"uv":[0.0,0.0,1.3525,0.95875],"tintindex":0,"rotation":0,"texture":"#11"},"down":{"uv":[0.0,0.0,1.3525,0.95875],"tintindex":0,"rotation":0,"texture":"#11"}}},{"from":[7.125,-1.125,7.702501],"to":[8.125,26.675001,8.5025],"faces":{"east":{"uv":[0.875,2.2368422,0.0,12.461153],"tintindex":0,"rotation":0,"texture":"#9"},"south":{"uv":[0.0,2.2368422,0.875,12.461153],"tintindex":0,"rotation":0,"texture":"#9"},"north":{"uv":[0.0,2.2368422,0.875,12.461153],"tintindex":0,"rotation":0,"texture":"#9"},"west":{"uv":[0.875,2.2368422,0.0,12.461153],"tintindex":0,"rotation":0,"texture":"#9"},"up":{"uv":[0.0,12.461153,0.875,2.2368422],"tintindex":0,"rotation":0,"texture":"#9"},"down":{"uv":[0.0,12.461153,0.875,2.2368422],"tintindex":0,"rotation":0,"texture":"#9"}}},{"from":[4.125,9.874997,7.6924996],"to":[11.325001,26.675001,7.6924996],"faces":{"east":{"uv":[0.32786885,0.0,15.737705,15.7827425],"tintindex":0,"rotation":0,"texture":"#10"},"south":{"uv":[0.32786885,0.0,15.737705,15.7827425],"tintindex":0,"rotation":0,"texture":"#10"},"north":{"uv":[0.32786885,0.0,15.737705,15.7827425],"tintindex":0,"rotation":0,"texture":"#10"},"west":{"uv":[0.32786885,0.0,15.737705,15.503469],"tintindex":0,"rotation":0,"texture":"#10"},"up":{"uv":[0.32786885,0.0,15.737705,15.503469],"tintindex":0,"rotation":0,"texture":"#10"},"down":{"uv":[0.6557377,0.0,15.672132,15.503469],"tintindex":0,"rotation":0,"texture":"#10"}}}],"display":{"gui":{"rotation":[30,225,0]}}}