{"textures":{"4":"modelengine:entity/ladrillo_piedra_liza"},"elements":[{"from":[7.85,7.850006,5.2249985],"to":[8.15,8.150002,10.775002],"faces":{"east":{"uv":[8.10025,8.749875,16.0,8.10025],"tintindex":0,"rotation":0,"texture":"#4"},"south":{"uv":[8.10025,8.749875,16.0,8.10025],"tintindex":0,"rotation":0,"texture":"#4"},"north":{"uv":[8.10025,8.749875,16.0,8.10025],"tintindex":0,"rotation":0,"texture":"#4"},"west":{"uv":[8.10025,8.749875,16.0,8.10025],"tintindex":0,"rotation":0,"texture":"#4"},"up":{"uv":[8.10025,8.749875,16.0,8.10025],"tintindex":0,"rotation":0,"texture":"#4"},"down":{"uv":[8.10025,8.749875,16.0,8.10025],"tintindex":0,"rotation":0,"texture":"#4"}}}],"display":{"gui":{"rotation":[30,225,0]}}}