{"textures":{"3":"modelengine:entity/madera"},"elements":[{"from":[0.4810648,-1.2550001,-13.228609],"to":[3.6910648,1.8050003,15.93139],"faces":{"east":{"uv":[2.975292,6.890651,9.190449,8.331333],"tintindex":0,"rotation":0,"texture":"#3"},"south":{"uv":[5.5047965,9.482894,6.7506466,11.02255],"tintindex":0,"rotation":270,"texture":"#3"},"north":{"uv":[5.5064955,9.484212,6.7496,11.023249],"tintindex":0,"rotation":270,"texture":"#3"},"west":{"uv":[2.9698179,6.8855805,9.164431,8.35183],"tintindex":0,"rotation":180,"texture":"#3"},"up":{"uv":[2.9766114,6.891872,9.173105,8.3562565],"tintindex":0,"rotation":270,"texture":"#3"},"down":{"uv":[2.9694083,6.894715,9.168628,8.359242],"tintindex":0,"rotation":270,"texture":"#3"}}},{"from":[16.681065,-1.7349997,-13.228609],"to":[19.891066,1.3249998,15.63139],"faces":{"east":{"uv":[2.975292,6.890651,9.190449,8.331333],"tintindex":0,"rotation":0,"texture":"#3"},"south":{"uv":[5.5047965,9.482894,6.7506466,11.02255],"tintindex":0,"rotation":270,"texture":"#3"},"north":{"uv":[5.5064955,9.484212,6.7496,11.023249],"tintindex":0,"rotation":270,"texture":"#3"},"west":{"uv":[2.9698179,6.8855805,9.164431,8.35183],"tintindex":0,"rotation":180,"texture":"#3"},"up":{"uv":[2.9766114,6.891872,9.173105,8.3562565],"tintindex":0,"rotation":270,"texture":"#3"},"down":{"uv":[2.9694083,6.894715,9.168628,8.359242],"tintindex":0,"rotation":270,"texture":"#3"}}}],"display":{"gui":{"rotation":[30,225,0]}}}