{"textures":{"11":"modelengine:entity/tablones_pila"},"elements":[{"from":[7.7,6.799999,7.669998],"to":[8.3,9.200001,8.330002],"faces":{"east":{"uv":[1.5625,0.5286649,2.7233388,0.3],"tintindex":0,"rotation":270,"texture":"#11"},"south":{"uv":[2.171709,1.183339,0.9375,1.4337233],"tintindex":0,"rotation":270,"texture":"#11"},"north":{"uv":[0.375,0.2947988,1.535839,0.5161458],"tintindex":0,"rotation":270,"texture":"#11"},"west":{"uv":[0.775,1.6828258,1.936638,1.470839],"tintindex":0,"rotation":270,"texture":"#11"},"up":{"uv":[1.5327997,0.2875,0.375,0.514101],"tintindex":0,"rotation":270,"texture":"#11"},"down":{"uv":[1.9608389,0.6375,0.8,0.862111],"tintindex":0,"rotation":270,"texture":"#11"}}}],"display":{"gui":{"rotation":[30,225,0]}}}