{"textures":{"2":"modelengine:entity/bloque_tronco"},"elements":[{"from":[7.699997,7.336212,0.20000458],"to":[8.299999,8.536213,8.600006],"faces":{"east":{"uv":[6.90625,5.86875,7.33125,10.3375],"tintindex":0,"rotation":0,"texture":"#2"},"south":{"uv":[6.90625,5.86875,7.33125,10.3375],"tintindex":0,"rotation":0,"texture":"#2"},"north":{"uv":[6.90625,5.86875,7.33125,10.3375],"tintindex":0,"rotation":0,"texture":"#2"},"west":{"uv":[6.90625,5.86875,7.33125,10.3375],"tintindex":0,"rotation":0,"texture":"#2"},"up":{"uv":[6.90625,5.86875,7.33125,10.375],"tintindex":0,"rotation":0,"texture":"#2"},"down":{"uv":[6.90625,5.86875,7.33125,10.375],"tintindex":0,"rotation":0,"texture":"#2"}}},{"from":[7.699997,7.463787,7.4000015],"to":[8.299999,8.663788,15.800003],"faces":{"east":{"uv":[6.90625,5.86875,7.33125,10.3375],"tintindex":0,"rotation":0,"texture":"#2"},"south":{"uv":[6.90625,5.86875,7.33125,10.3375],"tintindex":0,"rotation":0,"texture":"#2"},"north":{"uv":[6.90625,5.86875,7.33125,10.3375],"tintindex":0,"rotation":0,"texture":"#2"},"west":{"uv":[6.90625,5.86875,7.33125,10.3375],"tintindex":0,"rotation":0,"texture":"#2"},"up":{"uv":[6.90625,5.86875,7.33125,10.375],"tintindex":0,"rotation":0,"texture":"#2"},"down":{"uv":[6.90625,5.86875,7.33125,10.375],"tintindex":0,"rotation":0,"texture":"#2"}}}],"display":{"gui":{"rotation":[30,225,0]}}}