{"textures":{"11":"modelengine:entity/tablones_pila"},"elements":[{"from":[7.1,6.5,7.3700027],"to":[8.9,9.5,8.630005],"faces":{"east":{"uv":[0.0,0.5947988,1.383847,3.1293876],"tintindex":0,"rotation":180,"texture":"#11"},"south":{"uv":[2.546709,0.52083904,1.3125,0.77122337],"tintindex":0,"rotation":270,"texture":"#11"},"north":{"uv":[0.0,0.5947988,1.383847,3.1643877],"tintindex":0,"rotation":180,"texture":"#11"},"west":{"uv":[0.0,0.5947988,1.383847,3.1293876],"tintindex":0,"rotation":180,"texture":"#11"},"up":{"uv":[1.5327997,0.2875,0.375,0.514101],"tintindex":0,"rotation":270,"texture":"#11"},"down":{"uv":[2.1608388,0.2625,1.0,0.48711097],"tintindex":0,"rotation":270,"texture":"#11"}}}],"display":{"gui":{"rotation":[30,225,0]}}}