{"textures":{"4":"modelengine:entity/ladrillo_piedra_liza"},"elements":[{"from":[3.98,-9.619999,3.0799985],"to":[12.02,25.620003,12.919994],"faces":{"east":{"uv":[0.0,-8.881784E-16,14.676692,7.93985],"tintindex":0,"rotation":90,"texture":"#4"},"south":{"uv":[14.957394,7.819549,0.0,0.24060151],"tintindex":0,"rotation":90,"texture":"#4"},"north":{"uv":[0.0,0.0,16.0,7.93985],"tintindex":0,"rotation":0,"texture":"#4"},"west":{"uv":[14.877193,0.04010025,1.122807,7.5789475],"tintindex":0,"rotation":90,"texture":"#4"},"up":{"uv":[0.0,0.0,7.538847,8.10025],"tintindex":0,"rotation":270,"texture":"#4"},"down":{"uv":[0.0,7.97995,14.837092,0.20050125],"tintindex":0,"rotation":90,"texture":"#4"}}}],"display":{"gui":{"rotation":[30,225,0]}}}