{"textures":{"0":"modelengine:entity/tablones_fila"},"elements":[{"from":[6.8034897,1.4974575,7.10878],"to":[7.403488,11.097458,8.908775],"faces":{"east":{"uv":[1.7050245,5.625,11.931054,7.417925],"tintindex":0,"rotation":90,"texture":"#0"},"south":{"uv":[1.7050245,6.3375,11.931054,7.417925],"tintindex":0,"rotation":90,"texture":"#0"},"north":{"uv":[1.7050245,6.3375,11.931054,7.417925],"tintindex":0,"rotation":90,"texture":"#0"},"west":{"uv":[1.7050245,5.625,11.931054,7.417925],"tintindex":0,"rotation":90,"texture":"#0"},"up":{"uv":[2.069062,5.6817865,11.810469,7.3177595],"tintindex":0,"rotation":90,"texture":"#0"},"down":{"uv":[2.069062,5.6817865,11.810469,7.3177595],"tintindex":0,"rotation":90,"texture":"#0"}}},{"from":[6.7930183,11.105083,7.0824356],"to":[9.19302,11.705082,8.882439],"faces":{"east":{"uv":[1.7050245,5.625,3.6185539,7.386675],"tintindex":0,"rotation":90,"texture":"#0"},"south":{"uv":[5.1628118,6.40625,11.986285,7.4289074],"tintindex":0,"rotation":0,"texture":"#0"},"north":{"uv":[5.1628118,6.40625,11.986285,7.4289074],"tintindex":0,"rotation":0,"texture":"#0"},"west":{"uv":[1.7050245,5.625,3.6185539,7.386675],"tintindex":0,"rotation":90,"texture":"#0"},"up":{"uv":[5.1628118,5.5625,11.986285,7.4289074],"tintindex":0,"rotation":0,"texture":"#0"},"down":{"uv":[2.069062,5.5625,11.986285,7.4289074],"tintindex":0,"rotation":0,"texture":"#0"}}},{"from":[8.603489,1.4974575,7.10878],"to":[9.203491,11.097458,8.908775],"faces":{"east":{"uv":[1.7050245,5.625,11.931054,7.417925],"tintindex":0,"rotation":90,"texture":"#0"},"south":{"uv":[1.7050245,6.3375,11.931054,7.417925],"tintindex":0,"rotation":90,"texture":"#0"},"north":{"uv":[1.7050245,6.3375,11.931054,7.417925],"tintindex":0,"rotation":90,"texture":"#0"},"west":{"uv":[1.7050245,5.625,11.931054,7.417925],"tintindex":0,"rotation":90,"texture":"#0"},"up":{"uv":[2.069062,5.6817865,11.810469,7.3177595],"tintindex":0,"rotation":90,"texture":"#0"},"down":{"uv":[2.069062,5.6817865,11.810469,7.3177595],"tintindex":0,"rotation":90,"texture":"#0"}}}],"display":{"gui":{"rotation":[30,225,0]}}}