{"textures":{"6":"modelengine:entity/palanca"},"elements":[{"from":[5.3,6.950001,4.4000015],"to":[10.7,9.049999,11.599998],"faces":{"east":{"uv":[4.2209115,14.940482,11.833504,12.141106],"tintindex":0,"rotation":0,"texture":"#6"},"south":{"uv":[4.396783,12.066488,11.87309,14.886414],"tintindex":0,"rotation":0,"texture":"#6"},"north":{"uv":[4.182306,12.066488,11.830194,14.929309],"tintindex":0,"rotation":0,"texture":"#6"},"west":{"uv":[4.13941,14.940482,11.833504,12.184001],"tintindex":0,"rotation":0,"texture":"#6"},"up":{"uv":[4.396783,12.066488,6.906166,14.756032],"tintindex":0,"rotation":0,"texture":"#6"},"down":{"uv":[4.396783,12.066488,11.9116955,14.864067],"tintindex":0,"rotation":0,"texture":"#6"}}}],"display":{"gui":{"rotation":[30,225,0]}}}