{"textures":{"2":"modelengine:entity/bloque_tronco","4":"modelengine:entity/ladrillo_piedra_liza"},"elements":[{"from":[7.5475006,7.299999,0.7918167],"to":[8.147499,8.5,9.191818],"faces":{"east":{"uv":[6.90625,5.86875,7.33125,10.3375],"tintindex":0,"rotation":0,"texture":"#2"},"south":{"uv":[6.90625,5.86875,7.33125,10.3375],"tintindex":0,"rotation":0,"texture":"#2"},"north":{"uv":[6.90625,5.86875,7.33125,10.3375],"tintindex":0,"rotation":0,"texture":"#2"},"west":{"uv":[6.90625,5.86875,7.33125,10.3375],"tintindex":0,"rotation":0,"texture":"#2"},"up":{"uv":[6.90625,5.86875,7.33125,10.375],"tintindex":0,"rotation":0,"texture":"#2"},"down":{"uv":[6.90625,5.86875,7.33125,10.375],"tintindex":0,"rotation":0,"texture":"#2"}}},{"from":[7.5475006,6.700001,7.416359],"to":[8.147499,15.100002,8.616364],"faces":{"east":{"uv":[6.90625,5.86875,7.33125,10.3375],"tintindex":0,"rotation":0,"texture":"#2"},"south":{"uv":[6.90625,5.86875,7.33125,10.3375],"tintindex":0,"rotation":0,"texture":"#2"},"north":{"uv":[6.90625,5.86875,7.33125,10.3375],"tintindex":0,"rotation":0,"texture":"#2"},"west":{"uv":[6.90625,5.86875,7.33125,10.3375],"tintindex":0,"rotation":0,"texture":"#2"},"up":{"uv":[6.90625,5.86875,7.33125,10.375],"tintindex":0,"rotation":0,"texture":"#2"},"down":{"uv":[6.90625,5.86875,7.33125,10.375],"tintindex":0,"rotation":0,"texture":"#2"}}},{"from":[7.397499,4.6000023,4.391823],"to":[8.747501,11.200001,10.991821],"faces":{"east":{"uv":[1.1669173,0.8461153,9.842896,6.6981516],"tintindex":0,"rotation":0,"texture":"#4"},"south":{"uv":[0.0,8.260652,6.879433,8.899655],"tintindex":0,"rotation":0,"texture":"#4"},"north":{"uv":[0.0,8.140351,7.0237937,8.979856],"tintindex":0,"rotation":0,"texture":"#4"},"west":{"uv":[1.2631578,0.9263158,9.842896,6.6981516],"tintindex":0,"rotation":0,"texture":"#4"},"up":{"uv":[0.0,8.2205515,6.755122,8.75217],"tintindex":0,"rotation":0,"texture":"#4"},"down":{"uv":[0.0,8.2205515,6.8313127,8.82836],"tintindex":0,"rotation":0,"texture":"#4"}}},{"from":[7.5475006,1.2999992,7.416359],"to":[8.147499,9.700001,8.616364],"faces":{"east":{"uv":[6.90625,5.86875,7.33125,10.3375],"tintindex":0,"rotation":0,"texture":"#2"},"south":{"uv":[6.90625,5.86875,7.33125,10.3375],"tintindex":0,"rotation":0,"texture":"#2"},"north":{"uv":[6.90625,5.86875,7.33125,10.3375],"tintindex":0,"rotation":0,"texture":"#2"},"west":{"uv":[6.90625,5.86875,7.33125,10.3375],"tintindex":0,"rotation":0,"texture":"#2"},"up":{"uv":[6.90625,5.86875,7.33125,10.375],"tintindex":0,"rotation":0,"texture":"#2"},"down":{"uv":[6.90625,5.86875,7.33125,10.375],"tintindex":0,"rotation":0,"texture":"#2"}}},{"from":[7.5774994,5.799999,5.59182],"to":[9.3475,10.0,9.791817],"faces":{"east":{"uv":[0.0,0.0,12.813855,7.042544],"tintindex":0,"rotation":0,"texture":"#4"},"south":{"uv":[0.0,0.0,12.801199,7.042544],"tintindex":0,"rotation":0,"texture":"#4"},"north":{"uv":[0.0,0.0,12.801199,7.042544],"tintindex":0,"rotation":0,"texture":"#4"},"west":{"uv":[0.0,0.0,12.813855,7.042544],"tintindex":0,"rotation":0,"texture":"#4"},"up":{"uv":[0.0,0.0,12.801199,7.0394187],"tintindex":0,"rotation":0,"texture":"#4"},"down":{"uv":[0.0,0.0,12.801199,7.0394187],"tintindex":0,"rotation":0,"texture":"#4"}}},{"from":[7.5475006,7.299999,7.391823],"to":[8.147499,8.5,15.791817],"faces":{"east":{"uv":[6.90625,5.86875,6.95,5.875],"tintindex":0,"rotation":0,"texture":"#2"},"south":{"uv":[6.90625,5.86875,6.909375,5.875],"tintindex":0,"rotation":0,"texture":"#2"},"north":{"uv":[6.90625,5.86875,6.909375,5.875],"tintindex":0,"rotation":0,"texture":"#2"},"west":{"uv":[6.90625,5.86875,6.95,5.875],"tintindex":0,"rotation":0,"texture":"#2"},"up":{"uv":[6.90625,5.86875,6.909375,5.9125],"tintindex":0,"rotation":0,"texture":"#2"},"down":{"uv":[6.90625,5.86875,6.909375,5.9125],"tintindex":0,"rotation":0,"texture":"#2"}}}],"display":{"gui":{"rotation":[30,225,0]}}}