{"textures":{"2":"modelengine:entity/bloque_tronco","4":"modelengine:entity/ladrillo_piedra_liza"},"elements":[{"from":[6.7250023,5.8999977,5.5999985],"to":[8.525002,10.099998,9.799995],"faces":{"east":{"uv":[0.0,0.0,12.813855,7.042544],"tintindex":0,"rotation":0,"texture":"#4"},"south":{"uv":[0.0,0.0,12.801355,7.042544],"tintindex":0,"rotation":0,"texture":"#4"},"north":{"uv":[0.0,0.0,12.801355,7.042544],"tintindex":0,"rotation":0,"texture":"#4"},"west":{"uv":[0.0,0.0,12.813855,7.042544],"tintindex":0,"rotation":0,"texture":"#4"},"up":{"uv":[0.0,0.0,12.801355,7.0394187],"tintindex":0,"rotation":0,"texture":"#4"},"down":{"uv":[0.0,0.0,12.801355,7.0394187],"tintindex":0,"rotation":0,"texture":"#4"}}},{"from":[7.924999,7.3999977,7.4000015],"to":[8.525002,8.599998,15.799995],"faces":{"east":{"uv":[6.90625,5.86875,7.33125,10.3375],"tintindex":0,"rotation":0,"texture":"#2"},"south":{"uv":[6.90625,5.86875,7.33125,10.3375],"tintindex":0,"rotation":0,"texture":"#2"},"north":{"uv":[6.90625,5.86875,7.33125,10.3375],"tintindex":0,"rotation":0,"texture":"#2"},"west":{"uv":[6.90625,5.86875,7.33125,10.3375],"tintindex":0,"rotation":0,"texture":"#2"},"up":{"uv":[6.90625,5.86875,7.33125,10.375],"tintindex":0,"rotation":0,"texture":"#2"},"down":{"uv":[6.90625,5.86875,7.33125,10.375],"tintindex":0,"rotation":0,"texture":"#2"}}},{"from":[7.325001,4.700001,4.4000015],"to":[8.674999,11.299999,11.0],"faces":{"east":{"uv":[1.1669173,0.8461153,9.842896,6.6981516],"tintindex":0,"rotation":0,"texture":"#4"},"south":{"uv":[0.0,8.260652,6.879433,8.899655],"tintindex":0,"rotation":0,"texture":"#4"},"north":{"uv":[0.0,8.140351,7.0237937,8.979856],"tintindex":0,"rotation":0,"texture":"#4"},"west":{"uv":[1.2631578,0.9263158,9.842896,6.6981516],"tintindex":0,"rotation":0,"texture":"#4"},"up":{"uv":[0.0,8.2205515,6.755122,8.75217],"tintindex":0,"rotation":0,"texture":"#4"},"down":{"uv":[0.0,8.2205515,6.8313127,8.82836],"tintindex":0,"rotation":0,"texture":"#4"}}},{"from":[7.924999,7.3999977,0.7999954],"to":[8.525002,8.599998,9.199997],"faces":{"east":{"uv":[6.90625,5.86875,7.33125,10.3375],"tintindex":0,"rotation":0,"texture":"#2"},"south":{"uv":[6.90625,5.86875,7.33125,10.3375],"tintindex":0,"rotation":0,"texture":"#2"},"north":{"uv":[6.90625,5.86875,7.33125,10.3375],"tintindex":0,"rotation":0,"texture":"#2"},"west":{"uv":[6.90625,5.86875,7.33125,10.3375],"tintindex":0,"rotation":0,"texture":"#2"},"up":{"uv":[6.90625,5.86875,7.33125,10.375],"tintindex":0,"rotation":0,"texture":"#2"},"down":{"uv":[6.90625,5.86875,7.33125,10.375],"tintindex":0,"rotation":0,"texture":"#2"}}}],"display":{"gui":{"rotation":[30,225,0]}}}