{"textures":{"6":"modelengine:entity/palanca"},"elements":[{"from":[7.1,8.400236,7.6573257],"to":[8.9,15.600237,9.457321],"faces":{"east":{"uv":[7.073542,2.085372,9.004172,12.010423],"tintindex":0,"rotation":0,"texture":"#6"},"south":{"uv":[7.073542,2.085372,9.004172,12.010423],"tintindex":0,"rotation":0,"texture":"#6"},"north":{"uv":[7.073542,2.085372,9.004172,12.010423],"tintindex":0,"rotation":0,"texture":"#6"},"west":{"uv":[7.073542,2.085372,9.004172,12.010423],"tintindex":0,"rotation":0,"texture":"#6"},"up":{"uv":[7.0349364,2.085372,7.931786,3.9406836],"tintindex":0,"rotation":0,"texture":"#6"},"down":{"uv":[7.073542,2.085372,9.004172,12.047922],"tintindex":0,"rotation":0,"texture":"#6"}}}],"display":{"gui":{"rotation":[30,225,0]}}}