{"textures":{"0":"modelengine:entity/tablones_fila"},"elements":[{"from":[6.16,6.16,-11.440002],"to":[9.84,9.84,27.439999],"faces":{"east":{"uv":[1.7050245,5.625,11.876075,7.4760294],"tintindex":0,"rotation":0,"texture":"#0"},"south":{"uv":[1.6737745,5.5335674,3.6810539,7.3327427],"tintindex":0,"rotation":90,"texture":"#0"},"north":{"uv":[1.6737745,5.5335674,3.6810539,7.3327427],"tintindex":0,"rotation":90,"texture":"#0"},"west":{"uv":[1.7050245,5.625,11.876075,7.4760294],"tintindex":0,"rotation":0,"texture":"#0"},"up":{"uv":[1.6737745,5.5648174,11.962304,7.4202423],"tintindex":0,"rotation":270,"texture":"#0"},"down":{"uv":[1.6737745,5.5648174,11.962304,7.4202423],"tintindex":0,"rotation":270,"texture":"#0"}},"rotation":{"origin":[8.0,8.0,8.0],"angle":0.0,"axis":"x"}}],"display":{"gui":{"rotation":[30,225,0]}}}