{"textures":{"3":"modelengine:entity/madera"},"elements":[{"from":[12.360001,19.19503,-9.1250305],"to":[16.640001,23.67503,11.688305],"faces":{"east":{"uv":[2.987268,6.890651,9.190449,8.393833],"tintindex":0,"rotation":0,"texture":"#3"},"south":{"uv":[5.5047965,9.482894,6.7506466,11.02255],"tintindex":0,"rotation":270,"texture":"#3"},"north":{"uv":[5.5064955,9.484212,6.7496,11.023249],"tintindex":0,"rotation":270,"texture":"#3"},"west":{"uv":[2.9817939,6.8855805,9.144072,8.35183],"tintindex":0,"rotation":180,"texture":"#3"},"up":{"uv":[2.9260874,6.891872,9.173105,8.4187565],"tintindex":0,"rotation":270,"texture":"#3"},"down":{"uv":[2.9813845,6.894715,9.168628,8.359242],"tintindex":0,"rotation":270,"texture":"#3"}},"rotation":{"origin":[14.5,21.43503,13.91497],"angle":0.0,"axis":"x"}},{"from":[-0.44000053,19.19503,-9.1250305],"to":[3.8400002,23.67503,11.888305],"faces":{"east":{"uv":[2.987268,6.890651,9.190449,8.393833],"tintindex":0,"rotation":0,"texture":"#3"},"south":{"uv":[5.5047965,9.482894,6.7506466,11.02255],"tintindex":0,"rotation":270,"texture":"#3"},"north":{"uv":[5.5064955,9.484212,6.7496,11.023249],"tintindex":0,"rotation":270,"texture":"#3"},"west":{"uv":[2.9817939,6.8855805,9.144072,8.35183],"tintindex":0,"rotation":180,"texture":"#3"},"up":{"uv":[2.9260874,6.891872,9.173105,8.4187565],"tintindex":0,"rotation":270,"texture":"#3"},"down":{"uv":[2.9813845,6.894715,9.168628,8.359242],"tintindex":0,"rotation":270,"texture":"#3"}},"rotation":{"origin":[1.6999993,21.43503,14.014971],"angle":0.0,"axis":"x"}}],"display":{"gui":{"rotation":[30,225,0]}}}