{"textures":{"9":"modelengine:entity/vaya_pila"},"elements":[{"from":[-10.300001,6.8,6.762501],"to":[26.3,9.2,9.237499],"faces":{"east":{"uv":[0.0,12.588973,0.92757,2.3634086],"tintindex":0,"rotation":270,"texture":"#9"},"south":{"uv":[0.0,2.3634086,0.9261398,12.588973],"tintindex":0,"rotation":270,"texture":"#9"},"north":{"uv":[0.0,2.3634086,0.92757,12.588973],"tintindex":0,"rotation":270,"texture":"#9"},"west":{"uv":[0.0,12.588973,0.9305785,2.3634086],"tintindex":0,"rotation":270,"texture":"#9"},"up":{"uv":[0.9161283,2.3634086,0.0,12.588973],"tintindex":0,"rotation":270,"texture":"#9"},"down":{"uv":[0.92757,2.3634086,0.0,12.588973],"tintindex":0,"rotation":270,"texture":"#9"}}}],"display":{"gui":{"rotation":[30,225,0]}}}