{"textures":{"1":"modelengine:entity/bloqueslizos"},"elements":[{"from":[5.1800003,1.4600005,-4.9000015],"to":[10.880001,16.46,6.5],"faces":{"east":{"uv":[9.703964,9.863354,6.254818,13.3310795],"tintindex":0,"rotation":90,"texture":"#1"},"south":{"uv":[0.21122913,11.609246,5.3862014,9.647486],"tintindex":0,"rotation":90,"texture":"#1"},"north":{"uv":[0.12139606,11.6990795,5.517309,9.623207],"tintindex":0,"rotation":90,"texture":"#1"},"west":{"uv":[9.703964,9.863354,6.254818,13.3310795],"tintindex":0,"rotation":90,"texture":"#1"},"up":{"uv":[5.1763277,9.697117,0.30349013,11.805179],"tintindex":0,"rotation":90,"texture":"#1"},"down":{"uv":[0.12139606,11.6990795,5.517309,9.623207],"tintindex":0,"rotation":90,"texture":"#1"}}},{"from":[5.1800003,0.8600006,0.5],"to":[10.880001,21.86,15.5],"faces":{"east":{"uv":[9.628794,9.894604,6.317318,13.40625],"tintindex":0,"rotation":0,"texture":"#1"},"south":{"uv":[0.15625,4.187538,4.840336,6.284949],"tintindex":0,"rotation":270,"texture":"#1"},"north":{"uv":[0.27435508,4.4206185,4.85404,6.3587255],"tintindex":0,"rotation":270,"texture":"#1"},"west":{"uv":[9.628794,9.894604,6.317318,13.40625],"tintindex":0,"rotation":0,"texture":"#1"},"up":{"uv":[5.1763277,9.697117,0.30349013,11.805179],"tintindex":0,"rotation":90,"texture":"#1"},"down":{"uv":[7.8582416,9.437329,13.329287,12.867982],"tintindex":0,"rotation":0,"texture":"#1"}}},{"from":[5.1800003,1.4600005,9.5],"to":[10.880001,16.46,20.900002],"faces":{"east":{"uv":[6.254818,13.3310795,9.703964,9.863354],"tintindex":0,"rotation":90,"texture":"#1"},"south":{"uv":[0.37147194,11.662661,5.2793727,9.7009],"tintindex":0,"rotation":90,"texture":"#1"},"north":{"uv":[0.12139606,11.6990795,5.517309,9.623207],"tintindex":0,"rotation":90,"texture":"#1"},"west":{"uv":[6.254818,13.3310795,9.703964,9.863354],"tintindex":0,"rotation":90,"texture":"#1"},"up":{"uv":[5.1763277,9.697117,0.30349013,11.805179],"tintindex":0,"rotation":90,"texture":"#1"},"down":{"uv":[0.38846737,11.63217,5.576935,9.733536],"tintindex":0,"rotation":90,"texture":"#1"}}},{"from":[5.1800003,-3.9399996,0.5],"to":[10.880001,7.46,15.5],"faces":{"east":{"uv":[9.628794,13.40625,6.317318,9.894604],"tintindex":0,"rotation":0,"texture":"#1"},"south":{"uv":[1.8120922,11.71378,5.0044956,9.6285095],"tintindex":0,"rotation":270,"texture":"#1"},"north":{"uv":[0.36841807,11.792413,5.1617603,9.451271],"tintindex":0,"rotation":90,"texture":"#1"},"west":{"uv":[9.628794,13.40625,6.317318,9.894604],"tintindex":0,"rotation":0,"texture":"#1"},"up":{"uv":[5.227314,9.6437025,0.1966616,11.751764],"tintindex":0,"rotation":90,"texture":"#1"},"down":{"uv":[0.30740705,9.510167,5.102551,11.756933],"tintindex":0,"rotation":90,"texture":"#1"}}},{"from":[4.580002,-1.539999,-2.5],"to":[11.18,19.46,18.5],"faces":{"east":{"uv":[10.715834,5.2233686,5.221875,10.840516],"tintindex":0,"rotation":0,"texture":"#1"},"south":{"uv":[0.2670713,9.614573,5.1229086,11.806433],"tintindex":0,"rotation":90,"texture":"#1"},"north":{"uv":[0.24164139,9.636973,5.000362,11.7382765],"tintindex":0,"rotation":270,"texture":"#1"},"west":{"uv":[5.1780305,5.2909946,10.677997,10.812082],"tintindex":0,"rotation":0,"texture":"#1"},"up":{"uv":[5.1776004,11.725582,0.24164139,9.689833],"tintindex":0,"rotation":90,"texture":"#1"},"down":{"uv":[0.32218853,11.579481,5.139179,9.784522],"tintindex":0,"rotation":90,"texture":"#1"}}}],"display":{"gui":{"rotation":[30,225,0]}}}