{"textures":{"1":"modelengine:entity/bloqueslizos"},"elements":[{"from":[8.389999,1.4600005,1.4600034],"to":[10.43,14.540001,14.540005],"faces":{"east":{"uv":[10.595448,5.3436036,5.3171473,10.694992],"tintindex":0,"rotation":0,"texture":"#1"},"south":{"uv":[10.190604,5.4962273,5.8051596,6.123217],"tintindex":0,"rotation":0,"texture":"#1"},"north":{"uv":[10.190604,5.4962273,5.8051596,6.123217],"tintindex":0,"rotation":0,"texture":"#1"},"west":{"uv":[10.190604,5.4962273,5.8051596,6.123217],"tintindex":0,"rotation":0,"texture":"#1"},"up":{"uv":[10.190604,5.4962273,5.8051596,6.123217],"tintindex":0,"rotation":0,"texture":"#1"},"down":{"uv":[10.231259,5.423976,5.8458147,6.091031],"tintindex":0,"rotation":0,"texture":"#1"}}},{"from":[3.5900002,0.5000005,0.5],"to":[9.59,15.5,15.5],"faces":{"east":{"uv":[0.15625,0.0625,0.234375,0.140625],"tintindex":0,"rotation":0,"texture":"#1"},"south":{"uv":[0.21875,0.0625,0.25,0.140625],"tintindex":0,"rotation":0,"texture":"#1"},"north":{"uv":[0.125,0.0625,0.15625,0.140625],"tintindex":0,"rotation":0,"texture":"#1"},"west":{"uv":[0.25,0.0625,0.328125,0.140625],"tintindex":0,"rotation":0,"texture":"#1"},"up":{"uv":[0.15625,0.0625,0.1875,0.140625],"tintindex":0,"rotation":0,"texture":"#1"},"down":{"uv":[0.1875,0.0,0.21875,0.078125],"tintindex":0,"rotation":0,"texture":"#1"}}}],"display":{"gui":{"rotation":[30,225,0]}}}