{"textures":{"1":"modelengine:entity/bloqueslizos"},"elements":[{"from":[6.59,0.5000005,0.5],"to":[12.59,15.5,15.5],"faces":{"east":{"uv":[0.328125,0.0625,0.40625,0.140625],"tintindex":0,"rotation":0,"texture":"#1"},"south":{"uv":[0.25,0.0625,0.28125,0.140625],"tintindex":0,"rotation":0,"texture":"#1"},"north":{"uv":[0.15625,0.0625,0.1875,0.140625],"tintindex":0,"rotation":0,"texture":"#1"},"west":{"uv":[0.234375,0.0625,0.3125,0.140625],"tintindex":0,"rotation":0,"texture":"#1"},"up":{"uv":[0.1875,0.0625,0.21875,0.140625],"tintindex":0,"rotation":0,"texture":"#1"},"down":{"uv":[0.21875,0.0,0.25,0.078125],"tintindex":0,"rotation":0,"texture":"#1"}}},{"from":[5.689999,1.4600005,1.4600034],"to":[7.1300006,14.540001,14.540005],"faces":{"east":{"uv":[10.274962,5.494135,5.9484067,6.118361],"tintindex":0,"rotation":0,"texture":"#1"},"south":{"uv":[10.33628,5.4913716,5.9508348,6.118361],"tintindex":0,"rotation":0,"texture":"#1"},"north":{"uv":[10.190604,5.4962273,5.8051596,6.123217],"tintindex":0,"rotation":0,"texture":"#1"},"west":{"uv":[10.676188,5.253435,5.193323,10.796965],"tintindex":0,"rotation":0,"texture":"#1"},"up":{"uv":[10.263442,5.4913716,5.877997,6.118361],"tintindex":0,"rotation":0,"texture":"#1"},"down":{"uv":[10.279818,5.4513054,5.894373,6.118361],"tintindex":0,"rotation":0,"texture":"#1"}}}],"display":{"gui":{"rotation":[30,225,0]}}}