{"textures":{"1":"modelengine:entity/bloqueslizos"},"elements":[{"from":[6.5599976,0.5000005,0.5],"to":[12.559998,15.5,15.5],"faces":{"east":{"uv":[0.328125,0.0625,0.40625,0.140625],"tintindex":0,"rotation":0,"texture":"#1"},"south":{"uv":[0.25,0.0625,0.28125,0.140625],"tintindex":0,"rotation":0,"texture":"#1"},"north":{"uv":[0.15625,0.0625,0.1875,0.140625],"tintindex":0,"rotation":0,"texture":"#1"},"west":{"uv":[0.234375,0.0625,0.3125,0.140625],"tintindex":0,"rotation":0,"texture":"#1"},"up":{"uv":[0.1875,0.0625,0.21875,0.140625],"tintindex":0,"rotation":0,"texture":"#1"},"down":{"uv":[0.21875,0.0,0.25,0.078125],"tintindex":0,"rotation":0,"texture":"#1"}}},{"from":[5.4199986,1.4600005,1.4600034],"to":[7.4599986,14.540001,14.540005],"faces":{"east":{"uv":[5.8051596,5.4962273,10.190604,6.123217],"tintindex":0,"rotation":0,"texture":"#1"},"south":{"uv":[5.8051596,5.4962273,10.190604,6.123217],"tintindex":0,"rotation":0,"texture":"#1"},"north":{"uv":[5.8051596,5.4962273,10.190604,6.123217],"tintindex":0,"rotation":0,"texture":"#1"},"west":{"uv":[5.3171473,5.3436036,10.595448,10.694992],"tintindex":0,"rotation":0,"texture":"#1"},"up":{"uv":[5.8051596,5.4962273,10.190604,6.123217],"tintindex":0,"rotation":0,"texture":"#1"},"down":{"uv":[5.8458147,5.423976,10.231259,6.091031],"tintindex":0,"rotation":0,"texture":"#1"}}}],"display":{"gui":{"rotation":[30,225,0]}}}