{"textures":{"3":"modelengine:entity/madera"},"elements":[{"from":[14.389999,4.6399994,-11.135],"to":[20.81,11.360001,26.984999],"faces":{"east":{"uv":[2.987268,6.890651,9.190449,8.393833],"tintindex":0,"rotation":0,"texture":"#3"},"south":{"uv":[5.5047965,9.482894,6.7506466,11.02255],"tintindex":0,"rotation":270,"texture":"#3"},"north":{"uv":[5.5064955,9.484212,6.7496,11.023249],"tintindex":0,"rotation":270,"texture":"#3"},"west":{"uv":[2.9817939,6.8855805,9.144072,8.35183],"tintindex":0,"rotation":180,"texture":"#3"},"up":{"uv":[2.9260874,6.891872,9.173105,8.4187565],"tintindex":0,"rotation":270,"texture":"#3"},"down":{"uv":[2.9813845,6.894715,9.168628,8.359242],"tintindex":0,"rotation":270,"texture":"#3"}},"rotation":{"origin":[17.6,8.0,-7.575],"angle":0.0,"axis":"x"}},{"from":[-4.8100004,4.6399994,-11.135],"to":[1.6099997,11.360001,27.285002],"faces":{"east":{"uv":[2.987268,6.890651,9.190449,8.393833],"tintindex":0,"rotation":0,"texture":"#3"},"south":{"uv":[5.5047965,9.482894,6.7506466,11.02255],"tintindex":0,"rotation":270,"texture":"#3"},"north":{"uv":[5.5064955,9.484212,6.7496,11.023249],"tintindex":0,"rotation":270,"texture":"#3"},"west":{"uv":[2.9817939,6.8855805,9.144072,8.35183],"tintindex":0,"rotation":180,"texture":"#3"},"up":{"uv":[2.9260874,6.891872,9.173105,8.4187565],"tintindex":0,"rotation":270,"texture":"#3"},"down":{"uv":[2.9813845,6.894715,9.168628,8.359242],"tintindex":0,"rotation":270,"texture":"#3"}},"rotation":{"origin":[-1.5999994,8.0,-7.424999],"angle":0.0,"axis":"x"}}],"display":{"gui":{"rotation":[30,225,0]}}}