{"textures":{"3":"modelengine:entity/madera"},"elements":[{"from":[14.5199995,6.3449993,-10.129999],"to":[17.73,9.705001,19.779999],"faces":{"east":{"uv":[2.975292,6.890651,9.190449,8.331333],"tintindex":0,"rotation":0,"texture":"#3"},"south":{"uv":[5.5064955,9.484212,6.7496,11.0044985],"tintindex":0,"rotation":270,"texture":"#3"},"north":{"uv":[5.5064955,9.484212,6.7496,11.0044985],"tintindex":0,"rotation":270,"texture":"#3"},"west":{"uv":[2.9698179,6.8855805,9.164431,8.35183],"tintindex":0,"rotation":180,"texture":"#3"},"up":{"uv":[2.9620156,6.891872,9.173105,8.4187565],"tintindex":0,"rotation":270,"texture":"#3"},"down":{"uv":[2.9694083,6.894715,9.168628,8.359242],"tintindex":0,"rotation":270,"texture":"#3"}}},{"from":[6.42,6.42,9.295],"to":[9.48,9.330001,19.404999],"faces":{"east":{"uv":[2.975292,6.890651,8.245763,8.331333],"tintindex":0,"rotation":0,"texture":"#3"},"south":{"uv":[5.5047965,9.482894,6.7506466,11.02255],"tintindex":0,"rotation":270,"texture":"#3"},"north":{"uv":[5.5064955,9.484212,6.7496,11.023249],"tintindex":0,"rotation":270,"texture":"#3"},"west":{"uv":[2.9698179,6.8855805,8.157246,8.35183],"tintindex":0,"rotation":180,"texture":"#3"},"up":{"uv":[2.9766114,6.891872,8.165919,8.3562565],"tintindex":0,"rotation":270,"texture":"#3"},"down":{"uv":[2.9694083,6.894715,8.161442,8.359242],"tintindex":0,"rotation":270,"texture":"#3"}}},{"from":[-1.6799994,6.42,-10.054998],"to":[1.5300002,9.78,19.705],"faces":{"east":{"uv":[2.975292,6.890651,9.190449,8.331333],"tintindex":0,"rotation":0,"texture":"#3"},"south":{"uv":[5.5064955,9.484212,6.7496,11.0044985],"tintindex":0,"rotation":270,"texture":"#3"},"north":{"uv":[5.5064955,9.484212,6.7496,11.0044985],"tintindex":0,"rotation":270,"texture":"#3"},"west":{"uv":[2.9698179,6.8855805,9.164431,8.35183],"tintindex":0,"rotation":180,"texture":"#3"},"up":{"uv":[2.9620156,6.891872,9.173105,8.4187565],"tintindex":0,"rotation":270,"texture":"#3"},"down":{"uv":[2.9694083,6.894715,9.168628,8.359242],"tintindex":0,"rotation":270,"texture":"#3"}}}],"display":{"gui":{"rotation":[30,225,0]}}}