{"textures":{"3":"modelengine:entity/madera"},"elements":[{"from":[-11.139999,5.86,5.8599997],"to":[27.14,10.14,10.140001],"faces":{"east":{"uv":[5.4923205,9.468009,6.729634,11.0069685],"tintindex":0,"rotation":90,"texture":"#3"},"south":{"uv":[3.0091004,6.9451694,9.156915,8.350713],"tintindex":0,"rotation":0,"texture":"#3"},"north":{"uv":[3.001443,6.878112,9.148414,8.335625],"tintindex":0,"rotation":180,"texture":"#3"},"west":{"uv":[5.5107985,9.502347,6.7353554,11.01717],"tintindex":0,"rotation":270,"texture":"#3"},"up":{"uv":[2.9260874,6.891872,9.180891,8.365872],"tintindex":0,"rotation":0,"texture":"#3"},"down":{"uv":[2.9813845,6.894715,9.173831,8.333716],"tintindex":0,"rotation":0,"texture":"#3"}}}],"display":{"gui":{"rotation":[30,225,0]}}}