{"textures":{"3":"modelengine:entity/madera"},"elements":[{"from":[-10.51,4.789999,4.790001],"to":[26.51,11.210001,11.210001],"faces":{"east":{"uv":[5.553398,9.521901,6.7402616,10.98676],"tintindex":0,"rotation":0,"texture":"#3"},"south":{"uv":[2.975292,6.921901,9.134161,8.314679],"tintindex":0,"rotation":0,"texture":"#3"},"north":{"uv":[2.975292,6.890651,9.134161,8.283429],"tintindex":0,"rotation":0,"texture":"#3"},"west":{"uv":[5.5191817,9.527497,6.713046,10.990377],"tintindex":0,"rotation":180,"texture":"#3"},"up":{"uv":[2.924768,6.921901,9.134161,8.377179],"tintindex":0,"rotation":0,"texture":"#3"},"down":{"uv":[2.924768,6.921901,9.134161,8.377179],"tintindex":0,"rotation":0,"texture":"#3"}}}],"display":{"gui":{"rotation":[30,225,0]}}}