{"textures":{"3":"modelengine:entity/madera"},"elements":[{"from":[-4.2400208,5.85998,-15.740021],"to":[20.640022,10.14002,-11.45998],"faces":{"east":{"uv":[5.501901,9.466811,6.745052,11.029874],"tintindex":0,"rotation":0,"texture":"#3"},"south":{"uv":[2.975292,6.921901,9.190449,8.344619],"tintindex":0,"rotation":0,"texture":"#3"},"north":{"uv":[2.999244,6.890651,9.190449,8.375869],"tintindex":0,"rotation":0,"texture":"#3"},"west":{"uv":[5.5167866,9.472407,6.720232,10.99876],"tintindex":0,"rotation":180,"texture":"#3"},"up":{"uv":[2.975292,6.921901,9.190449,8.344619],"tintindex":0,"rotation":0,"texture":"#3"},"down":{"uv":[2.975292,6.921901,9.190449,8.344619],"tintindex":0,"rotation":0,"texture":"#3"}}},{"from":[-4.84,5.86,5.8600006],"to":[20.84,10.14,10.140001],"faces":{"east":{"uv":[5.553398,9.521901,6.7402616,10.98676],"tintindex":0,"rotation":0,"texture":"#3"},"south":{"uv":[2.975292,6.921901,9.166496,8.362583],"tintindex":0,"rotation":0,"texture":"#3"},"north":{"uv":[2.975292,6.890651,9.190449,8.331333],"tintindex":0,"rotation":0,"texture":"#3"},"west":{"uv":[5.5191817,9.527497,6.713046,10.990377],"tintindex":0,"rotation":180,"texture":"#3"},"up":{"uv":[2.975292,6.921901,9.190449,8.362583],"tintindex":0,"rotation":0,"texture":"#3"},"down":{"uv":[2.975292,6.921901,9.190449,8.362583],"tintindex":0,"rotation":0,"texture":"#3"}}},{"from":[-8.440001,5.86,-4.9400005],"to":[4.4400005,10.14,-0.65999985],"faces":{"east":{"uv":[5.553398,9.521901,6.7402616,10.98676],"tintindex":0,"rotation":0,"texture":"#3"},"south":{"uv":[2.975292,6.921901,7.6084127,8.362583],"tintindex":0,"rotation":0,"texture":"#3"},"north":{"uv":[2.975292,6.890651,7.6709127,8.331333],"tintindex":0,"rotation":0,"texture":"#3"},"west":{"uv":[5.553398,9.521901,6.7402616,10.98676],"tintindex":0,"rotation":0,"texture":"#3"},"up":{"uv":[2.975292,6.921901,7.6084127,8.362583],"tintindex":0,"rotation":0,"texture":"#3"},"down":{"uv":[2.975292,6.921901,7.6084127,8.362583],"tintindex":0,"rotation":0,"texture":"#3"}}},{"from":[3.7600002,5.86,-4.9400005],"to":[18.84,10.14,-0.65999985],"faces":{"east":{"uv":[5.553398,9.521901,6.7402616,10.98676],"tintindex":0,"rotation":0,"texture":"#3"},"south":{"uv":[2.975292,6.921901,7.6084127,8.362583],"tintindex":0,"rotation":0,"texture":"#3"},"north":{"uv":[2.975292,6.890651,7.6709127,8.331333],"tintindex":0,"rotation":0,"texture":"#3"},"west":{"uv":[5.553398,9.521901,6.7402616,10.98676],"tintindex":0,"rotation":0,"texture":"#3"},"up":{"uv":[2.975292,6.921901,7.6084127,8.362583],"tintindex":0,"rotation":0,"texture":"#3"},"down":{"uv":[2.975292,6.921901,7.6084127,8.362583],"tintindex":0,"rotation":0,"texture":"#3"}}}],"display":{"gui":{"rotation":[30,225,0]}}}