{"textures":{"3":"modelengine:entity/madera"},"elements":[{"from":[5.66,5.86,-4.7400007],"to":[18.94,10.142,-0.46000004],"faces":{"east":{"uv":[5.553398,9.521901,6.7402616,10.98676],"tintindex":0,"rotation":0,"texture":"#3"},"south":{"uv":[2.8911228,6.8943563,5.438465,8.369993],"tintindex":0,"rotation":0,"texture":"#3"},"north":{"uv":[2.8911228,6.8943563,5.438465,8.367373],"tintindex":0,"rotation":0,"texture":"#3"},"west":{"uv":[5.5191817,9.527497,6.713046,10.990377],"tintindex":0,"rotation":180,"texture":"#3"},"up":{"uv":[2.8911228,6.8943563,5.4648123,8.369993],"tintindex":0,"rotation":0,"texture":"#3"},"down":{"uv":[2.8911228,6.8943563,5.438465,8.369993],"tintindex":0,"rotation":0,"texture":"#3"}}},{"from":[23.86,5.86,16.66],"to":[28.54,10.14,20.94],"faces":{"east":{"uv":[5.553398,9.521901,6.7402616,10.98676],"tintindex":0,"rotation":0,"texture":"#3"},"south":{"uv":[2.8911228,6.8943563,4.245651,8.369993],"tintindex":0,"rotation":0,"texture":"#3"},"north":{"uv":[2.8911228,6.8943563,4.245651,8.369993],"tintindex":0,"rotation":0,"texture":"#3"},"west":{"uv":[5.5191817,9.527497,6.713046,10.990377],"tintindex":0,"rotation":180,"texture":"#3"},"up":{"uv":[2.8911228,6.8943563,4.245651,8.369993],"tintindex":0,"rotation":0,"texture":"#3"},"down":{"uv":[2.8911228,6.8943563,4.245651,8.369993],"tintindex":0,"rotation":0,"texture":"#3"}}},{"from":[3.6599998,5.86,5.86],"to":[18.94,10.14,10.14],"faces":{"east":{"uv":[5.553398,9.521901,6.7402616,10.98676],"tintindex":0,"rotation":0,"texture":"#3"},"south":{"uv":[2.975292,6.921901,7.6084127,8.362583],"tintindex":0,"rotation":0,"texture":"#3"},"north":{"uv":[2.975292,6.890651,7.6709127,8.331333],"tintindex":0,"rotation":0,"texture":"#3"},"west":{"uv":[5.553398,9.521901,6.7402616,10.98676],"tintindex":0,"rotation":0,"texture":"#3"},"up":{"uv":[2.975292,6.921901,7.6084127,8.362583],"tintindex":0,"rotation":0,"texture":"#3"},"down":{"uv":[2.975292,6.921901,7.6084127,8.362583],"tintindex":0,"rotation":0,"texture":"#3"}}},{"from":[23.86,5.86,5.86],"to":[30.889997,10.14,10.14],"faces":{"east":{"uv":[5.553398,9.521901,6.7402616,10.98676],"tintindex":0,"rotation":0,"texture":"#3"},"south":{"uv":[2.9223728,6.8943563,6.0577393,8.369993],"tintindex":0,"rotation":0,"texture":"#3"},"north":{"uv":[2.9223728,6.8943563,6.0577393,8.369993],"tintindex":0,"rotation":0,"texture":"#3"},"west":{"uv":[5.5191817,9.527497,6.713046,10.990377],"tintindex":0,"rotation":180,"texture":"#3"},"up":{"uv":[2.9223728,6.8943563,6.0577393,8.369993],"tintindex":0,"rotation":0,"texture":"#3"},"down":{"uv":[2.9223728,6.8943563,6.0577393,8.369993],"tintindex":0,"rotation":0,"texture":"#3"}}},{"from":[5.66,5.86,16.66],"to":[18.942,10.14,20.94],"faces":{"east":{"uv":[5.553398,9.521901,6.7402616,10.98676],"tintindex":0,"rotation":0,"texture":"#3"},"south":{"uv":[2.8911228,6.8943563,5.438465,8.44185],"tintindex":0,"rotation":0,"texture":"#3"},"north":{"uv":[2.8911228,6.8943563,5.438465,8.369993],"tintindex":0,"rotation":0,"texture":"#3"},"west":{"uv":[5.5191817,9.527497,6.713046,10.990377],"tintindex":0,"rotation":180,"texture":"#3"},"up":{"uv":[2.8911228,6.8943563,5.4648123,8.369993],"tintindex":0,"rotation":0,"texture":"#3"},"down":{"uv":[2.8911228,6.8943563,5.438465,8.369993],"tintindex":0,"rotation":0,"texture":"#3"}}},{"from":[23.86,5.86,-4.7400007],"to":[28.54,10.14,-0.46000004],"faces":{"east":{"uv":[5.553398,9.521901,6.7402616,10.98676],"tintindex":0,"rotation":0,"texture":"#3"},"south":{"uv":[2.8911228,6.8943563,4.245651,8.369993],"tintindex":0,"rotation":0,"texture":"#3"},"north":{"uv":[2.8911228,6.8943563,4.245651,8.369993],"tintindex":0,"rotation":0,"texture":"#3"},"west":{"uv":[5.5191817,9.527497,6.713046,10.990377],"tintindex":0,"rotation":180,"texture":"#3"},"up":{"uv":[2.8911228,6.8943563,4.245651,8.369993],"tintindex":0,"rotation":0,"texture":"#3"},"down":{"uv":[2.8911228,6.8943563,4.245651,8.369993],"tintindex":0,"rotation":0,"texture":"#3"}}}],"display":{"gui":{"rotation":[30,225,0]}}}