{"textures":{"3":"modelengine:entity/madera"},"elements":[{"from":[0.056000233,6.836,-12.0339985],"to":[2.624,9.524,6.1340003],"faces":{"east":{"uv":[2.994042,6.8719015,9.190449,8.393833],"tintindex":0,"rotation":0,"texture":"#3"},"south":{"uv":[5.5064955,9.484212,6.7496,11.0044985],"tintindex":0,"rotation":270,"texture":"#3"},"north":{"uv":[5.5064955,9.484212,6.7496,11.0044985],"tintindex":0,"rotation":270,"texture":"#3"},"west":{"uv":[2.9448178,6.866831,9.164431,8.41433],"tintindex":0,"rotation":180,"texture":"#3"},"up":{"uv":[2.9620156,6.8731217,9.173105,8.4187565],"tintindex":0,"rotation":270,"texture":"#3"},"down":{"uv":[2.9444084,6.875965,9.168628,8.421742],"tintindex":0,"rotation":270,"texture":"#3"}}},{"from":[13.016,6.476,-12.153999],"to":[15.584001,9.1640005,6.1340003],"faces":{"east":{"uv":[2.994042,6.8719015,9.190449,8.393833],"tintindex":0,"rotation":0,"texture":"#3"},"south":{"uv":[5.5064955,9.484212,6.7496,11.0044985],"tintindex":0,"rotation":270,"texture":"#3"},"north":{"uv":[5.5064955,9.484212,6.7496,11.0044985],"tintindex":0,"rotation":270,"texture":"#3"},"west":{"uv":[2.9448178,6.866831,9.164431,8.41433],"tintindex":0,"rotation":180,"texture":"#3"},"up":{"uv":[2.9620156,6.8731217,9.173105,8.4187565],"tintindex":0,"rotation":270,"texture":"#3"},"down":{"uv":[2.9444084,6.875965,9.168628,8.421742],"tintindex":0,"rotation":270,"texture":"#3"}}}],"display":{"gui":{"rotation":[30,225,0]}}}