{"textures":{"3":"modelengine:entity/madera"},"elements":[{"from":[-5.41,4.790001,4.790003],"to":[21.410002,11.210001,11.210001],"faces":{"east":{"uv":[5.553398,9.521901,6.7402616,10.98676],"tintindex":0,"rotation":0,"texture":"#3"},"south":{"uv":[2.9788847,6.890651,6.991759,8.316438],"tintindex":0,"rotation":0,"texture":"#3"},"north":{"uv":[2.936744,6.890651,6.991759,8.378938],"tintindex":0,"rotation":0,"texture":"#3"},"west":{"uv":[5.5191817,9.527497,6.713046,10.990377],"tintindex":0,"rotation":180,"texture":"#3"},"up":{"uv":[2.9788847,6.890651,6.991759,8.316438],"tintindex":0,"rotation":0,"texture":"#3"},"down":{"uv":[2.9788847,6.890651,6.991759,8.316438],"tintindex":0,"rotation":0,"texture":"#3"}}}],"display":{"gui":{"rotation":[30,225,0]}}}