{"elements":[{"from":[8.062753,8.015442,7.4699664],"to":[8.091324,8.044014,7.9956803],"rotation":{"angle":0.0,"axis":"y","origin":[8.0,8.000004,7.999979]},"faces":{"south":{"uv":[0.0,8.847839,6.924992,8.01632],"rotation":0,"texture":"#5","tintindex":0},"north":{"uv":[0.0,8.847839,6.924992,8.01632],"rotation":0,"texture":"#5","tintindex":0},"down":{"uv":[0.0,8.08924,6.8518176,8.8],"rotation":270,"texture":"#5","tintindex":0},"east":{"uv":[0.0,8.8,6.9774437,8.04],"rotation":0,"texture":"#5","tintindex":0},"west":{"uv":[0.0,8.92,6.857143,8.2],"rotation":0,"texture":"#5","tintindex":0},"up":{"uv":[0.0,8.871518,6.924992,8.04],"rotation":0,"texture":"#5","tintindex":0}}}],"textures":{"5":"modelengine:entity/ladrillo_piedra_liza"},"display":{"head":{"translation":[0.0,-6.4,0.0],"scale":[4.0,4.0,4.0]}}}