{"elements":[{"from":[8.171358,7.9972873,7.4870205],"to":[8.199929,8.025859,8.009878],"rotation":{"angle":0.0,"axis":"y","origin":[8.0,8.0000105,7.999977]},"faces":{"south":{"uv":[8.10025,8.749875,16.0,8.10025],"rotation":0,"texture":"#6","tintindex":0},"north":{"uv":[8.10025,8.749875,16.0,8.10025],"rotation":0,"texture":"#6","tintindex":0},"down":{"uv":[8.10025,8.749875,16.0,8.10025],"rotation":0,"texture":"#6","tintindex":0},"east":{"uv":[8.10025,8.749875,16.0,8.10025],"rotation":0,"texture":"#6","tintindex":0},"west":{"uv":[8.10025,8.749875,16.0,8.10025],"rotation":0,"texture":"#6","tintindex":0},"up":{"uv":[8.10025,8.749875,16.0,8.10025],"rotation":0,"texture":"#6","tintindex":0}}}],"textures":{"6":"modelengine:entity/download (1)"},"display":{"head":{"translation":[0.0,-6.4,0.0],"scale":[4.0,4.0,4.0]}}}