{"elements":[{"from":[8.067974,7.9789677,7.98587],"to":[8.096545,8.007539,8.511584],"rotation":{"angle":0.0,"axis":"y","origin":[8.0,7.999976,8.00001]},"faces":{"south":{"uv":[0.0,8.847839,6.924992,8.01632],"rotation":0,"texture":"#6","tintindex":0},"north":{"uv":[0.0,8.847839,6.924992,8.01632],"rotation":0,"texture":"#6","tintindex":0},"down":{"uv":[0.0,8.08924,6.8518176,8.8],"rotation":270,"texture":"#6","tintindex":0},"east":{"uv":[0.0,8.8,6.9774437,8.04],"rotation":0,"texture":"#6","tintindex":0},"west":{"uv":[0.0,8.92,6.857143,8.2],"rotation":0,"texture":"#6","tintindex":0},"up":{"uv":[0.0,8.871518,6.8127112,8.176],"rotation":0,"texture":"#6","tintindex":0}}}],"textures":{"6":"modelengine:entity/ladrillopiedramctextura.webp"},"display":{"head":{"translation":[0.0,-6.4,0.0],"scale":[4.0,4.0,4.0]}}}