{"elements":[{"from":[8.171358,7.9972873,7.4870205],"to":[8.199929,8.025859,8.009878],"rotation":{"angle":0.0,"axis":"y","origin":[8.0,8.0000105,7.999977]},"faces":{"south":{"uv":[0.0,8.847839,6.924992,8.01632],"rotation":0,"texture":"#5","tintindex":0},"north":{"uv":[0.0,8.847839,6.924992,8.01632],"rotation":0,"texture":"#5","tintindex":0},"down":{"uv":[0.0,8.08924,6.8518176,8.8],"rotation":270,"texture":"#5","tintindex":0},"east":{"uv":[0.0,8.8,6.9774437,8.04],"rotation":0,"texture":"#5","tintindex":0},"west":{"uv":[0.0,8.92,6.857143,8.2],"rotation":0,"texture":"#5","tintindex":0},"up":{"uv":[0.0,8.871518,6.924992,8.04],"rotation":0,"texture":"#5","tintindex":0}}}],"textures":{"5":"modelengine:entity/ladrillopiedramctextura"},"display":{"head":{"translation":[0.0,-6.4,0.0],"scale":[4.0,4.0,4.0]}}}