{"elements":[{"from":[8.245714,7.3902316,6.1115456],"to":[8.274285,7.418803,6.1886883],"rotation":{"angle":0.0,"axis":"y","origin":[8.0,7.99998,7.999982]},"faces":{"south":{"uv":[8.10025,8.10025,16.0,8.749875],"rotation":0,"texture":"#4","tintindex":0},"north":{"uv":[8.10025,8.10025,16.0,8.749875],"rotation":0,"texture":"#4","tintindex":0},"down":{"uv":[8.10025,8.10025,16.0,8.749875],"rotation":0,"texture":"#4","tintindex":0},"east":{"uv":[8.10025,8.10025,16.0,8.749875],"rotation":0,"texture":"#4","tintindex":0},"west":{"uv":[8.10025,8.10025,16.0,8.749875],"rotation":0,"texture":"#4","tintindex":0},"up":{"uv":[8.10025,8.10025,16.0,8.749875],"rotation":0,"texture":"#4","tintindex":0}}},{"from":[8.245714,7.333089,6.1115456],"to":[8.274285,7.3616605,6.1629744],"rotation":{"angle":0.0,"axis":"y","origin":[8.0,7.942837,7.999982]},"faces":{"south":{"uv":[8.10025,8.10025,16.0,8.749875],"rotation":0,"texture":"#4","tintindex":0},"north":{"uv":[8.10025,8.10025,16.0,8.749875],"rotation":0,"texture":"#4","tintindex":0},"down":{"uv":[8.10025,8.10025,16.0,8.749875],"rotation":0,"texture":"#4","tintindex":0},"east":{"uv":[8.10025,8.10025,16.0,8.749875],"rotation":0,"texture":"#4","tintindex":0},"west":{"uv":[8.10025,8.10025,16.0,8.749875],"rotation":0,"texture":"#4","tintindex":0},"up":{"uv":[8.10025,8.10025,16.0,8.749875],"rotation":0,"texture":"#4","tintindex":0}}}],"textures":{"4":"modelengine:entity/piedrapulida"},"display":{"head":{"translation":[0.0,-6.4,0.0],"scale":[4.0,4.0,4.0]}}}