{"elements":[{"from":[8.131429,9.795794,7.4449425],"to":[8.188571,9.967221,7.473514],"rotation":{"angle":0.0,"axis":"y","origin":[8.4,9.085714,8.0]},"faces":{"south":{"uv":[0.0,0.10237593,14.829123,0.9682706],"rotation":0,"texture":"#5","tintindex":0},"north":{"uv":[0.0,0.10237593,14.829123,0.9682706],"rotation":0,"texture":"#5","tintindex":0},"down":{"uv":[0.0,0.10237593,14.829123,0.9682706],"rotation":0,"texture":"#5","tintindex":0},"east":{"uv":[0.0,0.10237593,14.829123,0.9682706],"rotation":0,"texture":"#5","tintindex":0},"west":{"uv":[0.0,0.10237593,14.829123,0.9682706],"rotation":0,"texture":"#5","tintindex":0},"up":{"uv":[0.0,0.10237593,14.829123,0.9682706],"rotation":0,"texture":"#5","tintindex":0}}},{"from":[8.274285,9.795794,7.4449425],"to":[8.331429,9.967221,7.473514],"rotation":{"angle":0.0,"axis":"y","origin":[8.4,9.085714,8.0]},"faces":{"south":{"uv":[0.0,0.10237593,14.829123,0.9682706],"rotation":0,"texture":"#5","tintindex":0},"north":{"uv":[0.0,0.10237593,14.829123,0.9682706],"rotation":0,"texture":"#5","tintindex":0},"down":{"uv":[0.0,0.10237593,14.829123,0.9682706],"rotation":0,"texture":"#5","tintindex":0},"east":{"uv":[0.0,0.10237593,14.829123,0.9682706],"rotation":0,"texture":"#5","tintindex":0},"west":{"uv":[0.0,0.10237593,14.829123,0.9682706],"rotation":0,"texture":"#5","tintindex":0},"up":{"uv":[0.0,0.10237593,14.829123,0.9682706],"rotation":0,"texture":"#5","tintindex":0}}},{"from":[8.13,9.748804,7.4449425],"to":[8.33,9.805946,7.473514],"rotation":{"angle":0.0,"axis":"y","origin":[8.174053,9.881507,7.4592285]},"faces":{"south":{"uv":[0.0,0.10237593,12.93423,1.058426],"rotation":90,"texture":"#5","tintindex":0},"north":{"uv":[0.0,0.10237593,12.93423,1.058426],"rotation":90,"texture":"#5","tintindex":0},"down":{"uv":[0.0,0.10237593,12.93423,1.058426],"rotation":90,"texture":"#5","tintindex":0},"east":{"uv":[0.0,0.10237593,12.93423,1.058426],"rotation":90,"texture":"#5","tintindex":0},"west":{"uv":[0.0,0.10237593,12.93423,1.058426],"rotation":90,"texture":"#5","tintindex":0},"up":{"uv":[0.0,0.10237593,12.93423,1.058426],"rotation":90,"texture":"#5","tintindex":0}}},{"from":[8.131143,9.920233,7.4462],"to":[8.331142,9.977375,7.4747715],"rotation":{"angle":0.0,"axis":"y","origin":[8.174053,10.052936,7.4592285]},"faces":{"south":{"uv":[0.0,0.10237593,12.93423,1.058426],"rotation":90,"texture":"#5","tintindex":0},"north":{"uv":[0.0,0.10237593,12.93423,1.058426],"rotation":90,"texture":"#5","tintindex":0},"down":{"uv":[0.0,0.10237593,12.93423,1.058426],"rotation":90,"texture":"#5","tintindex":0},"east":{"uv":[0.0,0.10237593,12.93423,1.058426],"rotation":90,"texture":"#5","tintindex":0},"west":{"uv":[0.0,0.10237593,12.93423,1.058426],"rotation":90,"texture":"#5","tintindex":0},"up":{"uv":[0.0,0.10237593,12.93423,1.058426],"rotation":90,"texture":"#5","tintindex":0}}}],"textures":{"5":"modelengine:entity/ladrillopiedramctextura"},"display":{"head":{"translation":[0.0,-6.4,0.0],"scale":[4.0,4.0,4.0]}}}