{"elements":[{"from":[7.9428573,7.9142857,7.8714285],"to":[8.057143,8.085714,8.1285715],"rotation":{"angle":0.0,"axis":"y","origin":[11.485714,5.285714,-3.4714298]},"faces":{"south":{"uv":[5.3172574,11.5257015,6.3923364,15.0134735],"rotation":0,"texture":"#7","tintindex":0},"north":{"uv":[5.3172574,11.5257015,6.3923364,15.0134735],"rotation":0,"texture":"#7","tintindex":0},"down":{"uv":[5.3172574,11.5257015,6.3923364,15.0134735],"rotation":0,"texture":"#7","tintindex":0},"east":{"uv":[5.7851057,11.042668,10.06171,15.45134],"rotation":0,"texture":"#7","tintindex":0},"west":{"uv":[5.7851057,11.042668,10.06171,15.45134],"rotation":0,"texture":"#7","tintindex":0},"up":{"uv":[5.3172574,11.5257015,6.3923364,15.0134735],"rotation":0,"texture":"#7","tintindex":0}}}],"textures":{"7":"modelengine:entity/bloqueslizos"},"display":{"head":{"translation":[0.0,-6.4,0.0],"scale":[4.0,4.0,4.0]}}}