{"elements":[{"from":[8.131429,9.795794,7.4449425],"to":[8.188571,9.967221,7.473514],"rotation":{"angle":0.0,"axis":"y","origin":[8.4,9.085714,8.0]},"faces":{"south":{"uv":[0.120300755,0.0125,13.465664,1.0345864],"rotation":0,"texture":"#9","tintindex":0},"north":{"uv":[0.0,0.0125,13.465664,1.0345864],"rotation":0,"texture":"#9","tintindex":0},"down":{"uv":[0.0,0.003125,13.465664,1.0345864],"rotation":0,"texture":"#9","tintindex":0},"east":{"uv":[0.0,0.0125,13.465664,1.0345864],"rotation":0,"texture":"#9","tintindex":0},"west":{"uv":[0.0,0.0125,13.465664,1.0345864],"rotation":0,"texture":"#9","tintindex":0},"up":{"uv":[0.0,0.003125,13.465664,1.0345864],"rotation":0,"texture":"#9","tintindex":0}}},{"from":[8.274285,9.795794,7.4449425],"to":[8.331429,9.967221,7.473514],"rotation":{"angle":0.0,"axis":"y","origin":[8.4,9.085714,8.0]},"faces":{"south":{"uv":[0.0,0.0125,13.465664,1.0345864],"rotation":0,"texture":"#9","tintindex":0},"north":{"uv":[0.0,0.0125,13.465664,1.0345864],"rotation":0,"texture":"#9","tintindex":0},"down":{"uv":[0.0,0.003125,13.465664,1.0345864],"rotation":0,"texture":"#9","tintindex":0},"east":{"uv":[0.0,0.0125,13.465664,1.0345864],"rotation":0,"texture":"#9","tintindex":0},"west":{"uv":[0.0,0.0125,13.465664,1.0345864],"rotation":0,"texture":"#9","tintindex":0},"up":{"uv":[0.0,0.003125,13.465664,1.0345864],"rotation":0,"texture":"#9","tintindex":0}}},{"from":[9.73865,7.668804,7.4449425],"to":[9.795794,7.868804,7.473514],"rotation":{"angle":45.0,"axis":"z","origin":[8.0,8.0,8.0]},"faces":{"south":{"uv":[0.0,0.20498121,13.465664,1.0345864],"rotation":0,"texture":"#9","tintindex":0},"north":{"uv":[0.0,0.20498121,13.465664,1.0345864],"rotation":0,"texture":"#9","tintindex":0},"down":{"uv":[0.0,0.1956062,13.465664,1.0345864],"rotation":0,"texture":"#9","tintindex":0},"east":{"uv":[0.0,0.20498121,13.465664,1.0345864],"rotation":0,"texture":"#9","tintindex":0},"west":{"uv":[0.0,0.20498121,13.465664,1.0345864],"rotation":0,"texture":"#9","tintindex":0},"up":{"uv":[0.0,0.1956062,13.465664,1.0345864],"rotation":0,"texture":"#9","tintindex":0}}},{"from":[9.909965,7.6686897,7.4448285],"to":[9.967336,7.8689184,7.4736285],"rotation":{"angle":45.0,"axis":"z","origin":[8.0,8.0,8.0]},"faces":{"south":{"uv":[0.0,0.25711152,13.465664,1.0345864],"rotation":0,"texture":"#9","tintindex":0},"north":{"uv":[0.04010025,0.056610275,13.465664,1.0345864],"rotation":0,"texture":"#9","tintindex":0},"down":{"uv":[0.07619048,0.047235277,13.465664,1.0345864],"rotation":0,"texture":"#9","tintindex":0},"east":{"uv":[0.0802005,0.056610275,13.465664,1.0345864],"rotation":0,"texture":"#9","tintindex":0},"west":{"uv":[0.0802005,0.056610275,13.465664,1.0345864],"rotation":0,"texture":"#9","tintindex":0},"up":{"uv":[0.0802005,0.047235277,13.465664,1.0345864],"rotation":0,"texture":"#9","tintindex":0}}}],"textures":{"9":"modelengine:entity/ladrillopiedramctextura"},"display":{"head":{"translation":[0.0,-6.4,0.0],"scale":[4.0,4.0,4.0]}}}