{"elements":[{"from":[7.9428573,7.9142857,7.8714285],"to":[8.057143,8.085714,8.1285715],"rotation":{"angle":0.0,"axis":"y","origin":[11.485714,5.285714,-3.4714298]},"faces":{"south":{"uv":[9.468892,11.462215,10.696386,15.004552],"rotation":0,"texture":"#1","tintindex":0},"north":{"uv":[9.444613,11.510774,10.744945,15.004552],"rotation":0,"texture":"#1","tintindex":0},"down":{"uv":[9.633991,10.775114,9.938875,11.093532],"rotation":0,"texture":"#1","tintindex":0},"east":{"uv":[5.227314,10.391502,10.731771,15.971226],"rotation":0,"texture":"#1","tintindex":0},"west":{"uv":[5.227314,10.391502,10.731771,15.971226],"rotation":0,"texture":"#1","tintindex":0},"up":{"uv":[5.195751,11.443826,6.4742317,15.005946],"rotation":180,"texture":"#1","tintindex":0}}}],"textures":{"1":"modelengine:entity/piedralizaruedas"},"display":{"head":{"translation":[0.0,-6.4,0.0],"scale":[4.0,4.0,4.0]}}}