{"elements":[{"from":[7.885714,8.057143,7.9714284],"to":[8.0,8.285714,8.228572],"rotation":{"angle":0.0,"axis":"y","origin":[4.5142856,5.428571,-3.3714285]},"faces":{"south":{"uv":[5.3172574,11.5257015,6.3923364,15.0134735],"rotation":0,"texture":"#6","tintindex":0},"north":{"uv":[5.3172574,11.5257015,6.3923364,15.0134735],"rotation":0,"texture":"#6","tintindex":0},"down":{"uv":[5.3172574,11.5257015,6.3923364,15.0134735],"rotation":0,"texture":"#6","tintindex":0},"east":{"uv":[5.7851057,11.042668,10.06171,15.45134],"rotation":0,"texture":"#6","tintindex":0},"west":{"uv":[5.7851057,11.042668,10.06171,15.45134],"rotation":0,"texture":"#6","tintindex":0},"up":{"uv":[5.3172574,11.5257015,6.3923364,15.0134735],"rotation":0,"texture":"#6","tintindex":0}}}],"textures":{"6":"modelengine:entity/bloqueslizos"},"display":{"head":{"translation":[0.0,-6.4,0.0],"scale":[4.0,4.0,4.0]}}}