{"elements":[{"from":[8.541386,10.878103,5.3599997],"to":[13.649958,12.100961,6.582857],"rotation":{"angle":22.5,"axis":"x","origin":[8.495671,12.146675,6.5142856]},"faces":{"south":{"uv":[2.4375,2.1875,2.7125,2.2541666],"rotation":0,"texture":"#0","tintindex":0},"north":{"uv":[1.6875,2.375,1.9625,2.4416666],"rotation":0,"texture":"#0","tintindex":0},"down":{"uv":[2.7125,2.375,2.4375,2.4416666],"rotation":0,"texture":"#0","tintindex":0},"east":{"uv":[0.5625,2.59375,0.62916666,2.6604166],"rotation":0,"texture":"#0","tintindex":0},"west":{"uv":[0.65625,2.59375,0.72291666,2.6604166],"rotation":0,"texture":"#0","tintindex":0},"up":{"uv":[2.7125,2.3479166,2.4375,2.28125],"rotation":0,"texture":"#0","tintindex":0}}},{"from":[7.4556713,7.8781033,8.845715],"to":[8.678528,19.272388,10.068571],"rotation":{"angle":0.0,"axis":"y","origin":[9.809957,6.6038175,9.542857]},"faces":{"south":{"uv":[1.96875,0.9375,2.0354166,1.5625],"rotation":0,"texture":"#0","tintindex":0},"north":{"uv":[0.5625,1.96875,0.62916666,2.59375],"rotation":0,"texture":"#0","tintindex":0},"down":{"uv":[2.5979166,2.59375,2.53125,2.6604166],"rotation":0,"texture":"#0","tintindex":0},"east":{"uv":[0.65625,1.96875,0.72291666,2.59375],"rotation":0,"texture":"#0","tintindex":0},"west":{"uv":[1.96875,1.5625,2.0354166,2.1875],"rotation":0,"texture":"#0","tintindex":0},"up":{"uv":[2.5041666,2.6604166,2.4375,2.59375],"rotation":0,"texture":"#0","tintindex":0}}},{"from":[13.559999,7.36,2.302857],"to":[14.782858,8.64,23.640001],"rotation":{"angle":0.0,"axis":"y","origin":[14.171429,8.0,8.0]},"faces":{"south":{"uv":[0.84375,2.625,0.91041666,2.6916666],"rotation":0,"texture":"#0","tintindex":0},"north":{"uv":[0.75,2.625,0.81666666,2.6916666],"rotation":0,"texture":"#0","tintindex":0},"down":{"uv":[0.97291666,1.3125,0.90625,2.4791667],"rotation":0,"texture":"#0","tintindex":0},"east":{"uv":[1.59375,0.0,2.7604167,0.06666667],"rotation":0,"texture":"#0","tintindex":0},"west":{"uv":[1.59375,0.09375,2.7604167,0.16041666],"rotation":0,"texture":"#0","tintindex":0},"up":{"uv":[0.87916666,2.4791667,0.8125,1.3125],"rotation":0,"texture":"#0","tintindex":0}}},{"from":[13.569957,7.8781033,8.845715],"to":[14.792814,19.272388,10.068571],"rotation":{"angle":0.0,"axis":"y","origin":[15.924242,6.6038175,9.542857]},"faces":{"south":{"uv":[2.15625,0.9375,2.2229166,1.5625],"rotation":0,"texture":"#0","tintindex":0},"north":{"uv":[2.0625,0.9375,2.1291666,1.5625],"rotation":0,"texture":"#0","tintindex":0},"down":{"uv":[1.0979167,2.625,1.03125,2.6916666],"rotation":0,"texture":"#0","tintindex":0},"east":{"uv":[2.0625,1.5625,2.1291666,2.1875],"rotation":0,"texture":"#0","tintindex":0},"west":{"uv":[2.15625,1.5625,2.2229166,2.1875],"rotation":0,"texture":"#0","tintindex":0},"up":{"uv":[1.0041667,2.6916666,0.9375,2.625],"rotation":0,"texture":"#0","tintindex":0}}},{"from":[8.588572,7.36,22.417143],"to":[13.640001,8.662857,23.640001],"rotation":{"angle":0.0,"axis":"y","origin":[9.2,8.0,28.114286]},"faces":{"south":{"uv":[2.46875,0.65625,2.74375,0.72291666],"rotation":0,"texture":"#0","tintindex":0},"north":{"uv":[2.46875,0.5625,2.74375,0.62916666],"rotation":0,"texture":"#0","tintindex":0},"down":{"uv":[2.74375,0.84375,2.46875,0.91041666],"rotation":0,"texture":"#0","tintindex":0},"east":{"uv":[1.375,2.625,1.4416667,2.6916666],"rotation":0,"texture":"#0","tintindex":0},"west":{"uv":[1.46875,2.625,1.5354167,2.6916666],"rotation":0,"texture":"#0","tintindex":0},"up":{"uv":[2.74375,0.81666666,2.46875,0.75],"rotation":0,"texture":"#0","tintindex":0}}},{"from":[6.255671,7.392389,20.902859],"to":[15.935671,8.615246,22.125715],"rotation":{"angle":0.0,"axis":"y","origin":[8.495671,6.5466743,30.57143]},"faces":{"south":{"uv":[2.40625,0.46875,2.93125,0.53541666],"rotation":0,"texture":"#0","tintindex":0},"north":{"uv":[2.40625,0.375,2.93125,0.44166666],"rotation":0,"texture":"#0","tintindex":0},"down":{"uv":[2.9625,1.03125,2.4375,1.0979167],"rotation":0,"texture":"#0","tintindex":0},"east":{"uv":[2.625,2.59375,2.6916666,2.6604166],"rotation":0,"texture":"#0","tintindex":0},"west":{"uv":[1.875,2.65625,1.9416667,2.7229166],"rotation":0,"texture":"#0","tintindex":0},"up":{"uv":[2.9625,1.0041667,2.4375,0.9375],"rotation":0,"texture":"#0","tintindex":0}}},{"from":[6.3242426,7.0038176,2.9142857],"to":[6.952814,9.003818,4.9142857],"rotation":{"angle":0.0,"axis":"y","origin":[6.6385283,8.003818,3.9142857]},"faces":{"south":{"uv":[0.75,2.09375,0.78333336,2.2020833],"rotation":0,"texture":"#0","tintindex":0},"north":{"uv":[0.75,1.96875,0.78333336,2.0770833],"rotation":0,"texture":"#0","tintindex":0},"down":{"uv":[0.78333336,2.34375,0.75,2.4520833],"rotation":0,"texture":"#0","tintindex":0},"east":{"uv":[2.4375,2.46875,2.5458333,2.5770833],"rotation":0,"texture":"#0","tintindex":0},"west":{"uv":[0.75,2.5,0.85833335,2.6083333],"rotation":0,"texture":"#0","tintindex":0},"up":{"uv":[0.78333336,2.3270833,0.75,2.21875],"rotation":0,"texture":"#0","tintindex":0}}},{"from":[10.474286,7.36,8.76],"to":[11.697143,8.64,23.640001],"rotation":{"angle":0.0,"axis":"y","origin":[11.085714,8.0,8.0]},"faces":{"south":{"uv":[0.09375,2.6875,0.16041666,2.7541666],"rotation":0,"texture":"#0","tintindex":0},"north":{"uv":[0.0,2.6875,0.06666667,2.7541666],"rotation":0,"texture":"#0","tintindex":0},"down":{"uv":[1.6604167,1.375,1.59375,2.1833334],"rotation":0,"texture":"#0","tintindex":0},"east":{"uv":[1.59375,0.375,2.4020834,0.44166666],"rotation":0,"texture":"#0","tintindex":0},"west":{"uv":[1.59375,0.46875,2.4020834,0.53541666],"rotation":0,"texture":"#0","tintindex":0},"up":{"uv":[1.6604167,1.3708333,1.59375,0.5625],"rotation":0,"texture":"#0","tintindex":0}}},{"from":[10.484242,7.8781033,8.845715],"to":[11.7071,12.015246,10.068571],"rotation":{"angle":0.0,"axis":"y","origin":[12.838529,6.6038175,9.542857]},"faces":{"south":{"uv":[1.6875,2.46875,1.7541667,2.69375],"rotation":0,"texture":"#0","tintindex":0},"north":{"uv":[1.375,2.375,1.4416667,2.6],"rotation":0,"texture":"#0","tintindex":0},"down":{"uv":[0.72291666,2.6875,0.65625,2.7541666],"rotation":0,"texture":"#0","tintindex":0},"east":{"uv":[1.46875,2.375,1.5354167,2.6],"rotation":0,"texture":"#0","tintindex":0},"west":{"uv":[1.78125,2.46875,1.8479167,2.69375],"rotation":0,"texture":"#0","tintindex":0},"up":{"uv":[0.62916666,2.7541666,0.5625,2.6875],"rotation":0,"texture":"#0","tintindex":0}}},{"from":[7.4556713,8.335246,3.302857],"to":[8.678528,19.729532,4.525714],"rotation":{"angle":22.5,"axis":"x","origin":[9.809957,7.0609603,4.0]},"faces":{"south":{"uv":[2.0625,2.1875,2.1291666,2.8125],"rotation":0,"texture":"#0","tintindex":0},"north":{"uv":[1.59375,2.1875,1.6604167,2.8125],"rotation":0,"texture":"#0","tintindex":0},"down":{"uv":[2.7541666,2.46875,2.6875,2.5354166],"rotation":0,"texture":"#0","tintindex":0},"east":{"uv":[1.96875,2.1875,2.0354166,2.8125],"rotation":0,"texture":"#0","tintindex":0},"west":{"uv":[2.15625,2.1875,2.2229166,2.8125],"rotation":0,"texture":"#0","tintindex":0},"up":{"uv":[2.5041666,2.7541666,2.4375,2.6875],"rotation":0,"texture":"#0","tintindex":0}}},{"from":[13.569957,8.335246,3.302857],"to":[14.792814,19.729532,4.525714],"rotation":{"angle":22.5,"axis":"x","origin":[15.924242,7.0609603,4.0]},"faces":{"south":{"uv":[0.375,1.96875,0.44166666,2.59375],"rotation":0,"texture":"#0","tintindex":0},"north":{"uv":[0.1875,1.96875,0.25416666,2.59375],"rotation":0,"texture":"#0","tintindex":0},"down":{"uv":[1.9416667,2.5625,1.875,2.6291666],"rotation":0,"texture":"#0","tintindex":0},"east":{"uv":[0.28125,1.96875,0.34791666,2.59375],"rotation":0,"texture":"#0","tintindex":0},"west":{"uv":[0.46875,1.96875,0.53541666,2.59375],"rotation":0,"texture":"#0","tintindex":0},"up":{"uv":[1.9416667,2.5354166,1.875,2.46875],"rotation":0,"texture":"#0","tintindex":0}}},{"from":[4.3028574,10.788571,8.931429],"to":[18.325714,12.011429,10.154285],"rotation":{"angle":0.0,"axis":"y","origin":[11.085714,11.428572,-0.57142925]},"faces":{"south":{"uv":[1.6875,0.65625,2.4541667,0.72291666],"rotation":0,"texture":"#0",