{"elements":[{"from":[7.2873926,6.3885713,6.854428],"to":[7.9388213,8.811429,9.277286],"rotation":{"angle":0.0,"axis":"x","origin":[8.0,8.0,8.0]},"faces":{"south":{"uv":[0.0,7.2,15.558897,0.0],"rotation":90,"texture":"#6","tintindex":0},"north":{"uv":[0.0,7.2,15.558897,0.0],"rotation":90,"texture":"#6","tintindex":0},"down":{"uv":[0.04493778,7.2,15.558897,0.0],"rotation":90,"texture":"#6","tintindex":0},"east":{"uv":[0.0,7.2,15.558897,0.0],"rotation":90,"texture":"#6","tintindex":0},"west":{"uv":[0.0,7.2,15.558897,0.0],"rotation":90,"texture":"#6","tintindex":0},"up":{"uv":[0.0,7.2,8.3315115,0.28],"rotation":90,"texture":"#6","tintindex":0}}},{"from":[6.6016784,7.6457143,6.511571],"to":[7.71025,9.154285,9.734428],"rotation":{"angle":0.0,"axis":"x","origin":[8.0,8.0,8.0]},"faces":{"south":{"uv":[0.0,7.2,15.558897,0.0],"rotation":90,"texture":"#6","tintindex":0},"north":{"uv":[0.0,7.2,15.558897,0.0],"rotation":90,"texture":"#6","tintindex":0},"down":{"uv":[0.04493778,7.2,15.558897,0.0],"rotation":90,"texture":"#6","tintindex":0},"east":{"uv":[0.0,7.2,15.558897,0.0],"rotation":90,"texture":"#6","tintindex":0},"west":{"uv":[0.0,7.2,15.558897,0.0],"rotation":90,"texture":"#6","tintindex":0},"up":{"uv":[0.0,7.2,8.3315115,0.28],"rotation":90,"texture":"#6","tintindex":0}}},{"from":[6.6016784,6.217143,6.511571],"to":[7.71025,7.6685715,9.734428],"rotation":{"angle":0.0,"axis":"x","origin":[8.0,6.285714,8.0]},"faces":{"south":{"uv":[0.0,7.2,15.558897,0.0],"rotation":90,"texture":"#6","tintindex":0},"north":{"uv":[0.0,7.2,15.558897,0.0],"rotation":90,"texture":"#6","tintindex":0},"down":{"uv":[0.04493778,7.2,15.558897,0.0],"rotation":90,"texture":"#6","tintindex":0},"east":{"uv":[0.0,7.2,15.558897,0.0],"rotation":90,"texture":"#6","tintindex":0},"west":{"uv":[0.0,7.2,15.558897,0.0],"rotation":90,"texture":"#6","tintindex":0},"up":{"uv":[0.0,7.2,8.3315115,0.28],"rotation":90,"texture":"#6","tintindex":0}}},{"from":[6.3876,8.331429,6.4356284],"to":[7.153314,9.268572,9.715629],"rotation":{"angle":0.0,"axis":"x","origin":[8.0,7.9428573,7.885714]},"faces":{"south":{"uv":[16.0,0.0,0.0,7.1010528],"rotation":0,"texture":"#6","tintindex":0},"north":{"uv":[15.326436,0.0,0.0,7.1010528],"rotation":0,"texture":"#6","tintindex":0},"down":{"uv":[16.0,0.0,0.043316312,7.1010528],"rotation":0,"texture":"#6","tintindex":0},"east":{"uv":[15.326436,0.0,0.0,7.1010528],"rotation":0,"texture":"#6","tintindex":0},"west":{"uv":[16.0,0.0,0.0,7.1010528],"rotation":0,"texture":"#6","tintindex":0},"up":{"uv":[16.0,0.0,0.16361707,7.1010528],"rotation":0,"texture":"#6","tintindex":0}}},{"from":[6.83025,6.3885713,6.854428],"to":[7.4816785,8.811429,9.277286],"rotation":{"angle":0.0,"axis":"x","origin":[8.0,8.0,8.0]},"faces":{"south":{"uv":[0.0,0.0,512.0,254.0752],"rotation":0,"texture":"#missing","tintindex":0},"north":{"uv":[0.0,0.0,512.0,254.0752],"rotation":0,"texture":"#missing","tintindex":0},"down":{"uv":[0.0,0.0,512.0,254.0752],"rotation":0,"texture":"#missing","tintindex":0},"east":{"uv":[0.0,0.0,512.0,254.0752],"rotation":0,"texture":"#missing","tintindex":0},"west":{"uv":[248.94235,295.13785,236.11028,375.97995],"rotation":0,"texture":"#missing","tintindex":0},"up":{"uv":[0.0,0.0,512.0,259.208],"rotation":270,"texture":"#missing","tintindex":0}}},{"from":[6.3876166,5.9314284,6.4356337],"to":[7.153331,6.8685713,9.82992],"rotation":{"angle":0.0,"axis":"x","origin":[7.714286,8.457143,7.6571426]},"faces":{"south":{"uv":[16.0,0.0,0.0,7.1010528],"rotation":0,"texture":"#6","tintindex":0},"north":{"uv":[15.326436,0.0,0.0,7.1010528],"rotation":0,"texture":"#6","tintindex":0},"down":{"uv":[16.0,0.0,0.043316312,7.1010528],"rotation":0,"texture":"#6","tintindex":0},"east":{"uv":[15.326436,0.0,0.0,7.1010528],"rotation":0,"texture":"#6","tintindex":0},"west":{"uv":[16.0,0.0,0.0,7.1010528],"rotation":0,"texture":"#6","tintindex":0},"up":{"uv":[16.0,0.0,0.16361707,7.1010528],"rotation":0,"texture":"#6","tintindex":0}}}],"textures":{"6":"modelengine:entity/ladrillopiedramctextura.webp"},"display":{"head":{"translation":[0.0,-6.4,0.0],"scale":[4.0,4.0,4.0]}}}