{"elements":[{"from":[2.302857,7.6457143,23.588572],"to":[2.4685717,8.897142,23.697144],"rotation":{"angle":0.0,"axis":"y","origin":[2.4142857,8.285714,23.642857]},"faces":{"south":{"uv":[0.0859375,0.0625,0.103125,0.13125],"rotation":0,"texture":"#8","tintindex":0},"north":{"uv":[0.7421875,0.0625,0.759375,0.13125],"rotation":0,"texture":"#8","tintindex":0},"down":{"uv":[1.25,0.0109375,1.2671875,0.021875],"rotation":0,"texture":"#8","tintindex":0},"east":{"uv":[0.0109375,0.0625,0.021875,0.13125],"rotation":0,"texture":"#8","tintindex":0},"west":{"uv":[0.6671875,0.0625,0.678125,0.13125],"rotation":0,"texture":"#8","tintindex":0},"up":{"uv":[0.65625,0.0734375,0.6734375,0.084375],"rotation":0,"texture":"#8","tintindex":0}}},{"from":[2.2457137,7.6457143,22.188572],"to":[2.4685717,8.897142,22.297144],"rotation":{"angle":0.0,"axis":"y","origin":[2.4142857,8.285714,22.242857]},"faces":{"south":{"uv":[0.0859375,0.0625,0.103125,0.13125],"rotation":0,"texture":"#8","tintindex":0},"north":{"uv":[0.7421875,0.0625,0.759375,0.13125],"rotation":0,"texture":"#8","tintindex":0},"down":{"uv":[1.25,0.0109375,1.2671875,0.021875],"rotation":0,"texture":"#8","tintindex":0},"east":{"uv":[0.0109375,0.0625,0.021875,0.13125],"rotation":0,"texture":"#8","tintindex":0},"west":{"uv":[0.6671875,0.0625,0.678125,0.13125],"rotation":0,"texture":"#8","tintindex":0},"up":{"uv":[0.65625,0.0734375,0.6734375,0.084375],"rotation":0,"texture":"#8","tintindex":0}}},{"from":[4.188571,7.6457143,23.588572],"to":[4.3542852,8.897142,23.697144],"rotation":{"angle":0.0,"axis":"y","origin":[4.242857,8.285714,23.642857]},"faces":{"south":{"uv":[0.0859375,0.0625,0.103125,0.13125],"rotation":0,"texture":"#8","tintindex":0},"north":{"uv":[0.7421875,0.0625,0.759375,0.13125],"rotation":0,"texture":"#8","tintindex":0},"down":{"uv":[1.25,0.0109375,1.2671875,0.021875],"rotation":0,"texture":"#8","tintindex":0},"east":{"uv":[0.0109375,0.0625,0.021875,0.13125],"rotation":0,"texture":"#8","tintindex":0},"west":{"uv":[0.6671875,0.0625,0.678125,0.13125],"rotation":0,"texture":"#8","tintindex":0},"up":{"uv":[0.65625,0.0734375,0.6734375,0.084375],"rotation":0,"texture":"#8","tintindex":0}}},{"from":[4.188571,7.6457143,22.188572],"to":[4.4114285,8.897142,22.297144],"rotation":{"angle":0.0,"axis":"y","origin":[4.242857,8.285714,22.242857]},"faces":{"south":{"uv":[0.0859375,0.0625,0.103125,0.13125],"rotation":0,"texture":"#8","tintindex":0},"north":{"uv":[0.7421875,0.0625,0.759375,0.13125],"rotation":0,"texture":"#8","tintindex":0},"down":{"uv":[1.25,0.0109375,1.2671875,0.021875],"rotation":0,"texture":"#8","tintindex":0},"east":{"uv":[0.0109375,0.0625,0.021875,0.13125],"rotation":0,"texture":"#8","tintindex":0},"west":{"uv":[0.6671875,0.0625,0.678125,0.13125],"rotation":0,"texture":"#8","tintindex":0},"up":{"uv":[0.65625,0.0734375,0.6734375,0.084375],"rotation":0,"texture":"#8","tintindex":0}}},{"from":[5.3599997,7.6457143,23.588572],"to":[5.525714,8.897142,23.697144],"rotation":{"angle":0.0,"axis":"y","origin":[5.485714,8.285714,23.642857]},"faces":{"south":{"uv":[0.0859375,0.0625,0.103125,0.13125],"rotation":0,"texture":"#8","tintindex":0},"north":{"uv":[0.7421875,0.0625,0.759375,0.13125],"rotation":0,"texture":"#8","tintindex":0},"down":{"uv":[1.25,0.0109375,1.2671875,0.021875],"rotation":0,"texture":"#8","tintindex":0},"east":{"uv":[0.0109375,0.0625,0.021875,0.13125],"rotation":0,"texture":"#8","tintindex":0},"west":{"uv":[0.6671875,0.0625,0.678125,0.13125],"rotation":0,"texture":"#8","tintindex":0},"up":{"uv":[0.65625,0.0734375,0.6734375,0.084375],"rotation":0,"texture":"#8","tintindex":0}}},{"from":[5.3171425,7.6457143,22.188572],"to":[5.54,8.897142,22.297144],"rotation":{"angle":0.0,"axis":"y","origin":[5.485714,8.285714,22.242857]},"faces":{"south":{"uv":[0.0859375,0.0625,0.103125,0.13125],"rotation":0,"texture":"#8","tintindex":0},"north":{"uv":[0.7421875,0.0625,0.759375,0.13125],"rotation":0,"texture":"#8","tintindex":0},"down":{"uv":[1.25,0.0109375,1.2671875,0.021875],"rotation":0,"texture":"#8","tintindex":0},"east":{"uv":[0.0109375,0.0625,0.021875,0.13125],"rotation":0,"texture":"#8","tintindex":0},"west":{"uv":[0.6671875,0.0625,0.678125,0.13125],"rotation":0,"texture":"#8","tintindex":0},"up":{"uv":[0.65625,0.0734375,0.6734375,0.084375],"rotation":0,"texture":"#8","tintindex":0}}},{"from":[8.417143,7.6457143,22.188572],"to":[8.64,8.897142,22.297144],"rotation":{"angle":0.0,"axis":"y","origin":[8.528571,8.285714,22.242857]},"faces":{"south":{"uv":[0.0859375,0.0625,0.103125,0.13125],"rotation":0,"texture":"#8","tintindex":0},"north":{"uv":[0.7421875,0.0625,0.759375,0.13125],"rotation":0,"texture":"#8","tintindex":0},"down":{"uv":[1.25,0.0109375,1.2671875,0.021875],"rotation":0,"texture":"#8","tintindex":0},"east":{"uv":[0.0109375,0.0625,0.021875,0.13125],"rotation":0,"texture":"#8","tintindex":0},"west":{"uv":[0.6671875,0.0625,0.678125,0.13125],"rotation":0,"texture":"#8","tintindex":0},"up":{"uv":[0.65625,0.0734375,0.6734375,0.084375],"rotation":0,"texture":"#8","tintindex":0}}},{"from":[7.2314286,7.6457143,22.188572],"to":[7.4542856,8.897142,22.297144],"rotation":{"angle":0.0,"axis":"y","origin":[7.3428574,8.285714,22.242857]},"faces":{"south":{"uv":[0.0859375,0.0625,0.103125,0.13125],"rotation":0,"texture":"#8","tintindex":0},"north":{"uv":[0.7421875,0.0625,0.759375,0.13125],"rotation":0,"texture":"#8","tintindex":0},"down":{"uv":[1.25,0.0109375,1.2671875,0.021875],"rotation":0,"texture":"#8","tintindex":0},"east":{"uv":[0.0109375,0.0625,0.021875,0.13125],"rotation":0,"texture":"#8","tintindex":0},"west":{"uv":[0.6671875,0.0625,0.678125,0.13125],"rotation":0,"texture":"#8","tintindex":0},"up":{"uv":[0.65625,0.0734375,0.6734375,0.084375],"rotation":0,"texture":"#8","tintindex":0}}},{"from":[7.2314286,7.6457143,23.588572],"to":[7.397143,8.897142,23.697144],"rotation":{"angle":0.0,"axis":"y","origin":[7.3428574,8.285714,23.642857]},"faces":{"south":{"uv":[0.0859375,0.0625,0.103125,0.13125],"rotation":0,"texture":"#8","tintindex":0},"north":{"uv":[0.7421875,0.0625,0.759375,0.13125],"rotation":0,"texture":"#8","tintindex":0},"down":{"uv":[1.25,0.0109375,1.2671875,0.021875],"rotation":0,"texture":"#8","tintindex":0},"east":{"uv":[0.0109375,0.0625,0.021875,0.13125],"rotation":0,"texture":"#8","tintindex":0},"west":{"uv":[0.6671875,0.0625,0.678125,0.13125],"rotation":0,"texture":"#8","tintindex":0},"up":{"uv":[0.65625,0.0734375,0.6734375,0.084375],"rotation":0,"texture":"#8","tintindex":0}}},{"from":[8.445714,7.6457143,23.588572],"to":[8.611428,8.897142,23.697144],"rotation":{"angle":0.0,"axis":"y","origin":[8.528571,8.285714,23.642857]},"faces":{"south":{"uv":[0.0859375,0.0625,0.103125,0.13125],"rotation":0,"texture":"#8","tintindex":0},"north":{"uv":[0.7421875,0.0625,0.759375,0.13125],"rotation":0,"texture":"#8","tintindex":0},"down":{"uv":[1.25,0.0109375,1.2671875,0.021875],"rotation":0,"texture":"#8","tintindex":0},"east":{"uv":[0.0109375,0.0625,0.021875,0.13125],"rotation":0,"texture":"#8","tintindex":0},"west":{"uv":[0.6671875,0.0625,0.678125,0.13125],"rotation":0,"texture":"#8","tintindex":0},"up":{"uv":[0.65625,0.0734375,0.6734375,0.084375],"rotation":0,"texture":"#8","tintindex":0}}},{"from":[1.1028566,7.6457143,23.588572],"to":[1.2685714,8.897142,23.697144],"rotation":{"angle":0.0,"axis":"y","origin":[1.1571422,8.285714,23.642857]},"faces":{"south":{"uv":[0.0859375,0.0625,0.103125,0.13125],"rotation":0,"texture":"#8","tintindex":0},"north":{"uv":[0.7421875,0.0625,0.759375,0.13125],"rotation":0,"texture":"#8","tintindex":0},"down":{"uv":[1.25,0.0109375,1.2671875,0.021875],"rotation":0,"texture":"#8","tintindex":0},"east":{"uv":[0.0109375,0.0625,0.021875,0.13125],"rotation":0,"texture":"#8","tintindex":0},"west":{"uv":[0.6671875,0.0625,0.678125,0.13125],"rotation":0,"texture":"#8","tintindex":0},"up":{"uv":[0.65625,0.0734375,0.6734375,0.084375],"rotation":0,"texture":"#8","tintindex":0}}},{"from":[1.1028566,7.6457143,22.188572],"to":[1.3257146,8.897142,22.297144],"rotation":{"angle":0.0,"axis":"y",