{"elements":[{"from":[-3.2000008,-4.457143,11.232],"to":[-3.0285711,-3.7142859,11.460571],"rotation":{"angle":-45.0,"axis":"x","origin":[0.5714283,8.0,8.0]},"faces":{"south":{"uv":[4.5,5.86875,8.8625,8.63125],"rotation":0,"texture":"#4","tintindex":0},"north":{"uv":[4.5,5.86875,8.8625,8.63125],"rotation":0,"texture":"#4","tintindex":0},"down":{"uv":[4.5,5.86875,8.8625,8.66875],"rotation":0,"texture":"#4","tintindex":0},"east":{"uv":[4.5,5.86875,8.8625,8.63125],"rotation":0,"texture":"#4","tintindex":0},"west":{"uv":[4.5,5.86875,8.8625,8.63125],"rotation":0,"texture":"#4","tintindex":0},"up":{"uv":[4.5,5.86875,8.8625,8.66875],"rotation":0,"texture":"#4","tintindex":0}}},{"from":[-3.1428576,-4.4285717,11.348572],"to":[-3.0857143,-3.228572,11.462857],"rotation":{"angle":-45.0,"axis":"x","origin":[0.6285715,8.0,8.057143]},"faces":{"south":{"uv":[0.0,30.550276,512.0,492.34033],"rotation":0,"texture":"#missing","tintindex":0},"north":{"uv":[0.0,30.550276,512.0,492.34033],"rotation":0,"texture":"#missing","tintindex":0},"down":{"uv":[0.0,30.550276,512.0,492.34033],"rotation":0,"texture":"#missing","tintindex":0},"east":{"uv":[0.0,30.550276,512.0,492.34033],"rotation":0,"texture":"#missing","tintindex":0},"west":{"uv":[0.0,30.550276,512.0,492.34033],"rotation":0,"texture":"#missing","tintindex":0},"up":{"uv":[0.0,30.550276,512.0,492.34033],"rotation":0,"texture":"#missing","tintindex":0}}},{"from":[4.1171427,-4.4285717,11.348572],"to":[4.1714287,-3.228572,11.462857],"rotation":{"angle":-45.0,"axis":"x","origin":[8.0,8.0,8.057143]},"faces":{"south":{"uv":[0.0,30.550276,512.0,492.34033],"rotation":0,"texture":"#missing","tintindex":0},"north":{"uv":[0.0,30.550276,512.0,492.34033],"rotation":0,"texture":"#missing","tintindex":0},"down":{"uv":[0.0,30.550276,512.0,492.34033],"rotation":0,"texture":"#missing","tintindex":0},"east":{"uv":[0.0,30.550276,512.0,492.34033],"rotation":0,"texture":"#missing","tintindex":0},"west":{"uv":[0.0,30.550276,512.0,492.34033],"rotation":0,"texture":"#missing","tintindex":0},"up":{"uv":[0.0,30.550276,512.0,492.34033],"rotation":0,"texture":"#missing","tintindex":0}}},{"from":[4.0571427,-4.457143,11.232],"to":[4.2285714,-3.7142859,11.460571],"rotation":{"angle":-45.0,"axis":"x","origin":[8.0,8.0,8.0]},"faces":{"south":{"uv":[4.5,5.86875,8.8625,8.63125],"rotation":0,"texture":"#4","tintindex":0},"north":{"uv":[4.5,5.86875,8.8625,8.63125],"rotation":0,"texture":"#4","tintindex":0},"down":{"uv":[4.5,5.86875,8.8625,8.66875],"rotation":0,"texture":"#4","tintindex":0},"east":{"uv":[4.5,5.86875,8.8625,8.63125],"rotation":0,"texture":"#4","tintindex":0},"west":{"uv":[4.5,5.86875,8.8625,8.63125],"rotation":0,"texture":"#4","tintindex":0},"up":{"uv":[4.5,5.86875,8.8625,8.66875],"rotation":0,"texture":"#4","tintindex":0}}}],"textures":{"4":"modelengine:entity/tronco de madera mc"},"display":{"head":{"translation":[0.0,-6.4,0.0],"scale":[4.0,4.0,4.0]}}}