{"elements":[{"from":[11.6025,7.9699473,7.274359],"to":[11.656786,8.084233,7.788645],"rotation":{"angle":0.0,"axis":"y","origin":[11.6296425,8.200016,7.3645406]},"faces":{"south":{"uv":[1.2030075,0.96,14.8771925,6.22],"rotation":0,"texture":"#5","tintindex":0},"north":{"uv":[1.2030075,0.96,14.8771925,6.22],"rotation":0,"texture":"#5","tintindex":0},"down":{"uv":[0.04010025,0.0,14.997494,1.056],"rotation":0,"texture":"#5","tintindex":0},"east":{"uv":[0.04010025,0.0,14.997494,1.056],"rotation":0,"texture":"#5","tintindex":0},"west":{"uv":[0.04010025,0.0,14.997494,1.056],"rotation":0,"texture":"#5","tintindex":0},"up":{"uv":[0.04010025,0.0,14.997494,1.056],"rotation":0,"texture":"#5","tintindex":0}}},{"from":[11.5425005,7.9128046,7.698245],"to":[11.713928,8.1413765,8.441102],"rotation":{"angle":0.0,"axis":"y","origin":[11.628214,8.306915,7.812531]},"faces":{"south":{"uv":[5.4820776,6.8659644,9.183027,8.39733],"rotation":180,"texture":"#4","tintindex":0},"north":{"uv":[8.072189,6.8666444,9.185115,8.396594],"rotation":180,"texture":"#4","tintindex":0},"down":{"uv":[5.528396,6.8379016,9.212798,8.412196],"rotation":90,"texture":"#4","tintindex":0},"east":{"uv":[5.5016108,6.9191093,9.196944,8.427533],"rotation":0,"texture":"#4","tintindex":0},"west":{"uv":[5.5016108,6.9191093,9.196944,8.427533],"rotation":0,"texture":"#4","tintindex":0},"up":{"uv":[5.528396,6.8379016,9.212798,8.412196],"rotation":90,"texture":"#4","tintindex":0}}},{"from":[4.345357,7.9699473,7.274359],"to":[4.399643,8.084233,7.788645],"rotation":{"angle":0.0,"axis":"y","origin":[4.3725,8.200016,7.3645406]},"faces":{"south":{"uv":[1.2030075,0.96,14.8771925,6.22],"rotation":0,"texture":"#5","tintindex":0},"north":{"uv":[1.2030075,0.96,14.8771925,6.22],"rotation":0,"texture":"#5","tintindex":0},"down":{"uv":[0.04010025,0.0,14.997494,1.056],"rotation":0,"texture":"#5","tintindex":0},"east":{"uv":[0.04010025,0.0,14.997494,1.056],"rotation":0,"texture":"#5","tintindex":0},"west":{"uv":[0.04010025,0.0,14.997494,1.056],"rotation":0,"texture":"#5","tintindex":0},"up":{"uv":[0.04010025,0.0,14.997494,1.056],"rotation":0,"texture":"#5","tintindex":0}}},{"from":[4.285357,7.9128046,7.698245],"to":[4.4567857,8.1413765,8.441102],"rotation":{"angle":0.0,"axis":"y","origin":[4.3710713,8.306915,7.812531]},"faces":{"south":{"uv":[5.4820776,6.8659644,9.183027,8.39733],"rotation":180,"texture":"#4","tintindex":0},"north":{"uv":[8.072189,6.8666444,9.185115,8.396594],"rotation":180,"texture":"#4","tintindex":0},"down":{"uv":[5.528396,6.8379016,9.212798,8.412196],"rotation":90,"texture":"#4","tintindex":0},"east":{"uv":[5.5016108,6.9191093,9.196944,8.427533],"rotation":0,"texture":"#4","tintindex":0},"west":{"uv":[5.5016108,6.9191093,9.196944,8.427533],"rotation":0,"texture":"#4","tintindex":0},"up":{"uv":[5.528396,6.8379016,9.212798,8.412196],"rotation":90,"texture":"#4","tintindex":0}}}],"textures":{"4":"modelengine:entity/madera","5":"modelengine:entity/ladrillopiedramctextura"},"display":{"head":{"translation":[0.0,-6.4,0.0],"scale":[4.0,4.0,4.0]}}}