{"elements":[{"from":[11.6025,7.935662,7.274359],"to":[11.656786,8.049948,7.788645],"rotation":{"angle":0.0,"axis":"y","origin":[11.6296425,8.142873,7.3645406]},"faces":{"south":{"uv":[0.0,30.550276,512.0,492.34033],"rotation":0,"texture":"#missing","tintindex":0},"north":{"uv":[0.0,30.550276,512.0,492.34033],"rotation":0,"texture":"#missing","tintindex":0},"down":{"uv":[0.0,30.550276,512.0,492.34033],"rotation":0,"texture":"#missing","tintindex":0},"east":{"uv":[0.0,30.550276,512.0,492.34033],"rotation":0,"texture":"#missing","tintindex":0},"west":{"uv":[0.0,30.550276,512.0,492.34033],"rotation":0,"texture":"#missing","tintindex":0},"up":{"uv":[0.0,30.550276,512.0,492.34033],"rotation":0,"texture":"#missing","tintindex":0}}},{"from":[11.5425005,7.8783436,7.698245],"to":[11.713928,8.1069145,8.441102],"rotation":{"angle":0.0,"axis":"y","origin":[11.628214,8.249772,7.812531]},"faces":{"south":{"uv":[4.5,5.86875,8.8625,8.63125],"rotation":0,"texture":"#2","tintindex":0},"north":{"uv":[4.5,5.86875,8.8625,8.63125],"rotation":0,"texture":"#2","tintindex":0},"down":{"uv":[4.5,5.86875,8.55,8.66875],"rotation":0,"texture":"#2","tintindex":0},"east":{"uv":[4.5,5.86875,8.2,10.60625],"rotation":90,"texture":"#2","tintindex":0},"west":{"uv":[4.5,5.86875,8.325,10.60625],"rotation":90,"texture":"#2","tintindex":0},"up":{"uv":[4.5,5.86875,8.8625,8.66875],"rotation":0,"texture":"#2","tintindex":0}}},{"from":[4.345357,7.935662,7.274359],"to":[4.399643,8.049948,7.788645],"rotation":{"angle":0.0,"axis":"y","origin":[4.3725,8.142873,7.3645406]},"faces":{"south":{"uv":[0.0,30.550276,512.0,492.34033],"rotation":0,"texture":"#missing","tintindex":0},"north":{"uv":[0.0,30.550276,512.0,492.34033],"rotation":0,"texture":"#missing","tintindex":0},"down":{"uv":[0.0,30.550276,512.0,492.34033],"rotation":0,"texture":"#missing","tintindex":0},"east":{"uv":[0.0,30.550276,512.0,492.34033],"rotation":0,"texture":"#missing","tintindex":0},"west":{"uv":[0.0,30.550276,512.0,492.34033],"rotation":0,"texture":"#missing","tintindex":0},"up":{"uv":[0.0,30.550276,512.0,492.34033],"rotation":0,"texture":"#missing","tintindex":0}}},{"from":[4.285357,7.8783436,7.698245],"to":[4.4567857,8.1069145,8.441102],"rotation":{"angle":0.0,"axis":"y","origin":[4.3710713,8.249772,7.812531]},"faces":{"south":{"uv":[4.5,5.86875,8.8625,8.63125],"rotation":0,"texture":"#2","tintindex":0},"north":{"uv":[4.5,5.86875,8.8625,8.63125],"rotation":0,"texture":"#2","tintindex":0},"down":{"uv":[4.5,5.86875,8.55,8.66875],"rotation":0,"texture":"#2","tintindex":0},"east":{"uv":[4.5,5.86875,8.2,10.60625],"rotation":90,"texture":"#2","tintindex":0},"west":{"uv":[4.5,5.86875,8.2,10.60625],"rotation":90,"texture":"#2","tintindex":0},"up":{"uv":[4.5,5.86875,8.8625,8.66875],"rotation":0,"texture":"#2","tintindex":0}}}],"textures":{"2":"modelengine:entity/bloquemadera"},"display":{"head":{"translation":[0.0,-6.4,0.0],"scale":[4.0,4.0,4.0]}}}