{"elements":[{"from":[0.45714283,12.514286,4.342857],"to":[0.742857,20.457142,4.5714283],"rotation":{"angle":0.0,"axis":"y","origin":[8.0,8.0,8.0]},"faces":{"south":{"uv":[0.0,2.1966019,0.7943497,12.2994795],"rotation":0,"texture":"#9","tintindex":0},"north":{"uv":[0.0,2.1966019,0.7943497,12.2994795],"rotation":0,"texture":"#9","tintindex":0},"down":{"uv":[0.0,2.4778774,0.8880997,2.21875],"rotation":0,"texture":"#9","tintindex":0},"east":{"uv":[0.7943497,2.1966019,0.0,12.2994795],"rotation":0,"texture":"#9","tintindex":0},"west":{"uv":[0.7943497,2.1966019,0.0,12.2994795],"rotation":0,"texture":"#9","tintindex":0},"up":{"uv":[0.0,12.2994795,0.7943497,2.1966019],"rotation":0,"texture":"#9","tintindex":0}}},{"from":[-0.40000057,15.657143,4.3399997],"to":[1.6571422,20.457142,4.3399997],"rotation":{"angle":0.0,"axis":"y","origin":[8.0,8.0,8.0]},"faces":{"south":{"uv":[0.26229507,0.0,15.737704,15.881967],"rotation":0,"texture":"#10","tintindex":0},"north":{"uv":[0.26229507,0.0,15.737704,15.881967],"rotation":0,"texture":"#10","tintindex":0},"down":{"uv":[0.26229507,0.0,15.737704,15.881967],"rotation":0,"texture":"#10","tintindex":0},"east":{"uv":[0.26229507,0.0,15.737704,15.881967],"rotation":0,"texture":"#10","tintindex":0},"west":{"uv":[0.26229507,0.0,15.737704,15.881967],"rotation":0,"texture":"#10","tintindex":0},"up":{"uv":[0.26229507,0.0,15.737704,15.881967],"rotation":0,"texture":"#10","tintindex":0}}},{"from":[0.572,12.743429,4.400571],"to":[1.0279994,13.028,4.5137143],"rotation":{"angle":0.0,"axis":"y","origin":[8.0,8.114285,8.0]},"faces":{"south":{"uv":[0.0,3.65,0.899375,4.0306797],"rotation":0,"texture":"#9","tintindex":0},"north":{"uv":[0.0,3.65,0.899375,4.0306797],"rotation":0,"texture":"#9","tintindex":0},"down":{"uv":[0.0,3.634375,0.89,4.0150547],"rotation":0,"texture":"#9","tintindex":0},"east":{"uv":[0.0,0.0,0.8525,3.6869297],"rotation":0,"texture":"#9","tintindex":0},"west":{"uv":[0.0,0.0,0.8525,3.6869297],"rotation":0,"texture":"#9","tintindex":0},"up":{"uv":[0.0,3.9994297,0.899375,3.7125],"rotation":0,"texture":"#9","tintindex":0}}},{"from":[0.572,13.200572,4.400571],"to":[1.0279994,13.485144,4.5137143],"rotation":{"angle":0.0,"axis":"y","origin":[8.0,8.171429,8.0]},"faces":{"south":{"uv":[0.0,3.7125,0.899375,4.0931797],"rotation":0,"texture":"#9","tintindex":0},"north":{"uv":[0.0,3.7125,0.899375,4.0931797],"rotation":0,"texture":"#9","tintindex":0},"down":{"uv":[0.0,3.634375,0.89,4.0150547],"rotation":0,"texture":"#9","tintindex":0},"east":{"uv":[0.0,0.0,0.8525,3.6869297],"rotation":0,"texture":"#9","tintindex":0},"west":{"uv":[0.0,0.0,0.8525,3.6869297],"rotation":0,"texture":"#9","tintindex":0},"up":{"uv":[0.0,3.9994297,0.899375,3.7125],"rotation":0,"texture":"#9","tintindex":0}}}],"textures":{"9":"modelengine:entity/vayapila","10":"modelengine:entity/estandarte"},"display":{"head":{"translation":[0.0,-6.4,0.0],"scale":[4.0,4.0,4.0]}}}