{"elements":[{"from":[0.45714283,12.514286,4.342857],"to":[0.742857,20.457142,4.5714283],"rotation":{"angle":0.0,"axis":"y","origin":[8.0,8.0,8.0]},"faces":{"south":{"uv":[0.0,2.2368422,0.875,12.461153],"rotation":0,"texture":"#14","tintindex":0},"north":{"uv":[0.0,2.2368422,0.875,12.461153],"rotation":0,"texture":"#14","tintindex":0},"down":{"uv":[0.0,12.461153,0.875,2.2368422],"rotation":0,"texture":"#14","tintindex":0},"east":{"uv":[0.875,2.2368422,0.0,12.461153],"rotation":0,"texture":"#14","tintindex":0},"west":{"uv":[0.875,2.2368422,0.0,12.461153],"rotation":0,"texture":"#14","tintindex":0},"up":{"uv":[0.0,12.461153,0.875,2.2368422],"rotation":0,"texture":"#14","tintindex":0}}},{"from":[-0.40000057,15.657143,4.3399997],"to":[1.6571422,20.457142,4.3399997],"rotation":{"angle":0.0,"axis":"y","origin":[8.0,8.0,8.0]},"faces":{"south":{"uv":[0.32786885,0.0,15.737705,15.7827425],"rotation":0,"texture":"#15","tintindex":0},"north":{"uv":[0.32786885,0.0,15.737705,15.7827425],"rotation":0,"texture":"#15","tintindex":0},"down":{"uv":[0.6557377,0.0,15.672132,15.503469],"rotation":0,"texture":"#15","tintindex":0},"east":{"uv":[0.32786885,0.0,15.737705,15.7827425],"rotation":0,"texture":"#15","tintindex":0},"west":{"uv":[0.32786885,0.0,15.737705,15.503469],"rotation":0,"texture":"#15","tintindex":0},"up":{"uv":[0.32786885,0.0,15.737705,15.503469],"rotation":0,"texture":"#15","tintindex":0}}},{"from":[0.572,12.629144,4.400571],"to":[1.0279994,12.913714,4.5137143],"rotation":{"angle":0.0,"axis":"y","origin":[8.0,8.0,8.0]},"faces":{"south":{"uv":[0.0,0.0,1.3525,0.95875],"rotation":0,"texture":"#16","tintindex":0},"north":{"uv":[0.0,0.0,1.3525,0.95875],"rotation":0,"texture":"#16","tintindex":0},"down":{"uv":[0.0,0.0,1.3525,0.95875],"rotation":0,"texture":"#16","tintindex":0},"east":{"uv":[0.0,0.0,1.3525,0.95875],"rotation":0,"texture":"#16","tintindex":0},"west":{"uv":[0.0,0.0,1.3525,0.95875],"rotation":0,"texture":"#16","tintindex":0},"up":{"uv":[0.0,0.0,1.3525,0.95875],"rotation":0,"texture":"#16","tintindex":0}}},{"from":[0.572,13.029143,4.400571],"to":[1.0279994,13.313715,4.5137143],"rotation":{"angle":0.0,"axis":"y","origin":[8.0,8.0,8.0]},"faces":{"south":{"uv":[0.0,0.0,1.3525,0.95875],"rotation":0,"texture":"#16","tintindex":0},"north":{"uv":[0.0,0.0,1.3525,0.95875],"rotation":0,"texture":"#16","tintindex":0},"down":{"uv":[0.0,0.0,1.3525,0.95875],"rotation":0,"texture":"#16","tintindex":0},"east":{"uv":[0.0,0.0,1.3525,0.95875],"rotation":0,"texture":"#16","tintindex":0},"west":{"uv":[0.0,0.0,1.3525,0.95875],"rotation":0,"texture":"#16","tintindex":0},"up":{"uv":[0.0,0.0,1.3525,0.95875],"rotation":0,"texture":"#16","tintindex":0}}}],"textures":{"14":"modelengine:entity/output-onlinepngtools (2)","15":"modelengine:entity/output-onlinepngtools (7)","16":"modelengine:entity/proyecto nuevo (2)"},"display":{"head":{"translation":[0.0,-6.4,0.0],"scale":[4.0,4.0,4.0]}}}