{"elements":[{"from":[11.307073,7.0057144,-4.788371],"to":[12.52993,8.171429,6.205915],"rotation":{"angle":0.0,"axis":"y","origin":[11.291429,8.0,5.885836]},"faces":{"south":{"uv":[5.5047965,9.482894,6.7506466,11.02255],"rotation":270,"texture":"#6","tintindex":0},"north":{"uv":[5.5064955,9.484212,6.7496,11.023249],"rotation":270,"texture":"#6","tintindex":0},"down":{"uv":[2.8756583,6.894715,9.199878,8.421742],"rotation":270,"texture":"#6","tintindex":0},"east":{"uv":[2.881542,6.921901,9.221699,8.425083],"rotation":0,"texture":"#6","tintindex":0},"west":{"uv":[2.8760679,6.8855805,9.195681,8.41433],"rotation":180,"texture":"#6","tintindex":0},"up":{"uv":[2.8828614,6.891872,9.204355,8.4187565],"rotation":270,"texture":"#6","tintindex":0}}},{"from":[5.135644,7.1885715,-4.788371],"to":[6.358501,8.354286,6.320201],"rotation":{"angle":0.0,"axis":"y","origin":[5.12,8.0,5.885836]},"faces":{"south":{"uv":[5.5047965,9.482894,6.7506466,11.02255],"rotation":270,"texture":"#6","tintindex":0},"north":{"uv":[5.5064955,9.484212,6.7496,11.023249],"rotation":270,"texture":"#6","tintindex":0},"down":{"uv":[2.8756583,6.894715,9.199878,8.421742],"rotation":270,"texture":"#6","tintindex":0},"east":{"uv":[2.881542,6.921901,9.221699,8.425083],"rotation":0,"texture":"#6","tintindex":0},"west":{"uv":[2.8760679,6.8855805,9.195681,8.41433],"rotation":180,"texture":"#6","tintindex":0},"up":{"uv":[2.8828614,6.891872,9.204355,8.4187565],"rotation":270,"texture":"#6","tintindex":0}}}],"textures":{"6":"modelengine:entity/captura de pantalla (1337)"},"display":{"head":{"translation":[0.0,-6.4,0.0],"scale":[4.0,4.0,4.0]}}}