{"elements":[{"from":[11.307073,7.0057144,-4.788371],"to":[12.52993,8.171429,6.205915],"rotation":{"angle":0.0,"axis":"y","origin":[11.291429,8.0,5.885836]},"faces":{"south":{"uv":[176.15349,303.4526,216.02069,352.7216],"rotation":270,"texture":"#missing","tintindex":0},"north":{"uv":[176.20786,303.49478,215.9872,352.74396],"rotation":270,"texture":"#missing","tintindex":0},"down":{"uv":[92.021065,220.63087,294.3961,269.49576],"rotation":270,"texture":"#missing","tintindex":0},"east":{"uv":[92.20934,221.50084,295.09436,269.60266],"rotation":0,"texture":"#missing","tintindex":0},"west":{"uv":[92.03417,220.33858,294.26178,269.25854],"rotation":180,"texture":"#missing","tintindex":0},"up":{"uv":[92.251564,220.5399,294.53937,269.4002],"rotation":270,"texture":"#missing","tintindex":0}}},{"from":[5.135644,7.1885715,-4.788371],"to":[6.358501,8.354286,6.320201],"rotation":{"angle":0.0,"axis":"y","origin":[5.12,8.0,5.885836]},"faces":{"south":{"uv":[176.15349,303.4526,216.02069,352.7216],"rotation":270,"texture":"#missing","tintindex":0},"north":{"uv":[176.20786,303.49478,215.9872,352.74396],"rotation":270,"texture":"#missing","tintindex":0},"down":{"uv":[92.021065,220.63087,294.3961,269.49576],"rotation":270,"texture":"#missing","tintindex":0},"east":{"uv":[92.20934,221.50084,295.09436,269.60266],"rotation":0,"texture":"#missing","tintindex":0},"west":{"uv":[92.03417,220.33858,294.26178,269.25854],"rotation":180,"texture":"#missing","tintindex":0},"up":{"uv":[92.251564,220.5399,294.53937,269.4002],"rotation":270,"texture":"#missing","tintindex":0}}}],"textures":{},"display":{"head":{"translation":[0.0,-6.4,0.0],"scale":[4.0,4.0,4.0]}}}