{"elements":[{"from":[11.307073,7.0057144,-4.788371],"to":[12.52993,8.171429,6.205915],"rotation":{"angle":0.0,"axis":"y","origin":[11.291429,8.0,5.885836]},"faces":{"south":{"uv":[5.5108204,9.4733715,6.730787,11.010691],"rotation":270,"texture":"#5","tintindex":0},"north":{"uv":[5.5114717,9.473997,6.730386,11.011022],"rotation":270,"texture":"#5","tintindex":0},"down":{"uv":[2.910432,6.8982353,9.190372,8.39253],"rotation":270,"texture":"#5","tintindex":0},"east":{"uv":[2.9126868,6.9111238,9.198735,8.394114],"rotation":0,"texture":"#5","tintindex":0},"west":{"uv":[2.910589,6.893905,9.188765,8.389015],"rotation":180,"texture":"#5","tintindex":0},"up":{"uv":[2.931551,6.8968873,9.192088,8.391114],"rotation":270,"texture":"#5","tintindex":0}}},{"from":[5.135644,7.1885715,-4.788371],"to":[6.358501,8.354286,6.320201],"rotation":{"angle":0.0,"axis":"y","origin":[5.12,8.0,5.885836]},"faces":{"south":{"uv":[5.5108204,9.4733715,6.730787,11.010691],"rotation":270,"texture":"#5","tintindex":0},"north":{"uv":[5.5114717,9.473997,6.730386,11.011022],"rotation":270,"texture":"#5","tintindex":0},"down":{"uv":[2.910432,6.8982353,9.190372,8.39253],"rotation":270,"texture":"#5","tintindex":0},"east":{"uv":[2.9126868,6.9111238,9.198735,8.394114],"rotation":0,"texture":"#5","tintindex":0},"west":{"uv":[2.910589,6.893905,9.188765,8.389015],"rotation":180,"texture":"#5","tintindex":0},"up":{"uv":[2.931551,6.8968873,9.192088,8.391114],"rotation":270,"texture":"#5","tintindex":0}}}],"textures":{"5":"modelengine:entity/madera"},"display":{"head":{"translation":[0.0,-6.4,0.0],"scale":[4.0,4.0,4.0]}}}