{"elements":[{"from":[6.405714,5.9354134,9.254365],"to":[7.1714287,9.272556,10.191507],"rotation":{"angle":0.0,"axis":"y","origin":[7.4857144,7.4857144,8.114285]},"faces":{"south":{"uv":[14.957394,7.819549,0.0,0.24060151],"rotation":90,"texture":"#9","tintindex":0},"north":{"uv":[0.0,0.0,16.0,7.93985],"rotation":0,"texture":"#9","tintindex":0},"down":{"uv":[0.0,7.97995,14.837092,0.20050125],"rotation":90,"texture":"#9","tintindex":0},"east":{"uv":[0.0,-8.881784E-16,14.676692,7.93985],"rotation":90,"texture":"#9","tintindex":0},"west":{"uv":[14.877193,0.04010025,1.122807,7.5789475],"rotation":90,"texture":"#9","tintindex":0},"up":{"uv":[0.0,0.0,7.538847,8.10025],"rotation":270,"texture":"#9","tintindex":0}}}],"textures":{"9":"modelengine:entity/ladrillopiedramctextura"},"display":{"head":{"translation":[0.0,-6.4,0.0],"scale":[4.0,4.0,4.0]}}}