{"elements":[{"from":[7.8867116,7.8390927,7.9142857],"to":[7.9438543,8.753378,8.085714],"rotation":{"angle":0.0,"axis":"y","origin":[7.915283,7.8390927,8.0]},"faces":{"south":{"uv":[2.069062,5.6817865,11.810469,7.3177595],"rotation":90,"texture":"#2","tintindex":0},"north":{"uv":[2.069062,5.6817865,11.810469,7.3177595],"rotation":90,"texture":"#2","tintindex":0},"down":{"uv":[2.069062,5.6817865,11.810469,7.3177595],"rotation":90,"texture":"#2","tintindex":0},"east":{"uv":[2.069062,5.6817865,11.810469,7.3177595],"rotation":90,"texture":"#2","tintindex":0},"west":{"uv":[2.069062,5.6817865,11.810469,7.3177595],"rotation":90,"texture":"#2","tintindex":0},"up":{"uv":[2.069062,5.6817865,11.810469,7.3177595],"rotation":90,"texture":"#2","tintindex":0}}},{"from":[8.05814,7.8390927,7.9142857],"to":[8.115283,8.753378,8.085714],"rotation":{"angle":0.0,"axis":"y","origin":[8.086712,7.8390927,8.0]},"faces":{"south":{"uv":[2.069062,5.6817865,11.810469,7.3177595],"rotation":90,"texture":"#2","tintindex":0},"north":{"uv":[2.069062,5.6817865,11.810469,7.3177595],"rotation":90,"texture":"#2","tintindex":0},"down":{"uv":[2.069062,5.6817865,11.810469,7.3177595],"rotation":90,"texture":"#2","tintindex":0},"east":{"uv":[2.069062,5.6817865,11.810469,7.3177595],"rotation":90,"texture":"#2","tintindex":0},"west":{"uv":[2.069062,5.6817865,11.810469,7.3177595],"rotation":90,"texture":"#2","tintindex":0},"up":{"uv":[2.069062,5.6817865,11.810469,7.3177595],"rotation":90,"texture":"#2","tintindex":0}}},{"from":[7.885714,8.752381,7.9142857],"to":[8.114285,8.809524,8.085714],"rotation":{"angle":0.0,"axis":"y","origin":[4.5714283,5.3248067,-3.4571342]},"faces":{"south":{"uv":[1.9107286,5.598453,11.755035,6.3231936],"rotation":0,"texture":"#2","tintindex":0},"north":{"uv":[1.9107286,5.598453,11.755035,6.3231936],"rotation":0,"texture":"#2","tintindex":0},"down":{"uv":[1.9107286,5.598453,11.755035,7.4981937],"rotation":0,"texture":"#2","tintindex":0},"east":{"uv":[1.9107286,5.598453,11.755035,6.3231936],"rotation":0,"texture":"#2","tintindex":0},"west":{"uv":[1.9107286,5.598453,11.755035,6.3231936],"rotation":0,"texture":"#2","tintindex":0},"up":{"uv":[1.9107286,7.4981937,11.755035,5.598453],"rotation":0,"texture":"#2","tintindex":0}}}],"textures":{"2":"modelengine:entity/texturasmadera"},"display":{"head":{"translation":[0.0,-6.4,0.0],"scale":[4.0,4.0,4.0]}}}