{"elements":[{"from":[7.8867116,7.8390927,7.9142857],"to":[7.9438543,8.753378,8.085714],"rotation":{"angle":0.0,"axis":"y","origin":[7.915283,7.8390927,8.0]},"faces":{"south":{"uv":[1.7076796,6.361481,11.949869,7.437037],"rotation":90,"texture":"#3","tintindex":0},"north":{"uv":[1.7076796,6.361481,11.949869,7.437037],"rotation":90,"texture":"#3","tintindex":0},"down":{"uv":[1.746523,5.654971,11.899865,7.465674],"rotation":270,"texture":"#3","tintindex":0},"east":{"uv":[1.7076796,5.68,11.949869,7.437037],"rotation":90,"texture":"#3","tintindex":0},"west":{"uv":[1.7076796,5.68,11.949869,7.437037],"rotation":90,"texture":"#3","tintindex":0},"up":{"uv":[1.7596653,5.646244,11.9019375,7.4747815],"rotation":270,"texture":"#3","tintindex":0}}},{"from":[8.05814,7.8390927,7.9142857],"to":[8.115283,8.753378,8.085714],"rotation":{"angle":0.0,"axis":"y","origin":[8.086712,7.8390927,8.0]},"faces":{"south":{"uv":[1.7076796,6.361481,11.949869,7.437037],"rotation":90,"texture":"#3","tintindex":0},"north":{"uv":[1.7076796,6.361481,11.949869,7.437037],"rotation":90,"texture":"#3","tintindex":0},"down":{"uv":[1.746523,5.654971,11.899865,7.465674],"rotation":270,"texture":"#3","tintindex":0},"east":{"uv":[1.7076796,5.68,11.949869,7.437037],"rotation":90,"texture":"#3","tintindex":0},"west":{"uv":[1.7076796,5.68,11.949869,7.437037],"rotation":90,"texture":"#3","tintindex":0},"up":{"uv":[1.7596653,5.646244,11.9019375,7.4747815],"rotation":270,"texture":"#3","tintindex":0}}},{"from":[7.885714,8.752381,7.9142857],"to":[8.114285,8.809524,8.085714],"rotation":{"angle":0.0,"axis":"y","origin":[4.5714283,5.3248067,-3.4571342]},"faces":{"south":{"uv":[1.7371653,6.09037,6.0323844,7.404039],"rotation":0,"texture":"#3","tintindex":0},"north":{"uv":[1.7371653,6.09037,6.0323844,7.404039],"rotation":0,"texture":"#3","tintindex":0},"down":{"uv":[1.7371653,5.660741,6.0323844,7.404039],"rotation":0,"texture":"#3","tintindex":0},"east":{"uv":[1.7204986,5.6251855,5.2286043,7.4285374],"rotation":270,"texture":"#3","tintindex":0},"west":{"uv":[1.7204986,5.6251855,5.2286043,7.4285374],"rotation":270,"texture":"#3","tintindex":0},"up":{"uv":[1.7371653,5.660741,6.0323844,7.404039],"rotation":0,"texture":"#3","tintindex":0}}}],"textures":{"3":"modelengine:entity/tablonesfila"},"display":{"head":{"translation":[0.0,-6.4,0.0],"scale":[4.0,4.0,4.0]}}}