{"elements":[{"from":[7.8285713,7.9835787,7.9428573],"to":[7.885714,8.097864,8.742857],"rotation":{"angle":0.0,"axis":"y","origin":[8.0,8.0,8.0]},"faces":{"south":{"uv":[4.8125,6.172589,8.25,10.720812],"rotation":90,"texture":"#2","tintindex":0},"north":{"uv":[4.8125,6.172589,8.25,10.720812],"rotation":90,"texture":"#2","tintindex":0},"down":{"uv":[4.8125,6.172589,8.25,10.720812],"rotation":90,"texture":"#2","tintindex":0},"east":{"uv":[5.2234883,6.172589,8.25,10.481431],"rotation":90,"texture":"#2","tintindex":0},"west":{"uv":[4.8125,6.172589,8.25,10.720812],"rotation":90,"texture":"#2","tintindex":0},"up":{"uv":[4.8125,6.172589,8.25,10.720812],"rotation":90,"texture":"#2","tintindex":0}}},{"from":[7.8285713,7.9714284,7.257143],"to":[7.885714,8.085714,8.057143],"rotation":{"angle":0.0,"axis":"y","origin":[8.0,8.0,8.0]},"faces":{"south":{"uv":[4.8125,6.172589,8.25,10.720812],"rotation":90,"texture":"#2","tintindex":0},"north":{"uv":[4.8125,6.172589,8.25,10.720812],"rotation":90,"texture":"#2","tintindex":0},"down":{"uv":[4.8125,6.172589,8.25,10.720812],"rotation":90,"texture":"#2","tintindex":0},"east":{"uv":[5.2234883,6.172589,8.25,10.481431],"rotation":90,"texture":"#2","tintindex":0},"west":{"uv":[4.8125,6.172589,8.25,10.720812],"rotation":90,"texture":"#2","tintindex":0},"up":{"uv":[4.8125,6.172589,8.25,10.720812],"rotation":90,"texture":"#2","tintindex":0}}}],"textures":{"2":"modelengine:entity/bloque_tronco"},"display":{"head":{"translation":[0.0,-6.4,0.0],"scale":[4.0,4.0,4.0]}}}