{"elements":[{"from":[8.2,7.7585673,7.965175],"to":[8.257143,7.9871387,8.028032],"rotation":{"angle":0.0,"axis":"y","origin":[8.0,8.0,8.0]},"faces":{"south":{"uv":[1.4875001,0.17777778,2.6125,0.51111114],"rotation":270,"texture":"#11","tintindex":0},"north":{"uv":[0.15,1.6444445,0.3375,1.8222222],"rotation":180,"texture":"#11","tintindex":0},"down":{"uv":[0.15,1.6444445,0.3375,1.8222222],"rotation":270,"texture":"#11","tintindex":0},"east":{"uv":[0.15,1.6444445,0.3375,1.8222222],"rotation":180,"texture":"#11","tintindex":0},"west":{"uv":[0.15,1.6444445,0.3375,1.8222222],"rotation":180,"texture":"#11","tintindex":0},"up":{"uv":[0.15,1.6444445,0.3375,1.8222222],"rotation":270,"texture":"#11","tintindex":0}}}],"textures":{"11":"modelengine:entity/tablonespila"},"display":{"head":{"translation":[0.0,-6.4,0.0],"scale":[4.0,4.0,4.0]}}}