{"elements":[{"from":[8.2,7.7585673,7.965175],"to":[8.257143,7.9871387,8.028032],"rotation":{"angle":0.0,"axis":"y","origin":[8.0,8.0,8.0]},"faces":{"south":{"uv":[2.171709,1.183339,0.9375,1.4337233],"rotation":270,"texture":"#7","tintindex":0},"north":{"uv":[0.375,0.2947988,1.535839,0.5161458],"rotation":270,"texture":"#7","tintindex":0},"down":{"uv":[1.9608389,0.6375,0.8,0.862111],"rotation":270,"texture":"#7","tintindex":0},"east":{"uv":[1.5625,0.5286649,2.7233388,0.3],"rotation":270,"texture":"#7","tintindex":0},"west":{"uv":[0.775,1.6828258,1.936638,1.470839],"rotation":270,"texture":"#7","tintindex":0},"up":{"uv":[1.5327997,0.2875,0.375,0.514101],"rotation":270,"texture":"#7","tintindex":0}}}],"textures":{"7":"modelengine:entity/proyecto nuevo (2)"},"display":{"head":{"translation":[0.0,-6.4,0.0],"scale":[4.0,4.0,4.0]}}}