{"elements":[{"from":[7.742857,7.6296215,7.9148464],"to":[7.9142857,7.9153357,8.034846],"rotation":{"angle":0.0,"axis":"y","origin":[8.0,8.0,8.0]},"faces":{"south":{"uv":[0.0375,0.7177778,1.1850001,3.128889],"rotation":270,"texture":"#11","tintindex":0},"north":{"uv":[0.0375,0.7177778,1.1850001,3.128889],"rotation":180,"texture":"#11","tintindex":0},"down":{"uv":[0.0375,0.7177778,1.1850001,3.128889],"rotation":270,"texture":"#11","tintindex":0},"east":{"uv":[0.0375,0.7177778,1.1850001,3.128889],"rotation":180,"texture":"#11","tintindex":0},"west":{"uv":[0.0375,0.7177778,1.1850001,3.128889],"rotation":180,"texture":"#11","tintindex":0},"up":{"uv":[0.0375,0.7177778,1.1850001,3.128889],"rotation":270,"texture":"#11","tintindex":0}}}],"textures":{"11":"modelengine:entity/tablonespila"},"display":{"head":{"translation":[0.0,-6.4,0.0],"scale":[4.0,4.0,4.0]}}}