{"elements":[{"from":[8.245714,9.885579,7.3617535],"to":[8.274285,9.91415,7.418896],"rotation":{"angle":0.0,"axis":"y","origin":[8.0,8.0,8.0]},"faces":{"south":{"uv":[8.10025,8.10025,16.0,8.749875],"rotation":0,"texture":"#9","tintindex":0},"north":{"uv":[8.10025,8.10025,16.0,8.749875],"rotation":0,"texture":"#9","tintindex":0},"down":{"uv":[8.10025,8.10025,16.0,8.749875],"rotation":0,"texture":"#9","tintindex":0},"east":{"uv":[8.10025,8.10025,16.0,8.749875],"rotation":0,"texture":"#9","tintindex":0},"west":{"uv":[8.10025,8.10025,16.0,8.749875],"rotation":0,"texture":"#9","tintindex":0},"up":{"uv":[8.10025,8.10025,16.0,8.749875],"rotation":0,"texture":"#9","tintindex":0}}}],"textures":{"9":"modelengine:entity/ladrillopiedramctextura"},"display":{"head":{"translation":[0.0,-6.4,0.0],"scale":[4.0,4.0,4.0]}}}