{"elements":[{"from":[11.2,11.2561455,19.199993],"to":[11.714286,11.456146,19.885706],"rotation":{"angle":0.0,"axis":"y","origin":[8.0,7.9428573,8.0]},"faces":{"south":{"uv":[4.396783,12.066488,11.87309,14.886414],"rotation":0,"texture":"#6","tintindex":0},"north":{"uv":[4.182306,12.066488,11.830194,14.929309],"rotation":0,"texture":"#6","tintindex":0},"down":{"uv":[4.396783,12.066488,11.9116955,14.864067],"rotation":0,"texture":"#6","tintindex":0},"east":{"uv":[4.2209115,14.940482,11.833504,12.141106],"rotation":0,"texture":"#6","tintindex":0},"west":{"uv":[4.13941,14.940482,11.833504,12.184001],"rotation":0,"texture":"#6","tintindex":0},"up":{"uv":[4.396783,12.066488,6.906166,14.756032],"rotation":0,"texture":"#6","tintindex":0}}}],"textures":{"6":"modelengine:entity/palanca"},"display":{"head":{"translation":[0.0,-6.4,0.0],"scale":[4.0,4.0,4.0]}}}