{"elements":[{"from":[11.2,11.2561455,19.199993],"to":[11.714286,11.456146,19.885706],"rotation":{"angle":0.0,"axis":"y","origin":[8.0,7.9428573,8.0]},"faces":{"south":{"uv":[4.1049676,12.159892,12.018199,14.97051],"rotation":0,"texture":"#10","tintindex":0},"north":{"uv":[5.7408595,16.563116,16.238766,20.492779],"rotation":0,"texture":"#10","tintindex":0},"down":{"uv":[4.1049676,12.159892,12.018199,14.97051],"rotation":0,"texture":"#10","tintindex":0},"east":{"uv":[4.1049676,12.159892,12.018199,14.97051],"rotation":0,"texture":"#10","tintindex":0},"west":{"uv":[4.1049676,12.159892,12.018199,14.97051],"rotation":0,"texture":"#10","tintindex":0},"up":{"uv":[4.087809,12.142735,7.02517,14.953352],"rotation":0,"texture":"#10","tintindex":0}}}],"textures":{"10":"modelengine:entity/palanca.webp"},"display":{"head":{"translation":[0.0,-6.4,0.0],"scale":[4.0,4.0,4.0]}}}