{"elements":[{"from":[4.742857,11.057143,18.400002],"to":[4.8571424,11.685715,19.028572],"rotation":{"angle":0.0,"axis":"y","origin":[4.8,11.3714285,18.714287]},"faces":{"south":{"uv":[0.0,0.0,14.8771925,6.8799996],"rotation":0,"texture":"#5","tintindex":0},"north":{"uv":[0.0,0.0,14.8771925,6.8799996],"rotation":0,"texture":"#5","tintindex":0},"down":{"uv":[0.0,0.0,14.8771925,6.8799996],"rotation":0,"texture":"#5","tintindex":0},"east":{"uv":[0.0,0.0,14.8771925,6.8799996],"rotation":0,"texture":"#5","tintindex":0},"west":{"uv":[0.0,0.0,14.8771925,6.8799996],"rotation":0,"texture":"#5","tintindex":0},"up":{"uv":[0.0,0.0,14.8771925,6.8799996],"rotation":0,"texture":"#5","tintindex":0}}},{"from":[4.8,11.314286,18.057144],"to":[4.8571424,11.428572,18.857143],"rotation":{"angle":0.0,"axis":"y","origin":[8.0,8.0,8.0]},"faces":{"south":{"uv":[4.8125,6.172589,8.25,10.720812],"rotation":90,"texture":"#2","tintindex":0},"north":{"uv":[4.8125,6.172589,8.25,10.720812],"rotation":90,"texture":"#2","tintindex":0},"down":{"uv":[4.8125,6.172589,8.25,10.720812],"rotation":90,"texture":"#2","tintindex":0},"east":{"uv":[5.2234883,6.172589,8.25,10.481431],"rotation":90,"texture":"#2","tintindex":0},"west":{"uv":[4.8125,6.172589,8.25,10.720812],"rotation":90,"texture":"#2","tintindex":0},"up":{"uv":[4.8125,6.172589,8.25,10.720812],"rotation":90,"texture":"#2","tintindex":0}}},{"from":[4.8,11.314286,18.685715],"to":[4.8571424,11.428572,19.485714],"rotation":{"angle":0.0,"axis":"y","origin":[8.0,8.0,8.0]},"faces":{"south":{"uv":[4.8125,6.172589,8.25,10.720812],"rotation":90,"texture":"#2","tintindex":0},"north":{"uv":[4.8125,6.172589,8.25,10.720812],"rotation":90,"texture":"#2","tintindex":0},"down":{"uv":[4.8125,6.172589,8.25,10.720812],"rotation":90,"texture":"#2","tintindex":0},"east":{"uv":[5.2234883,6.172589,8.25,10.481431],"rotation":90,"texture":"#2","tintindex":0},"west":{"uv":[4.8125,6.172589,8.25,10.720812],"rotation":90,"texture":"#2","tintindex":0},"up":{"uv":[4.8125,6.172589,8.25,10.720812],"rotation":90,"texture":"#2","tintindex":0}}},{"from":[4.685714,11.171429,18.514286],"to":[4.8571424,11.571428,18.914288],"rotation":{"angle":0.0,"axis":"y","origin":[8.0,8.0,8.0]},"faces":{"south":{"uv":[0.0,0.0,14.8771925,6.8799996],"rotation":0,"texture":"#5","tintindex":0},"north":{"uv":[0.0,0.0,14.8771925,6.8799996],"rotation":0,"texture":"#5","tintindex":0},"down":{"uv":[0.0,0.0,14.8771925,6.8799996],"rotation":0,"texture":"#5","tintindex":0},"east":{"uv":[0.0,0.0,14.8771925,6.8799996],"rotation":0,"texture":"#5","tintindex":0},"west":{"uv":[0.0,0.0,14.8771925,6.8799996],"rotation":0,"texture":"#5","tintindex":0},"up":{"uv":[0.0,0.0,14.8771925,6.8799996],"rotation":0,"texture":"#5","tintindex":0}}}],"textures":{"2":"modelengine:entity/bloque_tronco","5":"modelengine:entity/ladrillo_piedra_liza"},"display":{"head":{"translation":[0.0,-6.4,0.0],"scale":[4.0,4.0,4.0]}}}