{"elements":[{"from":[7.9428573,7.999003,7.942848],"to":[8.114285,8.684717,8.114277],"rotation":{"angle":0.0,"axis":"y","origin":[8.0,8.0,8.0]},"faces":{"south":{"uv":[7.073542,2.085372,9.004172,12.010423],"rotation":0,"texture":"#8","tintindex":0},"north":{"uv":[7.073542,2.085372,9.004172,12.010423],"rotation":0,"texture":"#8","tintindex":0},"down":{"uv":[7.073542,2.085372,9.004172,12.047922],"rotation":0,"texture":"#8","tintindex":0},"east":{"uv":[7.073542,2.085372,9.004172,12.010423],"rotation":0,"texture":"#8","tintindex":0},"west":{"uv":[7.073542,2.085372,9.004172,12.010423],"rotation":0,"texture":"#8","tintindex":0},"up":{"uv":[7.0349364,2.085372,7.931786,3.9406836],"rotation":0,"texture":"#8","tintindex":0}}}],"textures":{"8":"modelengine:entity/download"},"display":{"head":{"translation":[0.0,-6.4,0.0],"scale":[4.0,4.0,4.0]}}}