{"elements":[{"from":[7.9428573,7.999003,7.942848],"to":[8.114285,8.684717,8.114277],"rotation":{"angle":0.0,"axis":"y","origin":[8.0,8.0,8.0]},"faces":{"south":{"uv":[7.041431,2.1289825,8.9194,11.84487],"rotation":0,"texture":"#11","tintindex":0},"north":{"uv":[7.041431,2.1289825,8.9194,11.84487],"rotation":0,"texture":"#11","tintindex":0},"down":{"uv":[7.041431,2.1289825,8.9194,11.84487],"rotation":0,"texture":"#11","tintindex":0},"east":{"uv":[7.041431,2.1289825,8.9194,11.84487],"rotation":0,"texture":"#11","tintindex":0},"west":{"uv":[7.041431,2.1289825,8.9194,11.84487],"rotation":0,"texture":"#11","tintindex":0},"up":{"uv":[8.070922,2.1289825,8.9194,3.8234217],"rotation":0,"texture":"#11","tintindex":0}}}],"textures":{"11":"modelengine:entity/palanca.webp"},"display":{"head":{"translation":[0.0,-6.4,0.0],"scale":[4.0,4.0,4.0]}}}