{"elements":[{"from":[7.337135,7.0742855,7.2366233],"to":[8.388563,8.125714,18.345196],"rotation":{"angle":0.0,"axis":"x","origin":[8.0,8.0,8.0]},"faces":{"south":{"uv":[7.6608043,10.316338,9.097995,12.085516],"rotation":180,"texture":"#3","tintindex":0},"north":{"uv":[7.6608043,10.316338,9.097995,12.085516],"rotation":180,"texture":"#3","tintindex":0},"down":{"uv":[1.746523,5.654971,11.899865,7.465674],"rotation":270,"texture":"#3","tintindex":0},"east":{"uv":[1.7526852,5.675345,11.906993,7.4493985],"rotation":0,"texture":"#3","tintindex":0},"west":{"uv":[1.7526797,5.631054,11.900949,7.448279],"rotation":180,"texture":"#3","tintindex":0},"up":{"uv":[1.7596653,5.646244,11.9019375,7.4747815],"rotation":270,"texture":"#3","tintindex":0}}}],"textures":{"3":"modelengine:entity/tablonesfila"},"display":{"head":{"translation":[0.0,-6.4,0.0],"scale":[4.0,4.0,4.0]}}}