{"elements":[{"from":[7.337135,7.0742855,7.2366233],"to":[8.388563,8.125714,18.345196],"rotation":{"angle":0.0,"axis":"x","origin":[8.0,8.0,8.0]},"faces":{"south":{"uv":[1.6795049,5.5487766,3.1722038,7.4811788],"rotation":270,"texture":"#1","tintindex":0},"north":{"uv":[1.6717647,5.557745,3.1786275,7.4738727],"rotation":270,"texture":"#1","tintindex":0},"down":{"uv":[1.6619608,5.5514216,11.960442,7.4787335],"rotation":270,"texture":"#1","tintindex":0},"east":{"uv":[1.6675,5.558059,11.966848,7.4734316],"rotation":0,"texture":"#1","tintindex":0},"west":{"uv":[1.667495,5.5436296,11.961414,7.473067],"rotation":180,"texture":"#1","tintindex":0},"up":{"uv":[1.6737745,5.5485783,11.962304,7.481701],"rotation":270,"texture":"#1","tintindex":0}}}],"textures":{"1":"modelengine:entity/tablonesmadera"},"display":{"head":{"translation":[0.0,-6.4,0.0],"scale":[4.0,4.0,4.0]}}}