{"elements":[{"from":[7.428571,7.4857144,-15.771427],"to":[8.057143,9.485714,-13.771427],"rotation":{"angle":0.0,"axis":"y","origin":[7.742857,8.485714,-14.771427]},"faces":{"south":{"uv":[4.1717877,10.730826,1.2343419,12.569295],"rotation":90,"texture":"#6","tintindex":0},"north":{"uv":[4.1717877,10.730826,1.2343419,12.569295],"rotation":90,"texture":"#6","tintindex":0},"down":{"uv":[4.1717877,10.730826,1.2343419,12.569295],"rotation":90,"texture":"#6","tintindex":0},"east":{"uv":[5.292868,5.259259,10.658573,10.716049],"rotation":0,"texture":"#6","tintindex":0},"west":{"uv":[5.292868,5.259259,10.658573,10.716049],"rotation":0,"texture":"#6","tintindex":0},"up":{"uv":[4.1717877,10.730826,1.2343419,12.569295],"rotation":90,"texture":"#6","tintindex":0}}},{"from":[7.457143,7.257143,-15.485714],"to":[8.0,8.342857,-14.057142],"rotation":{"angle":0.0,"axis":"y","origin":[7.7285714,7.8,-14.771427]},"faces":{"south":{"uv":[4.1717877,10.730826,1.2343419,12.569295],"rotation":90,"texture":"#6","tintindex":0},"north":{"uv":[4.1717877,10.730826,1.2343419,12.569295],"rotation":90,"texture":"#6","tintindex":0},"down":{"uv":[4.1717877,10.730826,1.2343419,12.569295],"rotation":90,"texture":"#6","tintindex":0},"east":{"uv":[4.1717877,10.730826,1.2343419,12.569295],"rotation":90,"texture":"#6","tintindex":0},"west":{"uv":[9.8403015,12.5823345,6.260138,10.928358],"rotation":0,"texture":"#6","tintindex":0},"up":{"uv":[4.1717877,10.730826,1.2343419,12.569295],"rotation":90,"texture":"#6","tintindex":0}}},{"from":[7.457143,7.7714286,-14.628571],"to":[8.0,9.2,-13.542856],"rotation":{"angle":0.0,"axis":"y","origin":[7.7285714,8.485714,-14.085712]},"faces":{"south":{"uv":[4.1717877,10.730826,1.2343419,12.569295],"rotation":90,"texture":"#6","tintindex":0},"north":{"uv":[4.1717877,10.730826,1.2343419,12.569295],"rotation":90,"texture":"#6","tintindex":0},"down":{"uv":[4.1717877,10.730826,1.2343419,12.569295],"rotation":90,"texture":"#6","tintindex":0},"east":{"uv":[4.1717877,10.730826,1.2343419,12.569295],"rotation":90,"texture":"#6","tintindex":0},"west":{"uv":[9.756006,11.051814,6.1630216,11.729789],"rotation":90,"texture":"#6","tintindex":0},"up":{"uv":[4.1717877,10.730826,1.2343419,12.569295],"rotation":90,"texture":"#6","tintindex":0}}},{"from":[7.457143,7.7714286,-16.0],"to":[8.0,9.2,-14.914286],"rotation":{"angle":0.0,"axis":"y","origin":[7.7285714,8.485714,-15.457142]},"faces":{"south":{"uv":[4.1717877,10.730826,1.2343419,12.569295],"rotation":90,"texture":"#6","tintindex":0},"north":{"uv":[4.1717877,10.730826,1.2343419,12.569295],"rotation":90,"texture":"#6","tintindex":0},"down":{"uv":[4.1717877,10.730826,1.2343419,12.569295],"rotation":90,"texture":"#6","tintindex":0},"east":{"uv":[4.1717877,10.730826,1.2343419,12.569295],"rotation":90,"texture":"#6","tintindex":0},"west":{"uv":[9.731727,11.729789,6.1387424,11.051814],"rotation":90,"texture":"#6","tintindex":0},"up":{"uv":[4.1717877,10.730826,1.2343419,12.569295],"rotation":90,"texture":"#6","tintindex":0}}},{"from":[7.457143,7.714286,-15.485714],"to":[8.0,9.714286,-14.057142],"rotation":{"angle":0.0,"axis":"y","origin":[7.7285714,8.714286,-14.771427]},"faces":{"south":{"uv":[4.1717877,10.730826,1.2343419,12.569295],"rotation":90,"texture":"#6","tintindex":0},"north":{"uv":[4.1717877,10.730826,1.2343419,12.569295],"rotation":90,"texture":"#6","tintindex":0},"down":{"uv":[4.1717877,10.730826,1.2343419,12.569295],"rotation":90,"texture":"#6","tintindex":0},"east":{"uv":[4.1717877,10.730826,1.2343419,12.569295],"rotation":90,"texture":"#6","tintindex":0},"west":{"uv":[9.670347,10.360456,6.0901837,12.014433],"rotation":0,"texture":"#6","tintindex":0},"up":{"uv":[4.1717877,10.730826,1.2343419,12.569295],"rotation":90,"texture":"#6","tintindex":0}}}],"textures":{"6":"modelengine:entity/bloqueslizos"},"display":{"head":{"translation":[0.0,-6.4,-4.342865],"scale":[4.0,4.0,4.0]}}}