{"elements":[{"from":[4.8,7.7378855,7.762343],"to":[11.771429,8.195028,8.233771],"rotation":{"angle":0.0,"axis":"y","origin":[8.0,7.7714286,8.0]},"faces":{"south":{"uv":[0.0,2.2278519,0.88412744,12.459702],"rotation":90,"texture":"#9","tintindex":0},"north":{"uv":[0.0,2.2278519,0.88412744,12.397202],"rotation":90,"texture":"#9","tintindex":0},"down":{"uv":[0.9026358,2.1764324,0.0,12.426433],"rotation":270,"texture":"#9","tintindex":0},"east":{"uv":[0.0,13.397202,0.88412744,2.2278519],"rotation":90,"texture":"#9","tintindex":0},"west":{"uv":[0.0,13.397202,0.88412744,2.2278519],"rotation":90,"texture":"#9","tintindex":0},"up":{"uv":[0.88412744,2.2278519,0.0,12.397202],"rotation":90,"texture":"#9","tintindex":0}}}],"textures":{"9":"modelengine:entity/vayapila"},"display":{"head":{"translation":[0.0,-6.4,0.0],"scale":[4.0,4.0,4.0]}}}