{"elements":[{"from":[4.8,7.7378855,7.762343],"to":[11.771429,8.195028,8.233771],"rotation":{"angle":0.0,"axis":"y","origin":[8.0,7.7714286,8.0]},"faces":{"south":{"uv":[0.0,2.3634086,0.9261398,12.588973],"rotation":270,"texture":"#9","tintindex":0},"north":{"uv":[0.0,2.3634086,0.92757,12.588973],"rotation":270,"texture":"#9","tintindex":0},"down":{"uv":[0.92757,2.3634086,0.0,12.588973],"rotation":270,"texture":"#9","tintindex":0},"east":{"uv":[0.0,12.588973,0.92757,2.3634086],"rotation":270,"texture":"#9","tintindex":0},"west":{"uv":[0.0,12.588973,0.9305785,2.3634086],"rotation":270,"texture":"#9","tintindex":0},"up":{"uv":[0.9161283,2.3634086,0.0,12.588973],"rotation":270,"texture":"#9","tintindex":0}}}],"textures":{"9":"modelengine:entity/output-onlinepngtools2"},"display":{"head":{"translation":[0.0,-6.4,0.0],"scale":[4.0,4.0,4.0]}}}