{"elements":[{"from":[7.6,7.4857144,-14.914286],"to":[8.228572,9.485714,-12.914286],"rotation":{"angle":0.0,"axis":"y","origin":[7.9142857,8.485714,-13.914286]},"faces":{"south":{"uv":[8.546282,307.66632,163.93307,377.80585],"rotation":90,"texture":"#missing","tintindex":0},"north":{"uv":[7.7325244,308.38315,160.01158,375.62485],"rotation":270,"texture":"#missing","tintindex":0},"down":{"uv":[10.310033,370.5434,164.45374,313.1047],"rotation":90,"texture":"#missing","tintindex":0},"east":{"uv":[0.0,3.0477989,188.40668,183.29651],"rotation":0,"texture":"#missing","tintindex":0},"west":{"uv":[165.69698,169.31183,341.6959,345.98663],"rotation":0,"texture":"#missing","tintindex":0},"up":{"uv":[165.68321,375.21863,7.7325244,310.07465],"rotation":90,"texture":"#missing","tintindex":0}}},{"from":[7.6571426,7.257143,-14.628572],"to":[8.2,8.342857,-13.200001],"rotation":{"angle":0.0,"axis":"y","origin":[7.928571,7.8,-13.914286]},"faces":{"south":{"uv":[10.438543,304.22763,163.87314,382.92108],"rotation":270,"texture":"#missing","tintindex":0},"north":{"uv":[10.235508,305.5484,166.7302,380.46494],"rotation":90,"texture":"#missing","tintindex":0},"down":{"uv":[4.3984823,379.3296,164.83551,307.43307],"rotation":90,"texture":"#missing","tintindex":0},"east":{"uv":[163.77785,0.0,344.80365,169.31412],"rotation":0,"texture":"#missing","tintindex":0},"west":{"uv":[166.62245,164.61244,340.14203,343.56055],"rotation":0,"texture":"#missing","tintindex":0},"up":{"uv":[167.27405,376.05646,6.2931714,308.59848],"rotation":90,"texture":"#missing","tintindex":0}}},{"from":[7.6571426,7.7714286,-13.771429],"to":[8.2,9.2,-12.685715],"rotation":{"angle":0.0,"axis":"y","origin":[7.928571,8.485714,-13.228573]},"faces":{"south":{"uv":[6.759332,308.71954,172.35844,371.49588],"rotation":90,"texture":"#missing","tintindex":0},"north":{"uv":[3.8846738,307.94263,176.5539,374.37054],"rotation":90,"texture":"#missing","tintindex":0},"down":{"uv":[5.904704,308.05463,171.85797,370.75327],"rotation":0,"texture":"#missing","tintindex":0},"east":{"uv":[171.70258,170.1144,342.7836,345.2698],"rotation":0,"texture":"#missing","tintindex":0},"west":{"uv":[171.70258,164.36508,342.7836,339.52048],"rotation":0,"texture":"#missing","tintindex":0},"up":{"uv":[8.857057,308.09802,173.91231,373.36053],"rotation":90,"texture":"#missing","tintindex":0}}},{"from":[7.6571426,7.7714286,-15.1428585],"to":[8.2,9.2,-14.057142],"rotation":{"angle":0.0,"axis":"y","origin":[7.928571,8.485714,-14.6]},"faces":{"south":{"uv":[6.759332,308.71954,172.35844,371.49588],"rotation":90,"texture":"#missing","tintindex":0},"north":{"uv":[3.8846738,307.94263,176.5539,374.37054],"rotation":90,"texture":"#missing","tintindex":0},"down":{"uv":[5.904704,308.05463,171.85797,370.75327],"rotation":0,"texture":"#missing","tintindex":0},"east":{"uv":[171.70258,170.1144,342.7836,345.2698],"rotation":0,"texture":"#missing","tintindex":0},"west":{"uv":[171.70258,164.36508,342.7836,339.52048],"rotation":0,"texture":"#missing","tintindex":0},"up":{"uv":[3.5738997,306.31107,172.59152,370.25278],"rotation":90,"texture":"#missing","tintindex":0}}},{"from":[7.6571426,7.714286,-14.628572],"to":[8.2,9.714286,-13.200001],"rotation":{"angle":0.0,"axis":"y","origin":[7.928571,8.714286,-13.914286]},"faces":{"south":{"uv":[5.0,202.82762,154.89075,135.71046],"rotation":270,"texture":"#missing","tintindex":0},"north":{"uv":[8.779363,200.0607,155.32928,138.04128],"rotation":270,"texture":"#missing","tintindex":0},"down":{"uv":[426.53717,301.99454,251.46373,411.77542],"rotation":0,"texture":"#missing","tintindex":0},"east":{"uv":[124.154175,437.62732,400.1214,512.0],"rotation":0,"texture":"#missing","tintindex":0},"west":{"uv":[163.7478,169.04097,346.3575,345.3475],"rotation":0,"texture":"#missing","tintindex":0},"up":{"uv":[172.4795,376.05646,6.2931714,308.59848],"rotation":90,"texture":"#missing","tintindex":0}}}],"textures":{},"display":{"head":{"translation":[0.0,-6.4,0.0],"scale":[4.0,4.0,4.0]}}}