{"elements":[{"from":[7.428571,7.4857144,-15.771427],"to":[8.057143,9.485714,-13.771427],"rotation":{"angle":0.0,"axis":"y","origin":[7.742857,8.485714,-14.771427]},"faces":{"south":{"uv":[11.654021,375.9412,167.04082,305.80167],"rotation":90,"texture":"#missing","tintindex":0},"north":{"uv":[7.7325244,373.9156,160.01158,301.54614],"rotation":270,"texture":"#missing","tintindex":0},"down":{"uv":[11.086967,303.93686,165.23067,380.79892],"rotation":90,"texture":"#missing","tintindex":0},"east":{"uv":[341.6959,169.31183,165.69698,345.98663],"rotation":0,"texture":"#missing","tintindex":0},"west":{"uv":[188.40668,3.0477989,0.0,183.29651],"rotation":0,"texture":"#missing","tintindex":0},"up":{"uv":[165.68321,306.65616,7.7325244,381.97794],"rotation":90,"texture":"#missing","tintindex":0}}},{"from":[7.457143,7.257143,-15.485714],"to":[8.0,8.342857,-14.057142],"rotation":{"angle":0.0,"axis":"y","origin":[7.7285714,7.8,-14.771427]},"faces":{"south":{"uv":[10.438543,382.92108,163.87314,304.22763],"rotation":270,"texture":"#missing","tintindex":0},"north":{"uv":[10.235508,380.46494,166.7302,305.5484],"rotation":90,"texture":"#missing","tintindex":0},"down":{"uv":[4.3984823,307.43307,164.83551,379.3296],"rotation":90,"texture":"#missing","tintindex":0},"east":{"uv":[340.14203,164.61244,166.62245,343.56055],"rotation":0,"texture":"#missing","tintindex":0},"west":{"uv":[344.80365,0.0,163.77785,169.31412],"rotation":0,"texture":"#missing","tintindex":0},"up":{"uv":[167.27405,308.59848,6.2931714,376.05646],"rotation":90,"texture":"#missing","tintindex":0}}},{"from":[7.457143,7.7714286,-14.628571],"to":[8.0,9.2,-13.542856],"rotation":{"angle":0.0,"axis":"y","origin":[7.7285714,8.485714,-14.085712]},"faces":{"south":{"uv":[6.759332,371.49588,172.35844,308.71954],"rotation":90,"texture":"#missing","tintindex":0},"north":{"uv":[22.453415,377.78906,174.92233,309.6519],"rotation":90,"texture":"#missing","tintindex":0},"down":{"uv":[171.85797,308.05463,5.904704,370.75327],"rotation":0,"texture":"#missing","tintindex":0},"east":{"uv":[342.7836,164.36508,171.70258,339.52048],"rotation":0,"texture":"#missing","tintindex":0},"west":{"uv":[342.7836,170.1144,171.70258,345.2698],"rotation":0,"texture":"#missing","tintindex":0},"up":{"uv":[8.857057,371.65128,173.91231,308.09802],"rotation":90,"texture":"#missing","tintindex":0}}},{"from":[7.457143,7.7714286,-16.0],"to":[8.0,9.2,-14.914286],"rotation":{"angle":0.0,"axis":"y","origin":[7.7285714,8.485714,-15.457142]},"faces":{"south":{"uv":[11.887102,373.20514,168.93993,310.4288],"rotation":90,"texture":"#missing","tintindex":0},"north":{"uv":[3.8846738,374.37054,176.5539,307.94263],"rotation":90,"texture":"#missing","tintindex":0},"down":{"uv":[12.430956,372.22943,178.46191,311.47314],"rotation":90,"texture":"#missing","tintindex":0},"east":{"uv":[342.7836,164.36508,171.70258,339.52048],"rotation":0,"texture":"#missing","tintindex":0},"west":{"uv":[342.7836,170.1144,171.70258,345.2698],"rotation":0,"texture":"#missing","tintindex":0},"up":{"uv":[0.0,373.6713,169.01762,309.72958],"rotation":90,"texture":"#missing","tintindex":0}}},{"from":[7.457143,7.714286,-15.485714],"to":[8.0,9.714286,-14.057142],"rotation":{"angle":0.0,"axis":"y","origin":[7.7285714,8.714286,-14.771427]},"faces":{"south":{"uv":[5.0,135.71046,154.89075,202.82762],"rotation":270,"texture":"#missing","tintindex":0},"north":{"uv":[8.779363,138.04128,155.32928,205.18846],"rotation":270,"texture":"#missing","tintindex":0},"down":{"uv":[251.46373,301.99454,426.53717,411.77542],"rotation":0,"texture":"#missing","tintindex":0},"east":{"uv":[346.3575,169.04097,163.7478,345.3475],"rotation":0,"texture":"#missing","tintindex":0},"west":{"uv":[400.1214,437.62732,124.154175,512.0],"rotation":0,"texture":"#missing","tintindex":0},"up":{"uv":[160.8255,308.59848,14.839454,376.05646],"rotation":90,"texture":"#missing","tintindex":0}}}],"textures":{},"display":{"head":{"translation":[0.0,-6.4,-4.342865],"scale":[4.0,4.0,4.0]}}}