{"elements":[{"from":[7.6,7.4857144,-14.914286],"to":[8.228572,9.485714,-12.914286],"rotation":{"angle":0.0,"axis":"y","origin":[7.9142857,8.485714,-13.914286]},"faces":{"south":{"uv":[4.1717877,10.730826,1.2343419,12.569295],"rotation":90,"texture":"#7","tintindex":0},"north":{"uv":[4.1717877,10.730826,1.2343419,12.569295],"rotation":90,"texture":"#7","tintindex":0},"down":{"uv":[4.1717877,10.730826,1.2343419,12.569295],"rotation":90,"texture":"#7","tintindex":0},"east":{"uv":[5.292868,5.259259,10.658573,10.716049],"rotation":0,"texture":"#7","tintindex":0},"west":{"uv":[5.292868,5.259259,10.658573,10.716049],"rotation":0,"texture":"#7","tintindex":0},"up":{"uv":[4.1717877,10.730826,1.2343419,12.569295],"rotation":90,"texture":"#7","tintindex":0}}},{"from":[7.6571426,7.257143,-14.628572],"to":[8.2,8.342857,-13.200001],"rotation":{"angle":0.0,"axis":"y","origin":[7.928571,7.8,-13.914286]},"faces":{"south":{"uv":[4.1717877,10.730826,1.2343419,12.569295],"rotation":90,"texture":"#7","tintindex":0},"north":{"uv":[4.1717877,10.730826,1.2343419,12.569295],"rotation":90,"texture":"#7","tintindex":0},"down":{"uv":[4.1717877,10.730826,1.2343419,12.569295],"rotation":90,"texture":"#7","tintindex":0},"east":{"uv":[9.8403015,12.5823345,6.260138,10.928358],"rotation":0,"texture":"#7","tintindex":0},"west":{"uv":[9.8403015,12.5823345,6.260138,10.928358],"rotation":0,"texture":"#7","tintindex":0},"up":{"uv":[4.1717877,10.730826,1.2343419,12.569295],"rotation":90,"texture":"#7","tintindex":0}}},{"from":[7.6571426,7.7714286,-13.771429],"to":[8.2,9.2,-12.685715],"rotation":{"angle":0.0,"axis":"y","origin":[7.928571,8.485714,-13.228573]},"faces":{"south":{"uv":[4.1717877,10.730826,1.2343419,12.569295],"rotation":90,"texture":"#7","tintindex":0},"north":{"uv":[4.1717877,10.730826,1.2343419,12.569295],"rotation":90,"texture":"#7","tintindex":0},"down":{"uv":[4.1717877,10.730826,1.2343419,12.569295],"rotation":90,"texture":"#7","tintindex":0},"east":{"uv":[9.756006,11.729789,6.1630216,11.051814],"rotation":90,"texture":"#7","tintindex":0},"west":{"uv":[9.756006,11.051814,6.1630216,11.729789],"rotation":90,"texture":"#7","tintindex":0},"up":{"uv":[4.1717877,10.730826,1.2343419,12.569295],"rotation":90,"texture":"#7","tintindex":0}}},{"from":[7.6571426,7.7714286,-15.1428585],"to":[8.2,9.2,-14.057142],"rotation":{"angle":0.0,"axis":"y","origin":[7.928571,8.485714,-14.6]},"faces":{"south":{"uv":[4.1717877,10.730826,1.2343419,12.569295],"rotation":90,"texture":"#7","tintindex":0},"north":{"uv":[4.1717877,10.730826,1.2343419,12.569295],"rotation":90,"texture":"#7","tintindex":0},"down":{"uv":[4.1717877,10.730826,1.2343419,12.569295],"rotation":90,"texture":"#7","tintindex":0},"east":{"uv":[9.731727,11.729789,6.1387424,11.051814],"rotation":90,"texture":"#7","tintindex":0},"west":{"uv":[9.731727,11.729789,6.1387424,11.051814],"rotation":90,"texture":"#7","tintindex":0},"up":{"uv":[4.1717877,10.730826,1.2343419,12.569295],"rotation":90,"texture":"#7","tintindex":0}}},{"from":[7.6571426,7.714286,-14.628572],"to":[8.2,9.714286,-13.200001],"rotation":{"angle":0.0,"axis":"y","origin":[7.928571,8.714286,-13.914286]},"faces":{"south":{"uv":[4.1717877,10.730826,1.2343419,12.569295],"rotation":90,"texture":"#7","tintindex":0},"north":{"uv":[4.1717877,10.730826,1.2343419,12.569295],"rotation":90,"texture":"#7","tintindex":0},"down":{"uv":[4.1717877,10.730826,1.2343419,12.569295],"rotation":90,"texture":"#7","tintindex":0},"east":{"uv":[9.670347,10.360456,6.0901837,12.014433],"rotation":0,"texture":"#7","tintindex":0},"west":{"uv":[9.670347,10.360456,6.0901837,12.014433],"rotation":0,"texture":"#7","tintindex":0},"up":{"uv":[4.1717877,10.730826,1.2343419,12.569295],"rotation":90,"texture":"#7","tintindex":0}}}],"textures":{"7":"modelengine:entity/bloqueslizos"},"display":{"head":{"translation":[0.0,-6.4,0.0],"scale":[4.0,4.0,4.0]}}}