{"elements":[{"from":[0.11428547,8.457143,-2.0571432],"to":[0.742857,10.457143,-0.05714321],"rotation":{"angle":0.0,"axis":"y","origin":[0.42857122,9.457143,-1.0571432]},"faces":{"south":{"uv":[4.1717877,10.730826,1.2343419,12.569295],"rotation":90,"texture":"#7","tintindex":0},"north":{"uv":[4.1717877,10.730826,1.2343419,12.569295],"rotation":90,"texture":"#7","tintindex":0},"down":{"uv":[4.1717877,10.730826,1.2343419,12.569295],"rotation":90,"texture":"#7","tintindex":0},"east":{"uv":[5.292868,5.259259,10.658573,10.716049],"rotation":0,"texture":"#7","tintindex":0},"west":{"uv":[5.292868,5.259259,10.658573,10.716049],"rotation":0,"texture":"#7","tintindex":0},"up":{"uv":[4.1717877,10.730826,1.2343419,12.569295],"rotation":90,"texture":"#7","tintindex":0}}},{"from":[0.1428566,8.228572,-1.7714291],"to":[0.68571377,9.314285,-0.34285736],"rotation":{"angle":0.0,"axis":"y","origin":[0.41428566,8.771429,-1.0571432]},"faces":{"south":{"uv":[4.1717877,10.730826,1.2343419,12.569295],"rotation":90,"texture":"#7","tintindex":0},"north":{"uv":[4.1717877,10.730826,1.2343419,12.569295],"rotation":90,"texture":"#7","tintindex":0},"down":{"uv":[4.1717877,10.730826,1.2343419,12.569295],"rotation":90,"texture":"#7","tintindex":0},"east":{"uv":[9.8403015,12.5823345,6.260138,10.928358],"rotation":0,"texture":"#7","tintindex":0},"west":{"uv":[9.8403015,12.5823345,6.260138,10.928358],"rotation":0,"texture":"#7","tintindex":0},"up":{"uv":[4.1717877,10.730826,1.2343419,12.569295],"rotation":90,"texture":"#7","tintindex":0}}},{"from":[0.1428566,8.742857,-0.9142866],"to":[0.68571377,10.171429,0.1714282],"rotation":{"angle":0.0,"axis":"y","origin":[0.41428566,9.457143,-0.3714285]},"faces":{"south":{"uv":[4.1717877,10.730826,1.2343419,12.569295],"rotation":90,"texture":"#7","tintindex":0},"north":{"uv":[4.1717877,10.730826,1.2343419,12.569295],"rotation":90,"texture":"#7","tintindex":0},"down":{"uv":[4.1717877,10.730826,1.2343419,12.569295],"rotation":90,"texture":"#7","tintindex":0},"east":{"uv":[9.756006,11.051814,6.1630216,11.729789],"rotation":90,"texture":"#7","tintindex":0},"west":{"uv":[9.756006,11.051814,6.1630216,11.729789],"rotation":90,"texture":"#7","tintindex":0},"up":{"uv":[4.1717877,10.730826,1.2343419,12.569295],"rotation":90,"texture":"#7","tintindex":0}}},{"from":[0.1428566,8.742857,-2.285715],"to":[0.68571377,10.171429,-1.2000008],"rotation":{"angle":0.0,"axis":"y","origin":[0.41428566,9.457143,-1.742857]},"faces":{"south":{"uv":[4.1717877,10.730826,1.2343419,12.569295],"rotation":90,"texture":"#7","tintindex":0},"north":{"uv":[4.1717877,10.730826,1.2343419,12.569295],"rotation":90,"texture":"#7","tintindex":0},"down":{"uv":[4.1717877,10.730826,1.2343419,12.569295],"rotation":90,"texture":"#7","tintindex":0},"east":{"uv":[4.1717877,10.730826,1.2343419,12.569295],"rotation":90,"texture":"#7","tintindex":0},"west":{"uv":[9.731727,11.729789,6.1387424,11.051814],"rotation":90,"texture":"#7","tintindex":0},"up":{"uv":[4.1717877,10.730826,1.2343419,12.569295],"rotation":90,"texture":"#7","tintindex":0}}},{"from":[0.1714282,8.685715,-1.8285723],"to":[0.7142854,10.685715,-0.40000057],"rotation":{"angle":0.0,"axis":"y","origin":[0.4428568,9.685715,-1.1142864]},"faces":{"south":{"uv":[4.1717877,10.730826,1.2343419,12.569295],"rotation":90,"texture":"#7","tintindex":0},"north":{"uv":[4.1717877,10.730826,1.2343419,12.569295],"rotation":90,"texture":"#7","tintindex":0},"down":{"uv":[4.1717877,10.730826,1.2343419,12.569295],"rotation":90,"texture":"#7","tintindex":0},"east":{"uv":[9.670347,10.360456,6.0901837,12.014433],"rotation":0,"texture":"#7","tintindex":0},"west":{"uv":[9.670347,10.360456,6.0901837,12.014433],"rotation":0,"texture":"#7","tintindex":0},"up":{"uv":[4.1717877,10.730826,1.2343419,12.569295],"rotation":90,"texture":"#7","tintindex":0}}}],"textures":{"7":"modelengine:entity/bloqueslizos"},"display":{"head":{"translation":[0.0,-6.4,0.0],"scale":[4.0,4.0,4.0]}}}