{"elements":[{"from":[7.428571,7.4857144,-16.0],"to":[8.057143,9.485714,-14.0],"rotation":{"angle":0.0,"axis":"y","origin":[7.742857,8.485714,-15.0]},"faces":{"south":{"uv":[11.654021,375.9412,167.04082,305.80167],"rotation":90,"texture":"#missing","tintindex":0},"north":{"uv":[7.7325244,373.9156,160.01158,301.54614],"rotation":270,"texture":"#missing","tintindex":0},"down":{"uv":[11.086967,303.93686,165.23067,380.79892],"rotation":90,"texture":"#missing","tintindex":0},"east":{"uv":[341.6959,169.31183,165.69698,345.98663],"rotation":0,"texture":"#missing","tintindex":0},"west":{"uv":[188.40668,3.0477989,0.0,183.29651],"rotation":0,"texture":"#missing","tintindex":0},"up":{"uv":[165.68321,306.65616,7.7325244,381.97794],"rotation":90,"texture":"#missing","tintindex":0}}}],"textures":{},"display":{"head":{"translation":[0.0,-6.4,-3.4285736],"scale":[4.0,4.0,4.0]}}}