{"elements":[{"from":[0.11428547,8.457143,-2.0571432],"to":[0.742857,10.457143,-0.05714321],"rotation":{"angle":0.0,"axis":"y","origin":[0.42857122,9.457143,-1.0571432]},"faces":{"south":{"uv":[11.654021,374.23196,167.04082,304.0924],"rotation":90,"texture":"#missing","tintindex":0},"north":{"uv":[7.7325244,373.9156,160.01158,306.6739],"rotation":270,"texture":"#missing","tintindex":0},"down":{"uv":[11.086967,303.93686,165.23067,380.79892],"rotation":90,"texture":"#missing","tintindex":0},"east":{"uv":[341.6959,169.31183,165.69698,345.98663],"rotation":0,"texture":"#missing","tintindex":0},"west":{"uv":[188.40668,3.0477989,0.0,183.29651],"rotation":0,"texture":"#missing","tintindex":0},"up":{"uv":[165.68321,310.07465,7.7325244,375.21863],"rotation":90,"texture":"#missing","tintindex":0}}},{"from":[0.1428566,8.228572,-1.7714291],"to":[0.68571377,9.314285,-0.34285736],"rotation":{"angle":0.0,"axis":"y","origin":[0.41428566,8.771429,-1.0571432]},"faces":{"south":{"uv":[57.98695,374.84097,160.14386,308.1123],"rotation":270,"texture":"#missing","tintindex":0},"north":{"uv":[11.789378,377.3572,165.17633,302.44067],"rotation":90,"texture":"#missing","tintindex":0},"down":{"uv":[9.837026,304.32535,163.28163,376.22186],"rotation":90,"texture":"#missing","tintindex":0},"east":{"uv":[340.14203,164.61244,166.62245,343.56055],"rotation":0,"texture":"#missing","tintindex":0},"west":{"uv":[344.80365,0.0,163.77785,169.31412],"rotation":0,"texture":"#missing","tintindex":0},"up":{"uv":[167.27405,308.59848,6.2931714,376.05646],"rotation":90,"texture":"#missing","tintindex":0}}},{"from":[0.1428566,8.742857,-0.9142866],"to":[0.68571377,10.171429,0.1714282],"rotation":{"angle":0.0,"axis":"y","origin":[0.41428566,9.457143,-0.3714285]},"faces":{"south":{"uv":[6.759332,371.49588,172.35844,308.71954],"rotation":90,"texture":"#missing","tintindex":0},"north":{"uv":[3.8846738,374.37054,176.5539,307.94263],"rotation":90,"texture":"#missing","tintindex":0},"down":{"uv":[0.0,374.56024,157.48468,308.83157],"rotation":90,"texture":"#missing","tintindex":0},"east":{"uv":[342.7836,164.36508,171.70258,339.52048],"rotation":0,"texture":"#missing","tintindex":0},"west":{"uv":[342.7836,170.1144,171.70258,345.2698],"rotation":0,"texture":"#missing","tintindex":0},"up":{"uv":[8.857057,373.36053,173.91231,308.09802],"rotation":90,"texture":"#missing","tintindex":0}}},{"from":[0.1428566,8.742857,-2.285715],"to":[0.68571377,10.171429,-1.2000008],"rotation":{"angle":0.0,"axis":"y","origin":[0.41428566,9.457143,-1.742857]},"faces":{"south":{"uv":[11.887102,373.20514,168.93993,310.4288],"rotation":90,"texture":"#missing","tintindex":0},"north":{"uv":[3.8846738,374.37054,176.5539,307.94263],"rotation":90,"texture":"#missing","tintindex":0},"down":{"uv":[12.430956,372.22943,178.46191,311.47314],"rotation":90,"texture":"#missing","tintindex":0},"east":{"uv":[342.7836,164.36508,171.70258,339.52048],"rotation":0,"texture":"#missing","tintindex":0},"west":{"uv":[342.7836,170.1144,171.70258,345.2698],"rotation":0,"texture":"#missing","tintindex":0},"up":{"uv":[0.0,373.6713,169.01762,309.72958],"rotation":90,"texture":"#missing","tintindex":0}}},{"from":[0.1714282,8.685715,-1.8285723],"to":[0.7142854,10.685715,-0.40000057],"rotation":{"angle":0.0,"axis":"y","origin":[0.4428568,9.685715,-1.1142864]},"faces":{"south":{"uv":[5.0,134.00122,154.89075,201.11836],"rotation":270,"texture":"#missing","tintindex":0},"north":{"uv":[8.779363,141.4598,155.32928,203.47922],"rotation":270,"texture":"#missing","tintindex":0},"down":{"uv":[251.46373,301.99454,426.53717,411.77542],"rotation":0,"texture":"#missing","tintindex":0},"east":{"uv":[346.3575,169.04097,163.7478,345.3475],"rotation":0,"texture":"#missing","tintindex":0},"west":{"uv":[400.1214,437.62732,124.154175,512.0],"rotation":0,"texture":"#missing","tintindex":0},"up":{"uv":[165.64249,310.30774,9.711684,377.76572],"rotation":90,"texture":"#missing","tintindex":0}}}],"textures":{},"display":{"head":{"translation":[0.0,-6.4,0.0],"scale":[4.0,4.0,4.0]}}}