{"elements":[{"from":[8.685715,7.9428573,-10.400002],"to":[9.257143,9.3714285,-8.97143],"rotation":{"angle":0.0,"axis":"y","origin":[8.971429,8.657143,-9.685715]},"faces":{"south":{"uv":[0.1875,0.0625,0.21875,0.140625],"rotation":0,"texture":"#1","tintindex":0},"north":{"uv":[0.09375,0.0625,0.125,0.140625],"rotation":0,"texture":"#1","tintindex":0},"down":{"uv":[0.15625,0.0,0.1875,0.078125],"rotation":0,"texture":"#1","tintindex":0},"east":{"uv":[0.171875,0.0625,0.25,0.140625],"rotation":0,"texture":"#1","tintindex":0},"west":{"uv":[0.078125,0.0625,0.15625,0.140625],"rotation":0,"texture":"#1","tintindex":0},"up":{"uv":[0.125,0.0625,0.15625,0.140625],"rotation":0,"texture":"#1","tintindex":0}}},{"from":[8.6,8.034286,-10.308573],"to":[8.737143,9.28,-9.062857],"rotation":{"angle":0.0,"axis":"y","origin":[17.142857,7.2,-0.62857246]},"faces":{"south":{"uv":[10.33628,5.4913716,5.9508348,6.118361],"rotation":0,"texture":"#1","tintindex":0},"north":{"uv":[10.190604,5.4962273,5.8051596,6.123217],"rotation":0,"texture":"#1","tintindex":0},"down":{"uv":[10.279818,5.4513054,5.894373,6.118361],"rotation":0,"texture":"#1","tintindex":0},"east":{"uv":[10.274962,5.494135,5.9484067,6.118361],"rotation":0,"texture":"#1","tintindex":0},"west":{"uv":[10.676188,5.253435,5.193323,10.796965],"rotation":0,"texture":"#1","tintindex":0},"up":{"uv":[10.263442,5.4913716,5.877997,6.118361],"rotation":0,"texture":"#1","tintindex":0}}}],"textures":{"1":"modelengine:entity/piedralizaruedas"},"display":{"head":{"translation":[0.0,-6.4,0.0],"scale":[4.0,4.0,4.0]}}}