{"elements":[{"from":[7.948571,8.034286,7.3485713],"to":[8.142858,9.28,8.594286],"rotation":{"angle":0.0,"axis":"y","origin":[8.0,8.0,8.0]},"faces":{"south":{"uv":[185.7651,175.87927,326.09933,195.94295],"rotation":0,"texture":"#missing","tintindex":0},"north":{"uv":[185.7651,175.87927,326.09933,195.94295],"rotation":0,"texture":"#missing","tintindex":0},"down":{"uv":[187.06607,173.56723,327.4003,194.913],"rotation":0,"texture":"#missing","tintindex":0},"east":{"uv":[185.7651,175.87927,326.09933,195.94295],"rotation":0,"texture":"#missing","tintindex":0},"west":{"uv":[170.14871,170.99532,339.05432,342.23975],"rotation":0,"texture":"#missing","tintindex":0},"up":{"uv":[185.7651,175.87927,326.09933,195.94295],"rotation":0,"texture":"#missing","tintindex":0}}},{"from":[8.057143,7.9428573,7.257143],"to":[8.6285715,9.3714285,8.685715],"rotation":{"angle":0.0,"axis":"y","origin":[8.342857,8.657143,7.9714284]},"faces":{"south":{"uv":[8.0,2.0,9.0,4.5],"rotation":0,"texture":"#missing","tintindex":0},"north":{"uv":[5.0,2.0,6.0,4.5],"rotation":0,"texture":"#missing","tintindex":0},"down":{"uv":[7.0,0.0,8.0,2.5],"rotation":0,"texture":"#missing","tintindex":0},"east":{"uv":[10.5,2.0,13.0,4.5],"rotation":0,"texture":"#missing","tintindex":0},"west":{"uv":[7.5,2.0,10.0,4.5],"rotation":0,"texture":"#missing","tintindex":0},"up":{"uv":[6.0,2.0,7.0,4.5],"rotation":0,"texture":"#missing","tintindex":0}}}],"textures":{},"display":{"head":{"translation":[0.0,-6.4,0.0],"scale":[4.0,4.0,4.0]}}}