{"elements":[{"from":[8.685715,7.9428573,-10.400002],"to":[9.257143,9.3714285,-8.97143],"rotation":{"angle":0.0,"axis":"y","origin":[8.971429,8.657143,-9.685715]},"faces":{"south":{"uv":[6.0,2.0,7.0,4.5],"rotation":0,"texture":"#missing","tintindex":0},"north":{"uv":[3.0,2.0,4.0,4.5],"rotation":0,"texture":"#missing","tintindex":0},"down":{"uv":[5.0,0.0,6.0,2.5],"rotation":0,"texture":"#missing","tintindex":0},"east":{"uv":[5.5,2.0,8.0,4.5],"rotation":0,"texture":"#missing","tintindex":0},"west":{"uv":[2.5,2.0,5.0,4.5],"rotation":0,"texture":"#missing","tintindex":0},"up":{"uv":[4.0,2.0,5.0,4.5],"rotation":0,"texture":"#missing","tintindex":0}}},{"from":[8.6,8.034286,-10.308573],"to":[8.737143,9.28,-9.062857],"rotation":{"angle":0.0,"axis":"y","origin":[17.142857,7.2,-0.62857246]},"faces":{"south":{"uv":[330.76096,175.72389,190.42671,195.78755],"rotation":0,"texture":"#missing","tintindex":0},"north":{"uv":[326.09933,175.87927,185.7651,195.94295],"rotation":0,"texture":"#missing","tintindex":0},"down":{"uv":[328.95416,174.44177,188.61993,195.78755],"rotation":0,"texture":"#missing","tintindex":0},"east":{"uv":[328.7988,175.81232,190.34901,195.78755],"rotation":0,"texture":"#missing","tintindex":0},"west":{"uv":[341.63803,168.10992,166.18634,345.50287],"rotation":0,"texture":"#missing","tintindex":0},"up":{"uv":[328.43015,175.72389,188.0959,195.78755],"rotation":0,"texture":"#missing","tintindex":0}}}],"textures":{},"display":{"head":{"translation":[0.0,-6.4,0.0],"scale":[4.0,4.0,4.0]}}}