{"elements":[{"from":[16.388573,8.834286,-1.6800003],"to":[16.582859,10.08,-0.43428612],"rotation":{"angle":0.0,"axis":"y","origin":[8.0,8.0,8.0]},"faces":{"south":{"uv":[326.09933,175.87927,185.7651,195.94295],"rotation":0,"texture":"#missing","tintindex":0},"north":{"uv":[326.09933,175.87927,185.7651,195.94295],"rotation":0,"texture":"#missing","tintindex":0},"down":{"uv":[327.4003,173.56723,187.06607,194.913],"rotation":0,"texture":"#missing","tintindex":0},"east":{"uv":[339.05432,170.99532,170.14871,342.23975],"rotation":0,"texture":"#missing","tintindex":0},"west":{"uv":[326.09933,175.87927,185.7651,195.94295],"rotation":0,"texture":"#missing","tintindex":0},"up":{"uv":[326.09933,175.87927,185.7651,195.94295],"rotation":0,"texture":"#missing","tintindex":0}}},{"from":[15.942858,8.742857,-1.7714291],"to":[16.514286,10.171429,-0.34285736],"rotation":{"angle":0.0,"axis":"y","origin":[16.228573,9.457143,-1.0571432]},"faces":{"south":{"uv":[7.0,2.0,8.0,4.5],"rotation":0,"texture":"#missing","tintindex":0},"north":{"uv":[4.0,2.0,5.0,4.5],"rotation":0,"texture":"#missing","tintindex":0},"down":{"uv":[6.0,0.0,7.0,2.5],"rotation":0,"texture":"#missing","tintindex":0},"east":{"uv":[5.0,2.0,7.5,4.5],"rotation":0,"texture":"#missing","tintindex":0},"west":{"uv":[8.0,2.0,10.5,4.5],"rotation":0,"texture":"#missing","tintindex":0},"up":{"uv":[5.0,2.0,6.0,4.5],"rotation":0,"texture":"#missing","tintindex":0}}}],"textures":{},"display":{"head":{"translation":[0.0,-6.4,0.0],"scale":[4.0,4.0,4.0]}}}