{"elements":[{"from":[7.948571,8.034286,7.3485713],"to":[8.142858,9.28,8.594286],"rotation":{"angle":0.0,"axis":"y","origin":[8.0,8.0,8.0]},"faces":{"south":{"uv":[5.8051596,5.4962273,10.190604,6.123217],"rotation":0,"texture":"#3","tintindex":0},"north":{"uv":[5.8051596,5.4962273,10.190604,6.123217],"rotation":0,"texture":"#3","tintindex":0},"down":{"uv":[5.8458147,5.423976,10.231259,6.091031],"rotation":0,"texture":"#3","tintindex":0},"east":{"uv":[5.8051596,5.4962273,10.190604,6.123217],"rotation":0,"texture":"#3","tintindex":0},"west":{"uv":[5.3171473,5.3436036,10.595448,10.694992],"rotation":0,"texture":"#3","tintindex":0},"up":{"uv":[5.8051596,5.4962273,10.190604,6.123217],"rotation":0,"texture":"#3","tintindex":0}}},{"from":[8.057143,7.9428573,7.257143],"to":[8.6285715,9.3714285,8.685715],"rotation":{"angle":0.0,"axis":"y","origin":[8.342857,8.657143,7.9714284]},"faces":{"south":{"uv":[0.25,0.0625,0.28125,0.140625],"rotation":0,"texture":"#3","tintindex":0},"north":{"uv":[0.15625,0.0625,0.1875,0.140625],"rotation":0,"texture":"#3","tintindex":0},"down":{"uv":[0.21875,0.0,0.25,0.078125],"rotation":0,"texture":"#3","tintindex":0},"east":{"uv":[0.328125,0.0625,0.40625,0.140625],"rotation":0,"texture":"#3","tintindex":0},"west":{"uv":[0.234375,0.0625,0.3125,0.140625],"rotation":0,"texture":"#3","tintindex":0},"up":{"uv":[0.1875,0.0625,0.21875,0.140625],"rotation":0,"texture":"#3","tintindex":0}}}],"textures":{"3":"modelengine:entity/ladrillos de piedra mc textura"},"display":{"head":{"translation":[0.0,-6.4,0.0],"scale":[4.0,4.0,4.0]}}}