{"elements":[{"from":[7.8285713,8.034286,7.3485713],"to":[8.022857,9.28,8.594286],"rotation":{"angle":0.0,"axis":"y","origin":[8.0,8.0,8.0]},"faces":{"south":{"uv":[326.09933,175.87927,185.7651,195.94295],"rotation":0,"texture":"#missing","tintindex":0},"north":{"uv":[326.09933,175.87927,185.7651,195.94295],"rotation":0,"texture":"#missing","tintindex":0},"down":{"uv":[327.4003,173.56723,187.06607,194.913],"rotation":0,"texture":"#missing","tintindex":0},"east":{"uv":[339.05432,170.99532,170.14871,342.23975],"rotation":0,"texture":"#missing","tintindex":0},"west":{"uv":[326.09933,175.87927,185.7651,195.94295],"rotation":0,"texture":"#missing","tintindex":0},"up":{"uv":[326.09933,175.87927,185.7651,195.94295],"rotation":0,"texture":"#missing","tintindex":0}}},{"from":[7.3714285,7.9428573,7.257143],"to":[7.9428573,9.3714285,8.685715],"rotation":{"angle":0.0,"axis":"y","origin":[7.6571426,8.657143,7.9714284]},"faces":{"south":{"uv":[7.0,2.0,8.0,4.5],"rotation":0,"texture":"#missing","tintindex":0},"north":{"uv":[4.0,2.0,5.0,4.5],"rotation":0,"texture":"#missing","tintindex":0},"down":{"uv":[6.0,0.0,7.0,2.5],"rotation":0,"texture":"#missing","tintindex":0},"east":{"uv":[5.0,2.0,7.5,4.5],"rotation":0,"texture":"#missing","tintindex":0},"west":{"uv":[8.0,2.0,10.5,4.5],"rotation":0,"texture":"#missing","tintindex":0},"up":{"uv":[5.0,2.0,6.0,4.5],"rotation":0,"texture":"#missing","tintindex":0}}}],"textures":{},"display":{"head":{"translation":[0.0,-6.4,0.0],"scale":[4.0,4.0,4.0]}}}