{"elements":[{"from":[8.685715,7.9428573,-10.400002],"to":[9.257143,9.3714285,-8.97143],"rotation":{"angle":0.0,"axis":"y","origin":[8.971429,8.657143,-9.685715]},"faces":{"south":{"uv":[7.4537177,7.580247,8.352049,8.3950615],"rotation":0,"texture":"#6","tintindex":0},"north":{"uv":[7.4537177,7.580247,8.352049,8.3950615],"rotation":0,"texture":"#6","tintindex":0},"down":{"uv":[7.4537177,7.580247,8.352049,8.3950615],"rotation":0,"texture":"#6","tintindex":0},"east":{"uv":[7.4537177,7.580247,8.352049,8.3950615],"rotation":0,"texture":"#6","tintindex":0},"west":{"uv":[7.4537177,7.580247,8.352049,8.3950615],"rotation":0,"texture":"#6","tintindex":0},"up":{"uv":[7.4537177,7.580247,8.352049,8.3950615],"rotation":0,"texture":"#6","tintindex":0}}},{"from":[8.6,8.034286,-10.308573],"to":[8.737143,9.28,-9.062857],"rotation":{"angle":0.0,"axis":"y","origin":[17.142857,7.2,-0.62857246]},"faces":{"south":{"uv":[5.3600025,4.6627784,10.533913,5.3859167],"rotation":90,"texture":"#6","tintindex":0},"north":{"uv":[5.3600025,5.3859167,10.533913,4.6627784],"rotation":90,"texture":"#6","tintindex":0},"down":{"uv":[5.4170127,4.5572157,10.648483,5.2803535],"rotation":90,"texture":"#6","tintindex":0},"east":{"uv":[5.345037,5.357909,10.562776,10.598513],"rotation":0,"texture":"#6","tintindex":0},"west":{"uv":[5.345037,5.357909,10.562776,10.598513],"rotation":0,"texture":"#6","tintindex":0},"up":{"uv":[5.3600025,4.6627784,10.533913,5.3859167],"rotation":90,"texture":"#6","tintindex":0}}}],"textures":{"6":"modelengine:entity/bloqueslizos"},"display":{"head":{"translation":[0.0,-6.4,0.0],"scale":[4.0,4.0,4.0]}}}