{"elements":[{"from":[5.5885715,7.36,6.945714],"to":[6.8114285,8.64,20.168571],"rotation":{"angle":0.0,"axis":"x","origin":[8.914286,8.4,-1.6142864]},"faces":{"south":{"uv":[5.5047965,9.482894,6.7506466,11.02255],"rotation":270,"texture":"#5","tintindex":0},"north":{"uv":[5.5064955,9.484212,6.7496,11.023249],"rotation":270,"texture":"#5","tintindex":0},"down":{"uv":[2.8876345,6.894715,9.199878,8.421742],"rotation":270,"texture":"#5","tintindex":0},"east":{"uv":[2.893518,6.921901,9.221699,8.425083],"rotation":0,"texture":"#5","tintindex":0},"west":{"uv":[2.8880439,6.8855805,9.175322,8.41433],"rotation":180,"texture":"#5","tintindex":0},"up":{"uv":[2.8948374,6.891872,9.204355,8.4187565],"rotation":270,"texture":"#5","tintindex":0}}},{"from":[9.245714,7.36,6.945714],"to":[10.468572,8.64,20.11143],"rotation":{"angle":0.0,"axis":"x","origin":[7.542857,8.457143,-1.5]},"faces":{"south":{"uv":[5.5047965,9.482894,6.7506466,11.02255],"rotation":270,"texture":"#5","tintindex":0},"north":{"uv":[5.5064955,9.484212,6.7496,11.023249],"rotation":270,"texture":"#5","tintindex":0},"down":{"uv":[2.8876345,6.894715,9.199878,8.421742],"rotation":270,"texture":"#5","tintindex":0},"east":{"uv":[2.893518,6.921901,9.221699,8.425083],"rotation":0,"texture":"#5","tintindex":0},"west":{"uv":[2.8880439,6.8855805,9.175322,8.41433],"rotation":180,"texture":"#5","tintindex":0},"up":{"uv":[2.8948374,6.891872,9.204355,8.4187565],"rotation":270,"texture":"#5","tintindex":0}}}],"textures":{"5":"modelengine:entity/troncosmadera"},"display":{"head":{"translation":[0.0,-6.4,0.0],"scale":[4.0,4.0,4.0]}}}