{"elements":[{"from":[5.5885715,7.36,6.945714],"to":[6.8114285,8.64,20.168571],"rotation":{"angle":0.0,"axis":"x","origin":[8.914286,8.4,-1.6142864]},"faces":{"south":{"uv":[176.15349,303.4526,216.02069,352.7216],"rotation":270,"texture":"#missing","tintindex":0},"north":{"uv":[176.20786,303.49478,215.9872,352.74396],"rotation":270,"texture":"#missing","tintindex":0},"down":{"uv":[92.404305,220.63087,294.3961,269.49576],"rotation":270,"texture":"#missing","tintindex":0},"east":{"uv":[92.592575,221.50084,295.09436,269.60266],"rotation":0,"texture":"#missing","tintindex":0},"west":{"uv":[92.417404,220.33858,293.6103,269.25854],"rotation":180,"texture":"#missing","tintindex":0},"up":{"uv":[92.634796,220.5399,294.53937,269.4002],"rotation":270,"texture":"#missing","tintindex":0}}},{"from":[9.245714,7.36,6.945714],"to":[10.468572,8.64,20.11143],"rotation":{"angle":0.0,"axis":"x","origin":[7.542857,8.457143,-1.5]},"faces":{"south":{"uv":[176.15349,303.4526,216.02069,352.7216],"rotation":270,"texture":"#missing","tintindex":0},"north":{"uv":[176.20786,303.49478,215.9872,352.74396],"rotation":270,"texture":"#missing","tintindex":0},"down":{"uv":[92.404305,220.63087,294.3961,269.49576],"rotation":270,"texture":"#missing","tintindex":0},"east":{"uv":[92.592575,221.50084,295.09436,269.60266],"rotation":0,"texture":"#missing","tintindex":0},"west":{"uv":[92.417404,220.33858,293.6103,269.25854],"rotation":180,"texture":"#missing","tintindex":0},"up":{"uv":[92.634796,220.5399,294.53937,269.4002],"rotation":270,"texture":"#missing","tintindex":0}}}],"textures":{},"display":{"head":{"translation":[0.0,-6.4,0.0],"scale":[4.0,4.0,4.0]}}}