{"elements":[{"from":[12.331429,8.845715,4.217143],"to":[16.697144,10.068571,5.4399996],"rotation":{"angle":0.0,"axis":"y","origin":[8.0,8.0,8.0]},"faces":{"south":{"uv":[92.20934,221.50084,244.46921,269.60266],"rotation":0,"texture":"#missing","tintindex":0},"north":{"uv":[92.20934,221.50084,244.46921,269.60266],"rotation":0,"texture":"#missing","tintindex":0},"down":{"uv":[92.20934,221.50084,244.46921,269.60266],"rotation":0,"texture":"#missing","tintindex":0},"east":{"uv":[177.70874,304.70084,215.68837,351.57632],"rotation":0,"texture":"#missing","tintindex":0},"west":{"uv":[177.70874,304.70084,215.68837,351.57632],"rotation":0,"texture":"#missing","tintindex":0},"up":{"uv":[92.20934,221.50084,244.46921,269.60266],"rotation":0,"texture":"#missing","tintindex":0}}},{"from":[4.6171427,8.845715,4.217143],"to":[20.868572,10.068571,5.4399996],"rotation":{"angle":0.0,"axis":"y","origin":[8.0,8.0,8.0]},"faces":{"south":{"uv":[92.20934,221.50084,244.46921,269.60266],"rotation":0,"texture":"#missing","tintindex":0},"north":{"uv":[92.20934,221.50084,244.46921,269.60266],"rotation":0,"texture":"#missing","tintindex":0},"down":{"uv":[92.20934,221.50084,244.46921,269.60266],"rotation":0,"texture":"#missing","tintindex":0},"east":{"uv":[177.70874,304.70084,215.68837,351.57632],"rotation":0,"texture":"#missing","tintindex":0},"west":{"uv":[177.70874,304.70084,215.68837,351.57632],"rotation":0,"texture":"#missing","tintindex":0},"up":{"uv":[92.20934,221.50084,244.46921,269.60266],"rotation":0,"texture":"#missing","tintindex":0}}},{"from":[5.817137,8.845709,1.1314225],"to":[12.92572,10.068577,2.3542914],"rotation":{"angle":0.0,"axis":"y","origin":[7.9428573,8.0,8.0]},"faces":{"south":{"uv":[92.20934,221.50084,295.09436,269.0278],"rotation":0,"texture":"#missing","tintindex":0},"north":{"uv":[92.97581,221.50084,295.09436,269.0278],"rotation":0,"texture":"#missing","tintindex":0},"down":{"uv":[92.20934,221.50084,295.09436,269.0278],"rotation":0,"texture":"#missing","tintindex":0},"east":{"uv":[176.06084,302.93796,215.84166,352.95596],"rotation":0,"texture":"#missing","tintindex":0},"west":{"uv":[176.53717,303.11703,215.04742,351.96033],"rotation":180,"texture":"#missing","tintindex":0},"up":{"uv":[92.20934,221.50084,295.09436,269.0278],"rotation":0,"texture":"#missing","tintindex":0}}},{"from":[0.50285625,8.845715,1.1428566],"to":[5.8971424,10.068571,2.365714],"rotation":{"angle":0.0,"axis":"y","origin":[8.0,8.0,8.0]},"faces":{"south":{"uv":[92.20934,221.50084,295.09436,269.0278],"rotation":0,"texture":"#missing","tintindex":0},"north":{"uv":[92.97581,221.50084,295.09436,269.0278],"rotation":0,"texture":"#missing","tintindex":0},"down":{"uv":[92.20934,221.50084,295.09436,269.0278],"rotation":0,"texture":"#missing","tintindex":0},"east":{"uv":[176.06084,302.93796,215.84166,352.95596],"rotation":0,"texture":"#missing","tintindex":0},"west":{"uv":[176.53717,303.11703,215.04742,351.96033],"rotation":180,"texture":"#missing","tintindex":0},"up":{"uv":[92.20934,221.50084,295.09436,269.0278],"rotation":0,"texture":"#missing","tintindex":0}}},{"from":[12.902857,8.845715,7.302857],"to":[16.697716,10.068571,8.525714],"rotation":{"angle":0.0,"axis":"y","origin":[8.0,8.0,8.0]},"faces":{"south":{"uv":[92.51593,220.6194,174.03088,270.1392],"rotation":0,"texture":"#missing","tintindex":0},"north":{"uv":[92.51593,220.6194,174.03088,267.83978],"rotation":0,"texture":"#missing","tintindex":0},"down":{"uv":[92.51593,220.6194,174.03088,267.83978],"rotation":0,"texture":"#missing","tintindex":0},"east":{"uv":[177.70874,304.70084,215.68837,351.57632],"rotation":0,"texture":"#missing","tintindex":0},"west":{"uv":[176.61382,304.8799,214.81747,351.69208],"rotation":180,"texture":"#missing","tintindex":0},"up":{"uv":[92.51593,220.6194,174.874,267.83978],"rotation":0,"texture":"#missing","tintindex":0}}},{"from":[18.102858,8.845715,7.302857],"to":[19.44,10.068571,8.525714],"rotation":{"angle":0.0,"axis":"y","origin":[8.0,8.0,8.0]},"faces":{"south":{"uv":[92.51593,220.6194,135.86082,267.83978],"rotation":0,"texture":"#missing","tintindex":0},"north":{"uv":[92.51593,220.6194,135.86082,267.83978],"rotation":0,"texture":"#missing","tintindex":0},"down":{"uv":[92.51593,220.6194,135.86082,267.83978],"rotation":0,"texture":"#missing","tintindex":0},"east":{"uv":[177.70874,304.70084,215.68837,351.57632],"rotation":0,"texture":"#missing","tintindex":0},"west":{"uv":[176.61382,304.8799,214.81747,351.69208],"rotation":180,"texture":"#missing","tintindex":0},"up":{"uv":[92.51593,220.6194,135.86082,267.83978],"rotation":0,"texture":"#missing","tintindex":0}}},{"from":[12.902857,8.845715,1.188571],"to":[16.697144,10.069143,2.4114285],"rotation":{"angle":0.0,"axis":"y","origin":[8.0,8.0,8.0]},"faces":{"south":{"uv":[92.51593,220.6194,174.03088,267.83978],"rotation":0,"texture":"#missing","tintindex":0},"north":{"uv":[92.51593,220.6194,174.03088,269.75595],"rotation":0,"texture":"#missing","tintindex":0},"down":{"uv":[92.51593,220.6194,174.03088,267.83978],"rotation":0,"texture":"#missing","tintindex":0},"east":{"uv":[177.70874,304.70084,215.68837,351.57632],"rotation":0,"texture":"#missing","tintindex":0},"west":{"uv":[176.61382,304.8799,214.81747,351.69208],"rotation":180,"texture":"#missing","tintindex":0},"up":{"uv":[92.51593,220.6194,174.874,267.83978],"rotation":0,"texture":"#missing","tintindex":0}}},{"from":[18.102858,8.845715,1.188571],"to":[19.44,10.068571,2.4114285],"rotation":{"angle":0.0,"axis":"y","origin":[8.0,8.0,8.0]},"faces":{"south":{"uv":[92.51593,220.6194,135.86082,267.83978],"rotation":0,"texture":"#missing","tintindex":0},"north":{"uv":[92.51593,220.6194,135.86082,267.83978],"rotation":0,"texture":"#missing","tintindex":0},"down":{"uv":[92.51593,220.6194,135.86082,267.83978],"rotation":0,"texture":"#missing","tintindex":0},"east":{"uv":[177.70874,304.70084,215.68837,351.57632],"rotation":0,"texture":"#missing","tintindex":0},"west":{"uv":[176.61382,304.8799,214.81747,351.69208],"rotation":180,"texture":"#missing","tintindex":0},"up":{"uv":[92.51593,220.6194,135.86082,267.83978],"rotation":0,"texture":"#missing","tintindex":0}}},{"from":[-1.9542866,8.845715,7.302857],"to":[-0.61714363,10.068571,8.525714],"rotation":{"angle":0.0,"axis":"y","origin":[8.0,8.0,8.0]},"faces":{"south":{"uv":[92.51593,220.6194,135.86082,267.83978],"rotation":0,"texture":"#missing","tintindex":0},"north":{"uv":[92.51593,220.6194,135.86082,267.83978],"rotation":0,"texture":"#missing","tintindex":0},"down":{"uv":[92.51593,220.6194,135.86082,267.83978],"rotation":0,"texture":"#missing","tintindex":0},"east":{"uv":[177.70874,304.70084,215.68837,351.57632],"rotation":0,"texture":"#missing","tintindex":0},"west":{"uv":[176.61382,304.8799,214.81747,351.69208],"rotation":180,"texture":"#missing","tintindex":0},"up":{"uv":[92.51593,220.6194,135.86082,267.83978],"rotation":0,"texture":"#missing","tintindex":0}}},{"from":[-1.9542866,8.845715,1.1314278],"to":[-0.61714363,10.068571,2.3542857],"rotation":{"angle":0.0,"axis":"y","origin":[8.0,8.0,8.0]},"faces":{"south":{"uv":[92.51593,220.6194,135.86082,267.83978],"rotation":0,"texture":"#missing","tintindex":0},"north":{"uv":[92.51593,220.6194,135.86082,267.83978],"rotation":0,"texture":"#missing","tintindex":0},"down":{"uv":[92.51593,220.6194,135.86082,267.83978],"rotation":0,"texture":"#missing","tintindex":0},"east":{"uv":[177.70874,304.70084,215.68837,351.57632],"rotation":0,"texture":"#missing","tintindex":0},"west":{"uv":[176.61382,304.8799,214.81747,351.69208],"rotation":180,"texture":"#missing","tintindex":0},"up":{"uv":[92.51593,220.6194,135.86082,267.83978],"rotation":0,"texture":"#missing","tintindex":0}}},{"from":[5.6457143,8.845715,7.302857],"to":[12.982858,10.068571,8.525714],"rotation":{"angle":0.0,"axis":"y","origin":[8.0,8.0,8.0]},"faces":{"south":{"uv":[92.20934,221.50084,294.32788,269.60266],"rotation":0,"texture":"#missing","tintindex":0},"north":{"uv":[92.20934,221.50084,295.09436,269.60266],"rotation":0,"texture":"#missing","tintindex":0},