{"elements":[{"from":[2.5314279,7.3885713,7.3885713],"to":[13.468573,8.611428,8.611428],"rotation":{"angle":0.0,"axis":"y","origin":[7.6285715,7.9142857,8.028571]},"faces":{"south":{"uv":[2.9120178,6.8659644,9.183027,8.39733],"rotation":180,"texture":"#5","tintindex":0},"north":{"uv":[2.915303,6.8666444,9.185115,8.396594],"rotation":180,"texture":"#5","tintindex":0},"down":{"uv":[2.910432,6.897161,9.2441435,8.432679],"rotation":0,"texture":"#5","tintindex":0},"east":{"uv":[5.5055013,9.518531,6.7556214,11.023743],"rotation":0,"texture":"#5","tintindex":0},"west":{"uv":[5.5034037,9.501312,6.7456503,11.018645],"rotation":180,"texture":"#5","tintindex":0},"up":{"uv":[2.931551,6.9191093,9.265208,8.427533],"rotation":0,"texture":"#5","tintindex":0}}}],"textures":{"5":"modelengine:entity/madera"},"display":{"head":{"translation":[0.0,-6.4,0.0],"scale":[4.0,4.0,4.0]}}}