{"elements":[{"from":[3.1599998,7.3885713,7.3885713],"to":[12.84,8.611428,8.611428],"rotation":{"angle":0.0,"axis":"y","origin":[5.3999996,6.542857,17.057144]},"faces":{"south":{"uv":[95.291214,222.24542,294.02127,267.8228],"rotation":0,"texture":"#missing","tintindex":0},"north":{"uv":[93.04617,221.09958,293.74924,269.54],"rotation":180,"texture":"#missing","tintindex":0},"down":{"uv":[92.404305,220.63087,294.5626,270.47894],"rotation":0,"texture":"#missing","tintindex":0},"east":{"uv":[175.75426,302.9763,215.34828,352.223],"rotation":90,"texture":"#missing","tintindex":0},"west":{"uv":[176.34555,304.0751,215.53137,352.54944],"rotation":270,"texture":"#missing","tintindex":0},"up":{"uv":[92.634796,220.5399,294.7885,268.88278],"rotation":0,"texture":"#missing","tintindex":0}}}],"textures":{},"display":{"head":{"translation":[0.0,-6.4,0.0],"scale":[4.0,4.0,4.0]}}}