{"elements":[{"from":[8.045714,3.223071,18.385841],"to":[13.154286,4.4459286,19.6087],"rotation":{"angle":0.0,"axis":"y","origin":[8.0,4.457143,18.628572]},"faces":{"south":{"uv":[92.32431,221.50084,223.73628,263.126],"rotation":0,"texture":"#missing","tintindex":0},"north":{"uv":[92.97581,221.50084,223.73628,263.126],"rotation":0,"texture":"#missing","tintindex":0},"down":{"uv":[92.32431,221.50084,223.73628,263.126],"rotation":0,"texture":"#missing","tintindex":0},"east":{"uv":[177.70874,304.70084,215.68837,351.57632],"rotation":0,"texture":"#missing","tintindex":0},"west":{"uv":[176.61382,304.8799,214.81747,351.69208],"rotation":180,"texture":"#missing","tintindex":0},"up":{"uv":[92.32431,221.50084,223.73628,263.126],"rotation":0,"texture":"#missing","tintindex":0}}}],"textures":{},"display":{"head":{"translation":[0.0,-6.4,0.0],"scale":[4.0,4.0,4.0]}}}