{"elements":[{"from":[12.331429,8.845715,4.217143],"to":[16.697144,10.068571,5.4399996],"rotation":{"angle":0.0,"axis":"y","origin":[8.0,8.0,8.0]},"faces":{"south":{"uv":[5.4820776,6.8659644,9.183027,8.39733],"rotation":180,"texture":"#5","tintindex":0},"north":{"uv":[5.485363,6.8666444,9.185115,8.396594],"rotation":180,"texture":"#5","tintindex":0},"down":{"uv":[5.480492,6.897161,9.172288,8.432679],"rotation":0,"texture":"#5","tintindex":0},"east":{"uv":[5.5055013,9.518531,6.7556214,11.023743],"rotation":0,"texture":"#5","tintindex":0},"west":{"uv":[5.5034037,9.501312,6.7456503,11.018645],"rotation":180,"texture":"#5","tintindex":0},"up":{"uv":[5.5016108,6.9191093,9.193352,8.427533],"rotation":0,"texture":"#5","tintindex":0}}},{"from":[8.102858,8.845715,4.217143],"to":[12.411428,10.068571,5.4399996],"rotation":{"angle":0.0,"axis":"y","origin":[8.0,8.0,8.0]},"faces":{"south":{"uv":[5.4820776,6.8659644,9.183027,8.39733],"rotation":180,"texture":"#5","tintindex":0},"north":{"uv":[5.485363,6.8666444,9.185115,8.396594],"rotation":180,"texture":"#5","tintindex":0},"down":{"uv":[5.480492,6.897161,9.172288,8.432679],"rotation":0,"texture":"#5","tintindex":0},"east":{"uv":[5.5055013,9.518531,6.7556214,11.023743],"rotation":0,"texture":"#5","tintindex":0},"west":{"uv":[5.5034037,9.501312,6.7456503,11.018645],"rotation":180,"texture":"#5","tintindex":0},"up":{"uv":[5.5016108,6.9191093,9.193352,8.427533],"rotation":0,"texture":"#5","tintindex":0}}},{"from":[4.6171427,8.845715,4.217143],"to":[8.297143,10.068571,5.4399996],"rotation":{"angle":0.0,"axis":"y","origin":[8.0,8.0,8.0]},"faces":{"south":{"uv":[2.9120178,6.8659644,5.7698536,8.39733],"rotation":180,"texture":"#5","tintindex":0},"north":{"uv":[2.915303,6.8666444,5.7719407,8.396594],"rotation":180,"texture":"#5","tintindex":0},"down":{"uv":[2.910432,6.897161,5.83097,8.432679],"rotation":0,"texture":"#5","tintindex":0},"east":{"uv":[5.5055013,9.518531,6.7556214,11.023743],"rotation":0,"texture":"#5","tintindex":0},"west":{"uv":[5.5034037,9.501312,6.7456503,11.018645],"rotation":180,"texture":"#5","tintindex":0},"up":{"uv":[2.931551,6.9191093,5.8520336,8.427533],"rotation":0,"texture":"#5","tintindex":0}}},{"from":[5.817137,8.845709,1.1314225],"to":[12.92572,10.068577,2.3542914],"rotation":{"angle":0.0,"axis":"y","origin":[7.9428573,8.0,8.0]},"faces":{"south":{"uv":[2.9120178,6.8659644,9.183027,8.39733],"rotation":180,"texture":"#5","tintindex":0},"north":{"uv":[2.915303,6.8666444,9.185115,8.396594],"rotation":180,"texture":"#5","tintindex":0},"down":{"uv":[2.910432,6.897161,9.2441435,8.432679],"rotation":0,"texture":"#5","tintindex":0},"east":{"uv":[5.5055013,9.518531,6.7556214,11.023743],"rotation":0,"texture":"#5","tintindex":0},"west":{"uv":[5.5034037,9.501312,6.7456503,11.018645],"rotation":180,"texture":"#5","tintindex":0},"up":{"uv":[2.931551,6.9191093,9.265208,8.427533],"rotation":0,"texture":"#5","tintindex":0}}},{"from":[0.50285625,8.845715,1.1428566],"to":[5.8971424,10.068571,2.365714],"rotation":{"angle":0.0,"axis":"y","origin":[8.0,8.0,8.0]},"faces":{"south":{"uv":[5.4820776,6.8659644,9.183027,8.39733],"rotation":180,"texture":"#5","tintindex":0},"north":{"uv":[5.485363,6.8666444,9.185115,8.396594],"rotation":180,"texture":"#5","tintindex":0},"down":{"uv":[5.480492,6.897161,9.172288,8.432679],"rotation":0,"texture":"#5","tintindex":0},"east":{"uv":[5.5055013,9.518531,6.7556214,11.023743],"rotation":0,"texture":"#5","tintindex":0},"west":{"uv":[5.5034037,9.501312,6.7456503,11.018645],"rotation":180,"texture":"#5","tintindex":0},"up":{"uv":[5.5016108,6.9191093,9.193352,8.427533],"rotation":0,"texture":"#5","tintindex":0}}},{"from":[12.902857,8.845715,7.302857],"to":[16.697716,10.068571,8.525714],"rotation":{"angle":0.0,"axis":"y","origin":[8.0,8.0,8.0]},"faces":{"south":{"uv":[5.4820776,6.8659644,9.183027,8.39733],"rotation":180,"texture":"#5","tintindex":0},"north":{"uv":[5.485363,6.8666444,9.185115,8.396594],"rotation":180,"texture":"#5","tintindex":0},"down":{"uv":[5.480492,6.897161,9.2441435,8.432679],"rotation":0,"texture":"#5","tintindex":0},"east":{"uv":[5.5055013,9.518531,6.7556214,11.023743],"rotation":0,"texture":"#5","tintindex":0},"west":{"uv":[5.5034037,9.501312,6.7456503,11.018645],"rotation":180,"texture":"#5","tintindex":0},"up":{"uv":[5.5016108,6.9191093,9.265208,8.427533],"rotation":0,"texture":"#5","tintindex":0}}},{"from":[18.102858,8.845715,7.302857],"to":[19.44,10.068571,8.525714],"rotation":{"angle":0.0,"axis":"y","origin":[8.0,8.0,8.0]},"faces":{"south":{"uv":[0.0,0.0,16.0,16.0],"rotation":90,"texture":"#8","tintindex":0},"north":{"uv":[0.0,0.0,16.0,16.0],"rotation":270,"texture":"#8","tintindex":0},"down":{"uv":[0.0,0.0,16.0,16.0],"rotation":90,"texture":"#8","tintindex":0},"east":{"uv":[0.0,0.0,16.0,16.0],"rotation":0,"texture":"#8","tintindex":0},"west":{"uv":[0.0,0.0,16.0,16.0],"rotation":0,"texture":"#8","tintindex":0},"up":{"uv":[0.0,0.0,16.0,16.0],"rotation":90,"texture":"#8","tintindex":0}}},{"from":[12.902857,8.845715,1.188571],"to":[16.697144,10.069143,2.4114285],"rotation":{"angle":0.0,"axis":"y","origin":[8.0,8.0,8.0]},"faces":{"south":{"uv":[5.4820776,6.8659644,9.183027,8.39733],"rotation":180,"texture":"#5","tintindex":0},"north":{"uv":[5.485363,6.8666444,9.185115,8.396594],"rotation":180,"texture":"#5","tintindex":0},"down":{"uv":[5.480492,6.897161,9.2441435,8.432679],"rotation":0,"texture":"#5","tintindex":0},"east":{"uv":[5.5055013,9.518531,6.7556214,11.023743],"rotation":0,"texture":"#5","tintindex":0},"west":{"uv":[5.5034037,9.501312,6.7456503,11.018645],"rotation":180,"texture":"#5","tintindex":0},"up":{"uv":[5.5016108,6.9191093,9.265208,8.427533],"rotation":0,"texture":"#5","tintindex":0}}},{"from":[18.102858,8.845715,1.188571],"to":[19.44,10.068571,2.4114285],"rotation":{"angle":0.0,"axis":"y","origin":[8.0,8.0,8.0]},"faces":{"south":{"uv":[0.0,0.0,16.0,16.0],"rotation":90,"texture":"#8","tintindex":0},"north":{"uv":[0.0,0.0,16.0,16.0],"rotation":270,"texture":"#8","tintindex":0},"down":{"uv":[0.0,0.0,16.0,16.0],"rotation":90,"texture":"#8","tintindex":0},"east":{"uv":[0.0,0.0,16.0,16.0],"rotation":0,"texture":"#8","tintindex":0},"west":{"uv":[0.0,0.0,16.0,16.0],"rotation":0,"texture":"#8","tintindex":0},"up":{"uv":[0.0,0.0,16.0,16.0],"rotation":90,"texture":"#8","tintindex":0}}},{"from":[-1.9542866,8.845715,7.302857],"to":[-0.61714363,10.068571,8.525714],"rotation":{"angle":0.0,"axis":"y","origin":[8.0,8.0,8.0]},"faces":{"south":{"uv":[8.042557,6.8659644,9.183027,8.39733],"rotation":180,"texture":"#5","tintindex":0},"north":{"uv":[8.045842,6.8666444,9.185115,8.396594],"rotation":180,"texture":"#5","tintindex":0},"down":{"uv":[8.040972,6.897161,9.172288,8.432679],"rotation":0,"texture":"#5","tintindex":0},"east":{"uv":[5.5055013,9.518531,6.7556214,11.023743],"rotation":0,"texture":"#5","tintindex":0},"west":{"uv":[5.5034037,9.501312,6.7456503,11.018645],"rotation":180,"texture":"#5","tintindex":0},"up":{"uv":[8.06209,6.9191093,9.193352,8.427533],"rotation":0,"texture":"#5","tintindex":0}}},{"from":[-1.9542866,8.845715,1.1314278],"to":[-0.61714363,10.068571,2.3542857],"rotation":{"angle":0.0,"axis":"y","origin":[8.0,8.0,8.0]},"faces":{"south":{"uv":[8.042557,6.8659644,9.183027,8.39733],"rotation":180,"texture":"#5","tintindex":0},"north":{"uv":[8.045842,6.8666444,9.185115,8.396594],"rotation":180,"texture":"#5","tintindex":0},"down":{"uv":[8.040972,6.897161,9.172288,8.432679],"rotation":0,"texture":"#5","tintindex":0},"east":{"uv":[5.5055013,9.518531,6.7556214,11.023743],"rotation":0,"texture":"#5","tintindex":0},"west":{"uv":[5.5034037,9.501312,6.7456503,11.018645],"rotation":180,"texture":"#5","tintindex":0},"up":{"uv":[8.06209,6.9191093,9.193352,8.427533],"rotation":0,"texture":"#5","tintindex":0}}},{"from":[5.6457143,8.845715,7.302857],"to":[12.982858,10.068571,8.525714],"rotation":{"angle":0.0,"axis":"y","origin":[8.0,8.0,8.0]},"faces":{"south":{"uv":[2.9120178,6.8659644,9.183027,8.39733],"rotation":180,"texture":"#5","tintindex":0},