{"elements":[{"from":[3.1599998,7.3885713,7.3885713],"to":[12.84,8.611428,8.611428],"rotation":{"angle":0.0,"axis":"y","origin":[5.3999996,6.542857,17.057144]},"faces":{"south":{"uv":[2.9778504,6.9451694,9.188165,8.369463],"rotation":0,"texture":"#3","tintindex":0},"north":{"uv":[2.907693,6.909362,9.179664,8.423125],"rotation":180,"texture":"#3","tintindex":0},"down":{"uv":[2.8876345,6.894715,9.205081,8.452467],"rotation":0,"texture":"#3","tintindex":0},"east":{"uv":[5.4923205,9.468009,6.729634,11.0069685],"rotation":90,"texture":"#3","tintindex":0},"west":{"uv":[5.5107985,9.502347,6.7353554,11.01717],"rotation":270,"texture":"#3","tintindex":0},"up":{"uv":[2.8948374,6.891872,9.212141,8.402587],"rotation":0,"texture":"#3","tintindex":0}}}],"textures":{"3":"modelengine:entity/troncosmadera"},"display":{"head":{"translation":[0.0,-6.4,0.0],"scale":[4.0,4.0,4.0]}}}