{"elements":[{"from":[10.502857,6.7314286,10.274286],"to":[17.954287,7.9542856,11.497143],"rotation":{"angle":0.0,"axis":"y","origin":[8.0,8.0,8.171429]},"faces":{"south":{"uv":[92.20934,221.50084,293.29315,263.126],"rotation":0,"texture":"#missing","tintindex":0},"north":{"uv":[92.20934,221.50084,293.29315,263.126],"rotation":0,"texture":"#missing","tintindex":0},"down":{"uv":[92.20934,221.50084,293.29315,263.126],"rotation":0,"texture":"#missing","tintindex":0},"east":{"uv":[177.70874,304.70084,215.68837,351.57632],"rotation":0,"texture":"#missing","tintindex":0},"west":{"uv":[176.61382,304.8799,214.81747,351.69208],"rotation":180,"texture":"#missing","tintindex":0},"up":{"uv":[92.20934,221.50084,293.29315,263.126],"rotation":0,"texture":"#missing","tintindex":0}}}],"textures":{},"display":{"head":{"translation":[0.0,-6.4,0.0],"scale":[4.0,4.0,4.0]}}}