{"elements":[{"from":[12.331429,8.845715,4.217143],"to":[16.697144,10.068571,5.4399996],"rotation":{"angle":0.0,"axis":"y","origin":[8.0,8.0,8.0]},"faces":{"south":{"uv":[2.881542,6.921901,7.6396627,8.425083],"rotation":0,"texture":"#3","tintindex":0},"north":{"uv":[2.881542,6.921901,7.6396627,8.425083],"rotation":0,"texture":"#3","tintindex":0},"down":{"uv":[2.881542,6.921901,7.6396627,8.425083],"rotation":0,"texture":"#3","tintindex":0},"east":{"uv":[5.553398,9.521901,6.7402616,10.98676],"rotation":0,"texture":"#3","tintindex":0},"west":{"uv":[5.553398,9.521901,6.7402616,10.98676],"rotation":0,"texture":"#3","tintindex":0},"up":{"uv":[2.881542,6.921901,7.6396627,8.425083],"rotation":0,"texture":"#3","tintindex":0}}},{"from":[8.102858,8.845715,4.217143],"to":[12.411428,10.068571,5.4399996],"rotation":{"angle":0.0,"axis":"y","origin":[8.0,8.0,8.0]},"faces":{"south":{"uv":[2.881542,6.921901,7.6396627,8.425083],"rotation":0,"texture":"#3","tintindex":0},"north":{"uv":[2.881542,6.921901,7.6396627,8.425083],"rotation":0,"texture":"#3","tintindex":0},"down":{"uv":[2.881542,6.921901,7.6396627,8.425083],"rotation":0,"texture":"#3","tintindex":0},"east":{"uv":[5.553398,9.521901,6.7402616,10.98676],"rotation":0,"texture":"#3","tintindex":0},"west":{"uv":[5.553398,9.521901,6.7402616,10.98676],"rotation":0,"texture":"#3","tintindex":0},"up":{"uv":[2.881542,6.921901,7.6396627,8.425083],"rotation":0,"texture":"#3","tintindex":0}}},{"from":[4.6171427,8.845715,4.217143],"to":[8.297143,10.068571,5.4399996],"rotation":{"angle":0.0,"axis":"y","origin":[8.0,8.0,8.0]},"faces":{"south":{"uv":[2.881542,6.921901,7.6396627,8.425083],"rotation":0,"texture":"#3","tintindex":0},"north":{"uv":[2.881542,6.921901,7.6396627,8.425083],"rotation":0,"texture":"#3","tintindex":0},"down":{"uv":[2.881542,6.921901,7.6396627,8.425083],"rotation":0,"texture":"#3","tintindex":0},"east":{"uv":[5.553398,9.521901,6.7402616,10.98676],"rotation":0,"texture":"#3","tintindex":0},"west":{"uv":[5.553398,9.521901,6.7402616,10.98676],"rotation":0,"texture":"#3","tintindex":0},"up":{"uv":[2.881542,6.921901,7.6396627,8.425083],"rotation":0,"texture":"#3","tintindex":0}}},{"from":[5.817137,8.845709,1.1314225],"to":[12.92572,10.068577,2.3542914],"rotation":{"angle":0.0,"axis":"y","origin":[7.9428573,8.0,8.0]},"faces":{"south":{"uv":[2.881542,6.921901,9.221699,8.407119],"rotation":0,"texture":"#3","tintindex":0},"north":{"uv":[2.905494,6.921901,9.221699,8.407119],"rotation":0,"texture":"#3","tintindex":0},"down":{"uv":[2.881542,6.921901,9.221699,8.407119],"rotation":0,"texture":"#3","tintindex":0},"east":{"uv":[5.501901,9.466811,6.745052,11.029874],"rotation":0,"texture":"#3","tintindex":0},"west":{"uv":[5.5167866,9.472407,6.720232,10.99876],"rotation":180,"texture":"#3","tintindex":0},"up":{"uv":[2.881542,6.921901,9.221699,8.407119],"rotation":0,"texture":"#3","tintindex":0}}},{"from":[0.50285625,8.845715,1.1428566],"to":[5.8971424,10.068571,2.365714],"rotation":{"angle":0.0,"axis":"y","origin":[8.0,8.0,8.0]},"faces":{"south":{"uv":[2.881542,6.921901,9.221699,8.407119],"rotation":0,"texture":"#3","tintindex":0},"north":{"uv":[2.905494,6.921901,9.221699,8.407119],"rotation":0,"texture":"#3","tintindex":0},"down":{"uv":[2.881542,6.921901,9.221699,8.407119],"rotation":0,"texture":"#3","tintindex":0},"east":{"uv":[5.501901,9.466811,6.745052,11.029874],"rotation":0,"texture":"#3","tintindex":0},"west":{"uv":[5.5167866,9.472407,6.720232,10.99876],"rotation":180,"texture":"#3","tintindex":0},"up":{"uv":[2.881542,6.921901,9.221699,8.407119],"rotation":0,"texture":"#3","tintindex":0}}},{"from":[12.902857,8.845715,7.302857],"to":[16.697716,10.068571,8.525714],"rotation":{"angle":0.0,"axis":"y","origin":[8.0,8.0,8.0]},"faces":{"south":{"uv":[2.8911228,6.8943563,5.438465,8.44185],"rotation":0,"texture":"#3","tintindex":0},"north":{"uv":[2.8911228,6.8943563,5.438465,8.369993],"rotation":0,"texture":"#3","tintindex":0},"down":{"uv":[2.8911228,6.8943563,5.438465,8.369993],"rotation":0,"texture":"#3","tintindex":0},"east":{"uv":[5.553398,9.521901,6.7402616,10.98676],"rotation":0,"texture":"#3","tintindex":0},"west":{"uv":[5.5191817,9.527497,6.713046,10.990377],"rotation":180,"texture":"#3","tintindex":0},"up":{"uv":[2.8911228,6.8943563,5.4648123,8.369993],"rotation":0,"texture":"#3","tintindex":0}}},{"from":[18.102858,8.845715,7.302857],"to":[19.44,10.068571,8.525714],"rotation":{"angle":0.0,"axis":"y","origin":[8.0,8.0,8.0]},"faces":{"south":{"uv":[2.8911228,6.8943563,4.245651,8.369993],"rotation":0,"texture":"#3","tintindex":0},"north":{"uv":[2.8911228,6.8943563,4.245651,8.369993],"rotation":0,"texture":"#3","tintindex":0},"down":{"uv":[2.8911228,6.8943563,4.245651,8.369993],"rotation":0,"texture":"#3","tintindex":0},"east":{"uv":[5.553398,9.521901,6.7402616,10.98676],"rotation":0,"texture":"#3","tintindex":0},"west":{"uv":[5.5191817,9.527497,6.713046,10.990377],"rotation":180,"texture":"#3","tintindex":0},"up":{"uv":[2.8911228,6.8943563,4.245651,8.369993],"rotation":0,"texture":"#3","tintindex":0}}},{"from":[12.902857,8.845715,1.188571],"to":[16.697144,10.069143,2.4114285],"rotation":{"angle":0.0,"axis":"y","origin":[8.0,8.0,8.0]},"faces":{"south":{"uv":[2.8911228,6.8943563,5.438465,8.369993],"rotation":0,"texture":"#3","tintindex":0},"north":{"uv":[2.8911228,6.8943563,5.438465,8.429873],"rotation":0,"texture":"#3","tintindex":0},"down":{"uv":[2.8911228,6.8943563,5.438465,8.369993],"rotation":0,"texture":"#3","tintindex":0},"east":{"uv":[5.553398,9.521901,6.7402616,10.98676],"rotation":0,"texture":"#3","tintindex":0},"west":{"uv":[5.5191817,9.527497,6.713046,10.990377],"rotation":180,"texture":"#3","tintindex":0},"up":{"uv":[2.8911228,6.8943563,5.4648123,8.369993],"rotation":0,"texture":"#3","tintindex":0}}},{"from":[18.102858,8.845715,1.188571],"to":[19.44,10.068571,2.4114285],"rotation":{"angle":0.0,"axis":"y","origin":[8.0,8.0,8.0]},"faces":{"south":{"uv":[2.8911228,6.8943563,4.245651,8.369993],"rotation":0,"texture":"#3","tintindex":0},"north":{"uv":[2.8911228,6.8943563,4.245651,8.369993],"rotation":0,"texture":"#3","tintindex":0},"down":{"uv":[2.8911228,6.8943563,4.245651,8.369993],"rotation":0,"texture":"#3","tintindex":0},"east":{"uv":[5.553398,9.521901,6.7402616,10.98676],"rotation":0,"texture":"#3","tintindex":0},"west":{"uv":[5.5191817,9.527497,6.713046,10.990377],"rotation":180,"texture":"#3","tintindex":0},"up":{"uv":[2.8911228,6.8943563,4.245651,8.369993],"rotation":0,"texture":"#3","tintindex":0}}},{"from":[-1.9542866,8.845715,7.302857],"to":[-0.61714363,10.068571,8.525714],"rotation":{"angle":0.0,"axis":"y","origin":[8.0,8.0,8.0]},"faces":{"south":{"uv":[2.8911228,6.8943563,4.245651,8.369993],"rotation":0,"texture":"#3","tintindex":0},"north":{"uv":[2.8911228,6.8943563,4.245651,8.369993],"rotation":0,"texture":"#3","tintindex":0},"down":{"uv":[2.8911228,6.8943563,4.245651,8.369993],"rotation":0,"texture":"#3","tintindex":0},"east":{"uv":[5.553398,9.521901,6.7402616,10.98676],"rotation":0,"texture":"#3","tintindex":0},"west":{"uv":[5.5191817,9.527497,6.713046,10.990377],"rotation":180,"texture":"#3","tintindex":0},"up":{"uv":[2.8911228,6.8943563,4.245651,8.369993],"rotation":0,"texture":"#3","tintindex":0}}},{"from":[-1.9542866,8.845715,1.1314278],"to":[-0.61714363,10.068571,2.3542857],"rotation":{"angle":0.0,"axis":"y","origin":[8.0,8.0,8.0]},"faces":{"south":{"uv":[2.8911228,6.8943563,4.245651,8.369993],"rotation":0,"texture":"#3","tintindex":0},"north":{"uv":[2.8911228,6.8943563,4.245651,8.369993],"rotation":0,"texture":"#3","tintindex":0},"down":{"uv":[2.8911228,6.8943563,4.245651,8.369993],"rotation":0,"texture":"#3","tintindex":0},"east":{"uv":[5.553398,9.521901,6.7402616,10.98676],"rotation":0,"texture":"#3","tintindex":0},"west":{"uv":[5.5191817,9.527497,6.713046,10.990377],"rotation":180,"texture":"#3","tintindex":0},"up":{"uv":[2.8911228,6.8943563,4.245651,8.369993],"rotation":0,"texture":"#3","tintindex":0}}},{"from":[5.6457143,8.845715,7.302857],"to":[12.982858,10.068571,8.525714],