{"elements":[{"from":[7.3790474,8.826667,9.712381],"to":[8.544762,9.935238,13.56381],"rotation":{"angle":0.0,"axis":"y","origin":[7.9619045,9.380953,11.638096]},"faces":{"south":{"uv":[5.5108204,9.4733715,6.730787,11.010691],"rotation":270,"texture":"#5","tintindex":0},"north":{"uv":[5.5114717,9.473997,6.730386,11.011022],"rotation":270,"texture":"#5","tintindex":0},"down":{"uv":[2.910432,6.8982353,6.7652225,8.39253],"rotation":270,"texture":"#5","tintindex":0},"east":{"uv":[2.9126868,6.9111238,6.7735853,8.394114],"rotation":0,"texture":"#5","tintindex":0},"west":{"uv":[2.910589,6.893905,6.763614,8.389015],"rotation":180,"texture":"#5","tintindex":0},"up":{"uv":[2.931551,6.8968873,6.7669387,8.391114],"rotation":270,"texture":"#5","tintindex":0}}},{"from":[4.293333,8.826667,2.340952],"to":[5.5161905,10.106667,13.678096],"rotation":{"angle":0.0,"axis":"y","origin":[4.904762,9.466667,8.009523]},"faces":{"south":{"uv":[5.5108204,9.4733715,6.730787,11.010691],"rotation":270,"texture":"#5","tintindex":0},"north":{"uv":[5.5114717,9.473997,6.730386,11.011022],"rotation":270,"texture":"#5","tintindex":0},"down":{"uv":[2.910432,6.8982353,9.190372,8.39253],"rotation":270,"texture":"#5","tintindex":0},"east":{"uv":[2.9126868,6.9111238,9.198735,8.394114],"rotation":0,"texture":"#5","tintindex":0},"west":{"uv":[2.910589,6.893905,9.188765,8.389015],"rotation":180,"texture":"#5","tintindex":0},"up":{"uv":[2.931551,6.8968873,9.192088,8.391114],"rotation":270,"texture":"#5","tintindex":0}}},{"from":[10.464762,8.798096,2.3123803],"to":[11.687619,10.078095,13.706667],"rotation":{"angle":0.0,"axis":"y","origin":[11.076191,9.438095,8.009523]},"faces":{"south":{"uv":[5.5108204,9.4733715,6.730787,11.010691],"rotation":270,"texture":"#5","tintindex":0},"north":{"uv":[5.5114717,9.473997,6.730386,11.011022],"rotation":270,"texture":"#5","tintindex":0},"down":{"uv":[2.910432,6.8982353,9.190372,8.39253],"rotation":270,"texture":"#5","tintindex":0},"east":{"uv":[2.9126868,6.9111238,9.198735,8.394114],"rotation":0,"texture":"#5","tintindex":0},"west":{"uv":[2.910589,6.893905,9.188765,8.389015],"rotation":180,"texture":"#5","tintindex":0},"up":{"uv":[2.931551,6.8968873,9.192088,8.391114],"rotation":270,"texture":"#5","tintindex":0}}}],"textures":{"5":"modelengine:entity/madera"},"display":{"head":{"translation":[0.0,-6.4,0.0],"scale":[4.0,4.0,4.0]}}}