{"elements":[{"from":[4.217143,7.4457145,3.8885713],"to":[5.4399996,8.725715,12.540001],"rotation":{"angle":0.0,"axis":"y","origin":[12.765722,11.857143,4.651948]},"faces":{"south":{"uv":[5.5047965,9.482894,6.7506466,11.02255],"rotation":270,"texture":"#6","tintindex":0},"north":{"uv":[5.5064955,9.484212,6.7496,11.023249],"rotation":270,"texture":"#6","tintindex":0},"down":{"uv":[2.8756583,6.894715,9.199878,8.421742],"rotation":270,"texture":"#6","tintindex":0},"east":{"uv":[2.881542,6.921901,9.221699,8.425083],"rotation":0,"texture":"#6","tintindex":0},"west":{"uv":[2.8760679,6.8855805,9.195681,8.41433],"rotation":180,"texture":"#6","tintindex":0},"up":{"uv":[2.8828614,6.891872,9.204355,8.4187565],"rotation":270,"texture":"#6","tintindex":0}}},{"from":[10.388572,7.274286,3.8314285],"to":[11.611429,8.554286,12.540001],"rotation":{"angle":0.0,"axis":"y","origin":[18.937153,11.857143,4.594805]},"faces":{"south":{"uv":[5.5047965,9.482894,6.7506466,11.02255],"rotation":270,"texture":"#6","tintindex":0},"north":{"uv":[5.5064955,9.484212,6.7496,11.023249],"rotation":270,"texture":"#6","tintindex":0},"down":{"uv":[2.8756583,6.894715,9.199878,8.421742],"rotation":270,"texture":"#6","tintindex":0},"east":{"uv":[2.881542,6.921901,9.221699,8.425083],"rotation":0,"texture":"#6","tintindex":0},"west":{"uv":[2.8760679,6.8855805,9.195681,8.41433],"rotation":180,"texture":"#6","tintindex":0},"up":{"uv":[2.9307656,6.891872,9.204355,8.4187565],"rotation":270,"texture":"#6","tintindex":0}}}],"textures":{"6":"modelengine:entity/captura de pantalla (1337)"},"display":{"head":{"translation":[0.0,-6.4,0.0],"scale":[4.0,4.0,4.0]}}}